bin,referenceLeft_m,referenceRight_m,direction,samples,acquisition,signalEnergy,noiseEnergy,gate
1,0,0.01,1,212,2,126.213196388115,0.0328724891776121,0.999739615740356
2,0.01,0.02,1,133,2,22.1447103014416,0.00448372261463319,0.999797567233834
3,0.02,0.03,1,134,2,47.5298463019673,0.00320147669142574,0.999932647350821
4,0.03,0.04,1,133,2,21.5552752130097,0.00236583796941249,0.999890255248066
5,0.04,0.05,1,133,2,51.3746850777098,0.00218622733589836,0.999957447246585
6,0.05,0.06,1,133,2,23.4228048294104,0.0013946120103317,0.999940462767412
7,0.06,0.07,1,134,2,48.4392108685005,0.00151555256154111,0.999968713256932
8,0.07,0.08,1,133,2,34.9947493604813,0.00193267300398699,0.999944775536088
9,0.08,0.09,1,134,2,36.6048573127237,0.00103405120384169,0.999971751781877
10,0.09,0.1,1,133,2,45.0794129417436,0.000911340579178869,0.999979784072238
11,0.1,0.11,1,133,2,27.9789496639957,0.00122985414412655,0.999956045523463
12,0.11,0.12,1,134,2,51.9949992447955,0.00161720399431296,0.999968897899426
13,0.12,0.13,1,133,2,23.2585137541636,0.00109124274699947,0.99995308420985
14,0.13,0.14,1,133,2,53.8385149320264,0.00126497185031701,0.999976504884445
15,0.14,0.15,1,134,2,26.9228528172454,0.00111799530155485,0.999958475838897
16,0.15,0.16,1,133,2,46.8653166911697,0.000563902043646947,0.999987967748893
17,0.16,0.17,1,133,2,28.6911342075418,0.000960286996671532,0.999966531303706
18,0.17,0.18,1,134,2,28.4536310164421,0.00148319269729529,0.999947876058891
19,0.18,0.19,1,133,2,52.2897962951292,0.0014353964604838,0.999972549958874
20,0.19,0.2,1,133,2,32.8066431204509,0.000770962879813854,0.999976500345993
21,0.2,0.21,1,134,2,96.005651280715,0.00110294898602502,0.999988511756336
22,0.21,0.22,1,133,2,30.0789170611433,0.00100105996630595,0.999966719990318
23,0.22,0.23,1,133,2,64.8560030305174,0.00138685770644966,0.999978616812844
24,0.23,0.24,1,133,2,24.6171876655202,0.00137733309012483,0.999944053071728
25,0.24,0.25,1,134,2,57.0337271861886,0.00111244926598633,0.999980495267926
26,0.25,0.26,1,133,2,30.2951206144246,0.00111751722854997,0.999963113663693
27,0.26,0.27,1,133,2,93.6530578704062,0.00113956562555157,0.999987832199125
28,0.27,0.28,1,134,2,30.1693763080713,0.00102820017061544,0.999965920239142
29,0.28,0.29,1,133,2,55.1919621298722,0.00119570906036586,0.999978335918668
30,0.29,0.3,1,134,2,32.1131506139921,0.00101339183925325,0.999968444084701
31,0.3,0.31,1,133,2,41.4383506025726,0.000884352576337507,0.999978659051566
32,0.31,0.32,1,133,2,40.2429111875966,0.000904126062978502,0.999977533788585
33,0.32,0.33,1,134,2,77.144212931265,0.00125276026914073,0.999983761064141
34,0.33,0.34,1,133,2,34.9582482178437,0.00123950487379787,0.99996454453556
35,0.34,0.35,1,133,2,51.4273459012111,0.00099842054720843,0.999980586181407
36,0.35,0.36,1,134,2,43.2343209601093,0.00120109565038284,0.999972219702845
37,0.36,0.37,1,133,2,43.5860985819175,0.000940192368543624,0.999978429542474
38,0.37,0.38,1,133,2,32.6560289696403,0.0011882963756782,0.99996361305478
39,0.38,0.39,1,134,2,45.7767318382249,0.00123168007348216,0.999973094476494
40,0.39,0.4,1,133,2,30.4494819002557,0.000578409883620632,0.999981004639146
41,0.4,0.41,1,133,2,45.3667147735997,0.000588412903085983,0.999987030022466
42,0.41,0.42,1,134,2,27.4415840950206,0.000381270964466722,0.999986106280677
43,0.42,0.43,1,133,2,46.1990767003287,0.000906053941971265,0.999980388435494
44,0.43,0.44,1,133,2,33.1303712886053,0.000857963655061593,0.999974104080216
45,0.44,0.45,1,134,2,39.180255765213,0.000936260890899991,0.99997610432857
46,0.45,0.46,1,133,2,37.9844742992525,0.000782755975658654,0.999979393163655
47,0.46,0.47,1,133,2,32.9072242071332,0.000676812517416663,0.999979433130147
48,0.47,0.48,1,134,2,41.0264269661018,0.00106569708588311,0.999974024805887
49,0.48,0.49,1,133,2,28.2488942051656,0.000884031002461285,0.999968706621515
50,0.49,0.5,1,133,2,45.5796799502531,0.0015669285417278,0.999965623394509
51,0.5,0.51,1,134,2,29.9859875491189,0.00108426981863933,0.999963842090845
52,0.51,0.52,1,133,2,42.3717393366142,0.000606698110511892,0.999985681743701
53,0.52,0.53,1,133,2,26.5306589876012,0.00112148871759393,0.999957730363456
54,0.53,0.54,1,134,2,32.8266359222407,0.00101072059867456,0.99996921129895
55,0.54,0.55,1,133,2,54.1486326628072,0.00188266789987972,0.999965232687291
56,0.55,0.56,1,133,2,28.0210514692776,0.00108260349223697,0.999961366129738
57,0.56,0.57,1,134,2,113.352655825404,0.00113104195034185,0.999990022018835
58,0.57,0.58,1,133,2,20.5822951284792,0.000948101605195435,0.999953938181918
59,0.58,0.59,1,133,2,88.7146694387044,0.000629946148424064,0.999992899238882
60,0.59,0.6,1,134,2,31.7173241531771,0.00119366668384579,0.999962366883263
61,0.6,0.61,1,133,2,72.6960931145911,0.000715374935524212,0.999990159472604
62,0.61,0.62,1,133,2,43.915000536687,0.00143233978891636,0.999967384878618
63,0.62,0.63,1,134,2,98.9906549076443,0.00063158965206416,0.999993619744986
64,0.63,0.64,1,133,2,51.732380441821,0.000782317264675064,0.999984877838065
65,0.64,0.65,1,133,2,62.8441190889148,0.00106461444059511,0.999983059729038
66,0.65,0.66,1,134,2,72.1693209582803,0.000980423077522731,0.999986415145028
67,0.66,0.67,1,133,2,31.1861383611629,0.000636818095232692,0.999979580508354
68,0.67,0.68,1,133,2,64.1183418998728,0.000780086117158309,0.999987833799138
69,0.68,0.69,1,133,2,58.0240648102355,0.00065581802835725,0.999988697609894
70,0.69,0.7,1,134,2,42.511978844595,0.000718931325553004,0.999983089021324
71,0.7,0.71,1,133,2,41.2393231461018,0.000941155992003347,0.999977178710953
72,0.71,0.72,1,134,2,47.9205030046553,0.00120733681060739,0.999974806057588
73,0.72,0.73,1,133,2,37.4278857404847,0.000446568234418405,0.999988068711405
74,0.73,0.74,1,133,2,37.7792174371173,0.000517154993788029,0.999986311312153
75,0.74,0.75,1,134,2,37.9454388356282,0.000712619670579937,0.999981220238595
76,0.75,0.76,1,133,2,36.4753756065513,0.000544438198852886,0.999985074037936
77,0.76,0.77,1,133,2,40.394500440258,0.00069878616973031,0.999982701257003
78,0.77,0.78,1,134,2,31.3371908046995,0.000757762148685088,0.999975819663273
79,0.78,0.79,1,133,2,42.7437256421905,0.000760433132257286,0.999982209795881
80,0.79,0.8,1,133,2,32.2112922937721,0.000809953167080209,0.999974855625353
81,0.8,0.81,1,134,2,40.8959501959783,0.000980424997254371,0.999976026929592
82,0.81,0.82,1,133,2,31.8297541285122,0.00087472171559175,0.999972519496247
83,0.82,0.83,1,133,2,38.4494280135333,0.000666618902763774,0.99998266275001
84,0.83,0.84,1,134,2,34.1772383063121,0.000865620800931078,0.999974673235157
85,0.84,0.85,1,133,2,35.6683613147397,0.00103138448616308,0.999971084887964
86,0.85,0.86,1,133,2,40.4730376147466,0.000983907507537332,0.99997569039422
87,0.86,0.87,1,134,2,34.2423544360077,0.000654455720173726,0.99998088790263
88,0.87,0.88,1,133,2,41.1323325888349,0.00078874271307876,0.999980824632619
89,0.88,0.89,1,133,2,25.6650380690999,0.000422278893312354,0.999983546802294
90,0.89,0.9,1,134,2,32.4288179697809,0.000745464587412977,0.999977012808423
91,0.9,0.91,1,133,2,44.1651452234413,0.000576735832774935,0.999986941550886
92,0.91,0.92,1,133,2,45.9853891622516,0.000675323465198644,0.999985314606224
93,0.92,0.93,1,134,2,77.8293456321203,0.000966693625924654,0.999987579471326
94,0.93,0.94,1,133,2,43.6918132196467,0.000813770729182614,0.999981375101814
95,0.94,0.95,1,133,2,55.4408865926046,0.000865159326869098,0.999984395166106
96,0.95,0.96,1,134,2,39.6168011702776,0.000833865803306221,0.999978952155964
97,0.96,0.97,1,133,2,74.0382525200823,0.000822917560511047,0.999988885361471
98,0.97,0.98,1,133,2,41.300313390182,0.00154744970043995,0.999962533172381
99,0.98,0.99,1,134,2,129.783409446681,0.00102109620081679,0.999992132367522
100,0.99,1,1,133,2,29.771437597652,0.000871196591468839,0.999970738023796
101,1,1.01,1,133,2,90.038298546583,0.000943842337557724,0.999989517433593
102,1.01,1.02,1,134,2,16.8555728285419,0.000776732596290888,0.999953920474094
103,1.02,1.03,1,133,2,70.7172187184414,0.000542781163346167,0.999992324684042
104,1.03,1.04,1,133,2,25.1205333507803,0.000627780651890436,0.999975009887138
105,1.04,1.05,1,133,2,97.554441447308,0.000523440160869873,0.999994634407777
106,1.05,1.06,1,134,2,25.710583095035,0.000750049108269267,0.999970828073983
107,1.06,1.07,1,133,2,56.927230874851,0.0011888297386076,0.999979117113302
108,1.07,1.08,1,134,2,43.0957917275831,0.000654022248198076,0.999984824218406
109,1.08,1.09,1,133,2,43.5947663074828,0.000889906606821307,0.999979587264326
110,1.09,1.1,1,133,2,31.9069029375536,0.000566788253191116,0.999982236502673
111,1.1,1.11,1,133,2,42.6714139374102,0.000439890006610573,0.999989691331237
112,1.11,1.12,1,134,2,31.4783342516739,0.000661703080607106,0.999978979536655
113,1.12,1.13,1,133,2,42.0754057964285,0.000779211887084531,0.999981480928299
114,1.13,1.14,1,134,2,30.2989112384757,0.000628099686823406,0.999979270322238
115,1.14,1.15,1,133,2,40.9570721093099,0.000753183244278723,0.999981610760852
116,1.15,1.16,1,133,2,34.2025211373952,0.000689609681625978,0.999979837867073
117,1.16,1.17,1,134,2,35.5149690722196,0.000960102476512342,0.999972966989776
118,1.17,1.18,1,133,2,37.3076533909898,0.000537471938521456,0.999985593728184
119,1.18,1.19,1,133,2,30.7406317614796,0.000584551511384425,0.999980984763081
120,1.19,1.2,1,133,2,37.5263139130037,0.000676986083637619,0.999981960022176
121,1.2,1.21,1,134,2,29.6875156934894,0.000999290249815791,0.999966340847619
122,1.21,1.22,1,133,2,41.847991110265,0.000721017440412653,0.999982770857124
123,1.22,1.23,1,133,2,30.9114796501635,0.000940000565401171,0.999969591491833
124,1.23,1.24,1,134,2,36.9533253430983,0.00082169685306837,0.999977764421076
125,1.24,1.25,1,211,2,11.7268211816719,0.00194560691295768,0.999834116668186
126,0,0.01,-1,212,2,6.8585835125908,0.00113020034888691,0.999835240886693
127,0.01,0.02,-1,133,2,42.7949881312619,0.000688913831090003,0.999983902256521
128,0.02,0.03,-1,133,2,22.8247355050149,0.000399417817420142,0.999982500965766
129,0.03,0.04,-1,133,2,50.8203833682706,0.000452691617427886,0.999991092401217
130,0.04,0.05,-1,134,2,20.0153176081354,0.000615428216948334,0.999969253083739
131,0.05,0.06,-1,133,2,52.2566791565103,0.000816431483277503,0.999984376758318
132,0.06,0.07,-1,133,2,24.0016966704054,0.00031558027613141,0.999986851924212
133,0.07,0.08,-1,134,2,45.0470795588615,0.000678766901776154,0.999984932282382
134,0.08,0.09,-1,133,2,35.9794031055003,0.000515525197009078,0.999985671863177
135,0.09,0.1,-1,134,2,38.5646482441222,0.000794187804902251,0.999979406749805
136,0.1,0.11,-1,133,2,42.8467564898043,0.000775371609135899,0.999981903937626
137,0.11,0.12,-1,133,2,27.3462115203939,0.000419784497284023,0.999984649498777
138,0.12,0.13,-1,134,2,52.4435769715212,0.000753858287511846,0.99998562555236
139,0.13,0.14,-1,133,2,22.6620385114413,0.000975108473993559,0.999956973574197
140,0.14,0.15,-1,133,2,51.1603927184034,0.000791724163973855,0.9999845249055
141,0.15,0.16,-1,134,2,27.5247149890307,0.000471844691813959,0.999982857711569
142,0.16,0.17,-1,133,2,50.4312584250308,0.000850379527114655,0.999983138132684
143,0.17,0.18,-1,133,2,34.5768172152863,0.000827771713513979,0.999976060494755
144,0.18,0.19,-1,133,2,54.2450022217615,0.000775731812622328,0.999985699683148
145,0.19,0.2,-1,134,2,27.2224638329226,0.000719454312955684,0.99997357199908
146,0.2,0.21,-1,133,2,83.3362205960268,0.000548600341074587,0.999993417067324
147,0.21,0.22,-1,134,2,33.5268424356431,0.000472328446341728,0.999985912130164
148,0.22,0.23,-1,133,2,50.389931672742,0.000609303424542324,0.999987908376994
149,0.23,0.24,-1,133,2,25.7203882713715,0.000645706595022277,0.999974895776135
150,0.24,0.25,-1,134,2,54.8729333054112,0.000702761780488149,0.99998719308887
151,0.25,0.26,-1,133,2,26.5497005593776,0.000749986732725032,0.999971752391492
152,0.26,0.27,-1,133,2,93.2931683532916,0.000500029997882291,0.999994640257945
153,0.27,0.28,-1,134,2,32.1422163019001,0.000534022452685626,0.999983385912926
154,0.28,0.29,-1,133,2,56.1131587522979,0.000510717860540761,0.999990898512513
155,0.29,0.3,-1,133,2,24.0908939725392,0.00045575534232789,0.999981082199732
156,0.3,0.31,-1,134,2,61.0700921348246,0.000757669354353646,0.9999875936006
157,0.31,0.32,-1,133,2,25.4407228422448,0.000885423234398807,0.999965197827702
158,0.32,0.33,-1,133,2,87.2631484030577,0.000536253755164623,0.999993854788996
159,0.33,0.34,-1,133,2,33.1844369811373,0.000457897027923062,0.999986201642958
160,0.34,0.35,-1,134,2,50.5175712180735,0.000406573275506563,0.999991951909136
161,0.35,0.36,-1,133,2,27.0150991068368,0.000635041078675917,0.999976493658281
162,0.36,0.37,-1,134,2,29.3115548478833,0.000959912125933006,0.999967252481277
163,0.37,0.38,-1,133,2,42.3491685293765,0.00113661937256428,0.999973161483286
164,0.38,0.39,-1,133,2,30.4240621225815,0.000314509626854748,0.999989662577786
165,0.39,0.4,-1,134,2,46.1072500459239,0.00104008528455903,0.999977442553571
166,0.4,0.41,-1,133,2,26.9990198226396,0.000615511862246518,0.999977202956461
167,0.41,0.42,-1,133,2,47.7633166361334,0.000492850621281909,0.999989681505169
168,0.42,0.43,-1,134,2,29.1154649525554,0.000334141295541603,0.999988523712007
169,0.43,0.44,-1,133,2,40.7499794748264,0.00050082488821425,0.999987709963551
170,0.44,0.45,-1,133,2,33.6533535421654,0.000545739990848816,0.999983783751586
171,0.45,0.46,-1,133,2,39.3727413663548,0.000660412969318973,0.999983226926314
172,0.46,0.47,-1,134,2,36.9512094268061,0.00064718464643852,0.999982485733985
173,0.47,0.48,-1,133,2,31.4876018875645,0.000304519427786892,0.999990329003655
174,0.48,0.49,-1,133,2,43.3003183845076,0.000596553114268269,0.999986223082927
175,0.49,0.5,-1,134,2,27.7050410516589,0.000584209115677936,0.99997891370037
176,0.5,0.51,-1,133,2,42.1044690459291,0.000447278066300418,0.999989377058421
177,0.51,0.52,-1,134,2,31.0699012288663,0.000455832185126393,0.999985329032935
178,0.52,0.53,-1,133,2,45.1431907495201,0.000453534410377992,0.999989953526846
179,0.53,0.54,-1,133,2,39.361280600279,0.000494604247884676,0.999987434401896
180,0.54,0.55,-1,134,2,41.7599452192273,0.000496131672832434,0.99998811957784
181,0.55,0.56,-1,133,2,43.4658942886916,0.000547622872342169,0.999987401249142
182,0.56,0.57,-1,133,2,49.9825638400185,0.000566885106760346,0.999988658471398
183,0.57,0.58,-1,134,2,70.0601399416067,0.000589285535278352,0.999991588932319
184,0.58,0.59,-1,133,2,19.4574225029321,0.000572619481255869,0.999970571506589
185,0.59,0.6,-1,133,2,80.1506914386847,0.000409744443988844,0.999994887850099
186,0.6,0.61,-1,133,2,34.695197480581,0.00147027636193721,0.999957624853999
187,0.61,0.62,-1,134,2,69.1472482280762,0.000674017031947071,0.999990252533843
188,0.62,0.63,-1,133,2,67.5860528827615,0.00163420045681739,0.999975821032982
189,0.63,0.64,-1,133,2,70.4317224113383,0.000663209914951711,0.999990583736315
190,0.64,0.65,-1,134,2,50.1433724751988,0.00106355086100599,0.999978790251815
191,0.65,0.66,-1,133,2,53.6043084051628,0.000624182956347594,0.999988355867152
192,0.66,0.67,-1,134,2,76.2342008337153,0.000780002136792911,0.999989768448444
193,0.67,0.68,-1,133,2,35.2611430745543,0.000459320295292307,0.999986973924493
194,0.68,0.69,-1,133,2,93.5860120027817,0.000486116378620853,0.999994805699664
195,0.69,0.7,-1,134,2,32.8345424963259,0.000478467536312797,0.999985428133674
196,0.7,0.71,-1,133,2,46.4357871102298,0.000643713191046384,0.999986137754784
197,0.71,0.72,-1,133,2,28.7555828889089,0.000509682898259193,0.999982275655255
198,0.72,0.73,-1,134,2,28.0410010606092,0.000462774721217679,0.999983496770214
199,0.73,0.74,-1,133,2,36.9774993674279,0.000588204157573515,0.999984093169869
200,0.74,0.75,-1,133,2,32.8633665378606,0.000389285201773489,0.999988154573571
201,0.75,0.76,-1,133,2,36.5265553595536,0.000247859067697631,0.999993214323569
202,0.76,0.77,-1,134,2,32.2597004698391,0.000393709495459742,0.999987795773525
203,0.77,0.78,-1,133,2,38.8174123959714,0.000642502574956424,0.999983448357301
204,0.78,0.79,-1,134,2,34.1421106595163,0.000719247656581432,0.99997893415225
205,0.79,0.8,-1,133,2,35.2238021378651,0.000656834385364341,0.999981352889312
206,0.8,0.81,-1,133,2,33.7585281917451,0.000549448627381412,0.999983724418267
207,0.81,0.82,-1,134,2,37.0627021152295,0.000524896481766263,0.999985837809492
208,0.82,0.83,-1,133,2,33.5149787597744,0.00047917605047837,0.999985702834453
209,0.83,0.84,-1,133,2,35.4996264958151,0.000372237972652139,0.999989514422931
210,0.84,0.85,-1,134,2,36.4203135996034,0.000706465671319844,0.999980602803819
211,0.85,0.86,-1,133,2,33.0438899683985,0.0010377894267023,0.999968594592359
212,0.86,0.87,-1,133,2,33.9087456120765,0.000745770936868665,0.999978007014955
213,0.87,0.88,-1,134,2,35.8218535486871,0.000785440381318684,0.999978074189856
214,0.88,0.89,-1,133,2,41.2209559296119,0.000523042178856659,0.999987311416477
215,0.89,0.9,-1,133,2,39.6400131823379,0.000511283371775227,0.999987102002845
216,0.9,0.91,-1,134,2,56.1217813701696,0.000531829948559005,0.999990523734354
217,0.91,0.92,-1,133,2,22.6087652659718,0.000651547945554001,0.999971182452386
218,0.92,0.93,-1,133,2,101.111000927272,0.000715851520077071,0.99999292019221
219,0.93,0.94,-1,134,2,20.7899518115037,0.000499502992506463,0.999975974403588
220,0.94,0.95,-1,133,2,78.0549366561724,0.000817231329722856,0.999989530159034
221,0.95,0.96,-1,133,2,12.372095837127,0.000692287542266204,0.999944047571551
222,0.96,0.97,-1,134,2,88.4741913227607,0.00075791502493461,0.999991433563608
223,0.97,0.98,-1,133,2,25.777434051386,0.000495479456339329,0.999980778927348
224,0.98,0.99,-1,133,2,127.604442295118,0.000412443893959796,0.999996767804056
225,0.99,1,-1,134,2,36.6551290898617,0.000453775496078051,0.999987620562528
226,1,1.01,-1,133,2,72.8349148984274,0.000532759806027126,0.999992685432394
227,1.01,1.02,-1,133,2,30.5576851405379,0.0010045202840769,0.999967128162391
228,1.02,1.03,-1,134,2,58.4590225560048,0.000467994799028012,0.999991994545375
229,1.03,1.04,-1,133,2,36.1168757829918,0.000797854115718025,0.999977909592857
230,1.04,1.05,-1,133,2,78.8200267184702,0.000539460056760187,0.999993155846464
231,1.05,1.06,-1,134,2,38.3222070356908,0.000591009913238894,0.999984578111637
232,1.06,1.07,-1,133,2,42.9762985641575,0.00059985174033646,0.999986042460893
233,1.07,1.08,-1,133,2,24.2767019680312,0.000981941727079204,0.99995955373129
234,1.08,1.09,-1,134,2,24.9991908711713,0.000603194034132986,0.999975872039883
235,1.09,1.1,-1,133,2,42.4830010381296,0.000814726188369814,0.999980822669205
236,1.1,1.11,-1,133,2,27.5557318892312,0.000454499931096892,0.999983506428478
237,1.11,1.12,-1,134,2,41.1910025696536,0.00075077652996659,0.999981773620471
238,1.12,1.13,-1,133,2,28.1927005200346,0.000943431710266683,0.999966537432626
239,1.13,1.14,-1,133,2,42.2775488887742,0.000900602085306171,0.999978698318028
240,1.14,1.15,-1,134,2,32.2866714163851,0.000723688531300848,0.999977586035388
241,1.15,1.16,-1,133,2,34.1845297138046,0.000992376396158437,0.999970970857384
242,1.16,1.17,-1,133,2,35.3385233988923,0.000341675346531948,0.999990331456717
243,1.17,1.18,-1,134,2,31.3876820511648,0.000694887236555785,0.999977861638468
244,1.18,1.19,-1,133,2,36.2330088934264,0.000515445727293758,0.999985774341947
245,1.19,1.2,-1,133,2,27.9585270865927,0.000806197872277547,0.999971165339886
246,1.2,1.21,-1,134,2,39.4512757331364,0.00109950685803576,0.9999721307817
247,1.21,1.22,-1,133,2,26.5713512009958,0.00073984015083563,0.999972157247629
248,1.22,1.23,-1,133,2,32.422929159239,0.000654564201976356,0.999979812095802
249,1.23,1.24,-1,134,2,29.1854078749757,0.000954338237588615,0.999967301912084
250,1.24,1.25,-1,211,2,119.024405999259,0.00153270563965924,0.99998712292752
1,0,0.01,1,212,4,5.41164328417959,0.0167779830387012,0.996909233419296
2,0.01,0.02,1,133,4,1.07893811295773,0.0010475938225788,0.999029992882311
3,0.02,0.03,1,134,4,0.616758163964408,0.00097042268011688,0.998429046832059
4,0.03,0.04,1,133,4,1.54468066514601,0.000435092147589379,0.999718408057432
5,0.04,0.05,1,133,4,0.279705036336399,0.000313767137654324,0.998879478328735
6,0.05,0.06,1,133,4,1.83059285495385,0.000329006490916571,0.99982030555326
7,0.06,0.07,1,134,4,0.685854579695483,0.000241354082019748,0.999648221086677
8,0.07,0.08,1,133,4,1.38605458731281,0.000345515032944035,0.999750782597059
9,0.08,0.09,1,134,4,1.3503414748087,0.00031936224579885,0.999763551117322
10,0.09,0.1,1,133,4,0.677747381784795,0.000331993955728487,0.999510390718836
11,0.1,0.11,1,133,4,1.80090162597155,0.000256496281029896,0.999857593690492
12,0.11,0.12,1,134,4,0.271052566179044,0.000317035483839083,0.998831720716335
13,0.12,0.13,1,133,4,1.90390515871852,0.00044207480512298,0.999767860189917
14,0.13,0.14,1,133,4,0.319765742472433,0.000334304462400723,0.998955625075342
15,0.14,0.15,1,134,4,1.74287540541084,0.00039141651248359,0.999775469533659
16,0.15,0.16,1,133,4,0.784104180821833,0.000497912145768876,0.99936539533831
17,0.16,0.17,1,133,4,1.26572647696459,0.000412035013187157,0.99967457350891
18,0.17,0.18,1,134,4,1.07415219902779,0.000507964174946092,0.999527325760888
19,0.18,0.19,1,133,4,0.487591589857522,0.000384235754772851,0.999212592643722
20,0.19,0.2,1,133,4,2.38039769656267,0.000470992369718282,0.999802176251085
21,0.2,0.21,1,134,4,0.364299525978549,0.000350875169098995,0.999037776544343
22,0.21,0.22,1,133,4,3.81706572036858,0.000378295462110133,0.999900903468252
23,0.22,0.23,1,133,4,0.30280125435767,0.000313291475871862,0.998966425464636
24,0.23,0.24,1,133,4,2.76415547717357,0.000308153188792776,0.999888530568676
25,0.24,0.25,1,134,4,0.314940344666652,0.000302047210149502,0.999041857256725
26,0.25,0.26,1,133,4,2.0423627262643,0.00055953969260663,0.999726108182416
27,0.26,0.27,1,133,4,0.462451800953182,0.000343812705765545,0.999257096014702
28,0.27,0.28,1,134,4,3.41423893971393,0.00039743211879773,0.999883609241067
29,0.28,0.29,1,133,4,0.380759397131006,0.000504316389330552,0.998677250492385
30,0.29,0.3,1,134,4,2.00728797835029,0.000374090176492843,0.999813668753145
31,0.3,0.31,1,133,4,0.696343465900443,0.000502013153558062,0.99927959186269
32,0.31,0.32,1,133,4,1.07780312405891,0.000405520007650039,0.999623894679493
33,0.32,0.33,1,134,4,0.937276576792778,0.000409364343730882,0.999563431287842
34,0.33,0.34,1,133,4,2.34313667617528,0.000611239664639225,0.999739204177843
35,0.34,0.35,1,133,4,0.426163255381597,0.000419808298436512,0.999015881467926
36,0.35,0.36,1,134,4,1.69786157351259,0.000285855031362173,0.999831666540515
37,0.36,0.37,1,133,4,0.738860172333015,0.000496622337146033,0.999328304898628
38,0.37,0.38,1,133,4,1.12215981214601,0.000427491321427382,0.999619191024068
39,0.38,0.39,1,134,4,0.492600413120939,0.000305214398706514,0.999380785323466
40,0.39,0.4,1,133,4,1.41766106163681,0.000349322264630119,0.999753653239359
41,0.4,0.41,1,133,4,0.478918341807756,0.000454817144998622,0.999051225258435
42,0.41,0.42,1,134,4,1.39519381304041,0.000362013337255685,0.999740595588931
43,0.42,0.43,1,133,4,0.51153020032325,0.000329263688751403,0.999356730290438
44,0.43,0.44,1,133,4,1.35384713095732,0.000550630623333747,0.999593449842466
45,0.44,0.45,1,134,4,0.851149107936082,0.000290329776014516,0.999659013004149
46,0.45,0.46,1,133,4,0.876635343097606,0.000395152428039942,0.999549442773021
47,0.46,0.47,1,133,4,1.20535093389597,0.000306142339887792,0.999746078428168
48,0.47,0.48,1,134,4,0.543542607786869,0.000361242821711691,0.999335833307105
49,0.48,0.49,1,133,4,1.34088647805898,0.000299572511769095,0.99977663612618
50,0.49,0.5,1,133,4,0.406317443175609,0.000312463322886857,0.999231578106053
51,0.5,0.51,1,134,4,1.451188822298,0.000361524417158659,0.999750939112807
52,0.51,0.52,1,133,4,0.607378464130646,0.000440462712235759,0.999275338932725
53,0.52,0.53,1,133,4,1.1264406367484,0.000337036969032368,0.999700884232184
54,0.53,0.54,1,134,4,0.655922041575051,0.000401609416805632,0.999388092420258
55,0.54,0.55,1,133,4,0.796438257283935,0.000434922528157366,0.999454213619964
56,0.55,0.56,1,133,4,1.86079961153859,0.000646095158382299,0.999652906793866
57,0.56,0.57,1,134,4,0.389334774286849,0.000467506628035151,0.998800657022997
58,0.57,0.58,1,133,4,4.23364944876297,0.000814629943238776,0.999807619115879
59,0.58,0.59,1,133,4,0.838533250556775,0.000660124432271924,0.999213382216845
60,0.59,0.6,1,134,4,4.19066853129691,0.000545845441347187,0.999869764370829
61,0.6,0.61,1,133,4,2.28963296430987,0.000554885535617184,0.999757711780868
62,0.61,0.62,1,133,4,2.31854324429121,0.000646082356316298,0.999721418881636
63,0.62,0.63,1,134,4,1.7873000572152,0.000615586928211503,0.999655695764938
64,0.63,0.64,1,133,4,2.67254013508575,0.000798324872388327,0.999701375308684
65,0.64,0.65,1,133,4,2.97175681970004,0.000484244606639707,0.999837077613773
66,0.65,0.66,1,134,4,2.61651500677336,0.000349001382738171,0.999866633733488
67,0.66,0.67,1,133,4,4.60205342473672,0.000331214296636518,0.999928034199092
68,0.67,0.68,1,133,4,0.473419293708224,0.000299794869921679,0.999367146316984
69,0.68,0.69,1,133,4,2.77856245310742,0.000303195157219572,0.99989089247355
70,0.69,0.7,1,134,4,0.974191619748525,0.00039164853799012,0.999598137428853
71,0.7,0.71,1,133,4,0.998623000060415,0.000366315867408054,0.999633313528416
72,0.71,0.72,1,134,4,0.788588165451549,0.00031397411866729,0.999602011323181
73,0.72,0.73,1,133,4,1.56975510952949,0.000270891529149496,0.999827460482204
74,0.73,0.74,1,133,4,0.678560000007494,0.000257111955237717,0.999621235306673
75,0.74,0.75,1,134,4,0.889123770148713,0.000338234603314105,0.99961973125158
76,0.75,0.76,1,133,4,0.95230220761204,0.000480916665412083,0.999495250647122
77,0.76,0.77,1,133,4,0.707936192405176,0.000462098672296148,0.999347685224377
78,0.77,0.78,1,134,4,1.0762633017378,0.0005415858996378,0.999497043609427
79,0.78,0.79,1,133,4,0.536967224161508,0.000581602502399904,0.998918047117674
80,0.79,0.8,1,133,4,1.19732125733665,0.000580889064955143,0.999515078033126
81,0.8,0.81,1,134,4,0.625794825738438,0.000503108636934525,0.999196694401625
82,0.81,0.82,1,133,4,1.03402219270546,0.00056012093038367,0.999458601869565
83,0.82,0.83,1,133,4,0.767134612655096,0.00044988210936481,0.999413898909588
84,0.83,0.84,1,134,4,0.877480604467048,0.000361311704195852,0.999588409145724
85,0.84,0.85,1,133,4,0.88792926267732,0.000403655967724709,0.999545602826089
86,0.85,0.86,1,133,4,0.707718226699608,0.000481420534374996,0.999320219183594
87,0.86,0.87,1,134,4,1.13960346891759,0.000374266216586034,0.999671689889152
88,0.87,0.88,1,133,4,0.646670501007211,0.000337515994808167,0.999478343411613
89,0.88,0.89,1,133,4,1.11859050311792,0.000501879598744848,0.999551529787446
90,0.89,0.9,1,134,4,0.422849415379583,0.000343247588476219,0.99918890940578
91,0.9,0.91,1,133,4,0.850590997460468,0.000562605150607848,0.999339008671429
92,0.91,0.92,1,133,4,1.41348042310363,0.000256588620596455,0.999818503287055
93,0.92,0.93,1,134,4,0.800112862625086,0.000325487809640609,0.999593363049804
94,0.93,0.94,1,133,4,2.90508284072933,0.000450746320115782,0.999844866250342
95,0.94,0.95,1,133,4,0.558888032039119,0.000282108027246115,0.999495488033011
96,0.95,0.96,1,134,4,2.67958360454701,0.000421387318728578,0.999842766218717
97,0.96,0.97,1,133,4,0.630867848721247,0.000424243069375406,0.999327976581851
98,0.97,0.98,1,133,4,4.22414613708853,0.000415689786739268,0.999901601679944
99,0.98,0.99,1,134,4,0.409118731490741,0.000277348863754662,0.999322541477401
100,0.99,1,1,133,4,6.58983348157849,0.00037959418095614,0.999942400317472
101,1,1.01,1,133,4,0.866248200885749,0.00048741473308521,0.999437643124037
102,1.01,1.02,1,134,4,5.35971001365476,0.000228070929541079,0.99995744896192
103,1.02,1.03,1,133,4,0.372723592928844,0.000554931544976675,0.99851335796572
104,1.03,1.04,1,133,4,3.25496972361896,0.000341572591483459,0.999895072218783
105,1.04,1.05,1,133,4,0.281172733592453,0.000353500444071841,0.998744342795329
106,1.05,1.06,1,134,4,3.64125539431853,0.000545026932946601,0.999850341350458
107,1.06,1.07,1,133,4,0.290244235951534,0.0004655385100324,0.998398614181809
108,1.07,1.08,1,134,4,2.26020359397993,0.000641354289337053,0.999716320975559
109,1.08,1.09,1,133,4,0.774161144536811,0.000638430337540644,0.999176005823643
110,1.09,1.1,1,133,4,1.11076125715814,0.000622123419729559,0.999440226090653
111,1.1,1.11,1,133,4,0.582708109669723,0.000616900180311654,0.998942441743634
112,1.11,1.12,1,134,4,1.20389047389609,0.000633496352119675,0.999474069119613
113,1.12,1.13,1,133,4,0.560706699225508,0.000588436458463279,0.998951645184407
114,1.13,1.14,1,134,4,1.12239814079649,0.000653126009126228,0.999418436158321
115,1.14,1.15,1,133,4,0.729611608685206,0.000481221827713691,0.999340875834412
116,1.15,1.16,1,133,4,0.974084281482284,0.000431306004350509,0.999557414976334
117,1.16,1.17,1,134,4,0.943139341107814,0.000508680348427388,0.999460942706538
118,1.17,1.18,1,133,4,0.678911045829101,0.000520080086755305,0.999234535971465
119,1.18,1.19,1,133,4,1.14054853000648,0.000382990023049667,0.999664318132748
120,1.19,1.2,1,133,4,0.514865531695217,0.000599702136873309,0.998836580825413
121,1.2,1.21,1,134,4,1.17844812281343,0.000786250120988365,0.999333253728831
122,1.21,1.22,1,133,4,0.569349911124409,0.000453128273921076,0.999204763325939
123,1.22,1.23,1,133,4,1.12386526143305,0.000423815666936462,0.999623036747782
124,1.23,1.24,1,134,4,0.742617114577425,0.000755490799681971,0.998983698357705
125,1.24,1.25,1,211,4,0.773520250092746,0.000688719467528242,0.999110421740632
126,0,0.01,-1,212,4,1.17020886294861,0.000565938963870247,0.999516611595205
127,0.01,0.02,-1,133,4,0.691823706039678,0.000382478849691535,0.999447449534487
128,0.02,0.03,-1,133,4,1.83356438533275,0.0003822666198751,0.999791560665373
129,0.03,0.04,-1,133,4,0.305469949630792,0.000530676755936867,0.998265765785505
130,0.04,0.05,-1,134,4,2.04722644668735,0.000419528406308213,0.999795116728472
131,0.05,0.06,-1,133,4,0.21172325858866,0.00030850766563031,0.998544993181539
132,0.06,0.07,-1,133,4,1.88280438495108,0.000450053187132799,0.99976102369493
133,0.07,0.08,-1,134,4,0.623738987523797,0.000292155137528509,0.999531826029896
134,0.08,0.09,-1,133,4,1.63819415337102,0.000682940436101946,0.999583287582283
135,0.09,0.1,-1,134,4,1.09497995438667,0.000660522963465315,0.999397135303852
136,0.1,0.11,-1,133,4,0.86326888555987,0.000607919304101454,0.999296289354363
137,0.11,0.12,-1,133,4,1.66147213180408,0.000499046160850334,0.999699726344556
138,0.12,0.13,-1,134,4,0.401229170590608,0.000361844748284678,0.9990989720027
139,0.13,0.14,-1,133,4,1.78726734488984,0.000455027035506891,0.999745471085079
140,0.14,0.15,-1,133,4,0.265364398301608,0.000682188109941664,0.997435832125708
141,0.15,0.16,-1,134,4,1.73219850332969,0.000423848813302965,0.999755371496403
142,0.16,0.17,-1,133,4,0.403428736093549,0.00048249287222994,0.998805448233105
143,0.17,0.18,-1,133,4,2.13040700101337,0.000536069787157541,0.999748435425374
144,0.18,0.19,-1,133,4,0.228762023646306,0.000436654733579388,0.998094863649887
145,0.19,0.2,-1,134,4,3.04709631507187,0.00036727277358598,0.999879482473539
146,0.2,0.21,-1,133,4,0.506866119856866,0.000380875840606595,0.999249131401788
147,0.21,0.22,-1,134,4,1.69742905552101,0.000633629546787948,0.999626851498263
148,0.22,0.23,-1,133,4,0.444189642757731,0.000386738046241605,0.999130097632397
149,0.23,0.24,-1,133,4,2.07430909054927,0.000332468799756467,0.9998397463898
150,0.24,0.25,-1,134,4,0.364219666226755,0.000385534940746165,0.998942596157401
151,0.25,0.26,-1,133,4,3.26837834314511,0.000538949084908911,0.99983512917681
152,0.26,0.27,-1,133,4,0.502423581803885,0.000252199472428539,0.99949828600895
153,0.27,0.28,-1,134,4,1.84653605919374,0.000491539338991819,0.999733875476803
154,0.28,0.29,-1,133,4,0.425569170081086,0.000291904402076198,0.999314554864094
155,0.29,0.3,-1,133,4,2.3662658103271,0.000366409881083649,0.999845176670057
156,0.3,0.31,-1,134,4,0.32715166604588,0.000439756845204911,0.998657605741555
157,0.31,0.32,-1,133,4,3.23485491770597,0.000363426564369694,0.999887665521861
158,0.32,0.33,-1,133,4,0.553054913113554,0.000424204414834562,0.999233567443829
159,0.33,0.34,-1,133,4,1.81168529888563,0.00033997386953506,0.999812379068522
160,0.34,0.35,-1,134,4,0.583654577703699,0.000469431106209508,0.999196350262736
161,0.35,0.36,-1,133,4,0.643279071172445,0.000528116467502912,0.999179697776536
162,0.36,0.37,-1,134,4,1.14898669933765,0.000635196555486461,0.999447473506067
163,0.37,0.38,-1,133,4,0.656555693442815,0.000607855461655903,0.999075031683256
164,0.38,0.39,-1,133,4,1.44349304053036,0.000629002155878678,0.99956443975143
165,0.39,0.4,-1,134,4,0.422501608953935,0.000454546200124132,0.998925311300982
166,0.4,0.41,-1,133,4,1.60745448779479,0.000353766222990395,0.999779969892488
167,0.41,0.42,-1,133,4,0.407869278153607,0.000395876899132666,0.999030343652322
168,0.42,0.43,-1,134,4,1.39751095970378,0.000490857341431627,0.999648886478224
169,0.43,0.44,-1,133,4,0.581234904309927,0.000297251560151165,0.99948884759484
170,0.44,0.45,-1,133,4,1.29382446401661,0.000300367342307731,0.999767899251271
171,0.45,0.46,-1,133,4,0.862500498532777,0.000326978177601575,0.999621038751747
172,0.46,0.47,-1,134,4,0.737609219680378,0.000446154365166395,0.999395500146932
173,0.47,0.48,-1,133,4,1.23813722017531,0.000419565729716714,0.99966124627107
174,0.48,0.49,-1,133,4,0.515656942917171,0.00022797671233073,0.999558086108634
175,0.49,0.5,-1,134,4,1.25101531697275,0.000505100125865596,0.999596410798446
176,0.5,0.51,-1,133,4,0.462189976790015,0.000396526827980554,0.999142805021592
177,0.51,0.52,-1,134,4,1.27690067717668,0.000241983295506333,0.999810527591791
178,0.52,0.53,-1,133,4,0.788685676355007,0.000455455254587136,0.999422846894752
179,0.53,0.54,-1,133,4,1.21419393341322,0.000636057569654518,0.999476422565811
180,0.54,0.55,-1,134,4,0.86522643879093,0.000288168854268623,0.999667054892288
181,0.55,0.56,-1,133,4,1.29637736963453,0.0003586113034746,0.999723450795886
182,0.56,0.57,-1,133,4,2.8606746958475,0.000365510223006275,0.999872245688043
183,0.57,0.58,-1,134,4,0.6599671476836,0.000470360971334404,0.999287803970595
184,0.58,0.59,-1,133,4,4.72307605305075,0.000631305709643013,0.99986635376375
185,0.59,0.6,-1,133,4,1.48000419262612,0.000924366321031875,0.999375819775068
186,0.6,0.61,-1,133,4,3.66346207162478,0.000633777466331758,0.999827030325506
187,0.61,0.62,-1,134,4,1.38787682400897,0.000507973647705152,0.999634126181328
188,0.62,0.63,-1,133,4,2.78988937980743,0.000288399265091589,0.999896637674038
189,0.63,0.64,-1,133,4,1.23398363761315,0.000330285523789491,0.999732413677268
190,0.64,0.65,-1,134,4,3.98420030112765,0.000214125656203412,0.999946259190619
191,0.65,0.66,-1,133,4,3.41319256660011,0.000346619905106995,0.999898457323567
192,0.66,0.67,-1,134,4,2.1625807962951,0.000434451791017047,0.999799145294329
193,0.67,0.68,-1,133,4,2.89231359155047,0.000395027084013836,0.999863440416546
194,0.68,0.69,-1,133,4,0.706490718037176,0.000289660669526318,0.999590168773422
195,0.69,0.7,-1,134,4,1.27194918068703,0.000347088260319278,0.999727195411328
196,0.7,0.71,-1,133,4,0.780918410628363,0.000459492673195201,0.999411945652349
197,0.71,0.72,-1,133,4,0.513447729019427,0.00036950080829131,0.9992808711214
198,0.72,0.73,-1,134,4,0.949958499736741,0.000328276718091655,0.999654549840927
199,0.73,0.74,-1,133,4,0.711682141940195,0.000247395069901443,0.999652500623952
200,0.74,0.75,-1,133,4,0.957354352762054,0.000662569367619444,0.999308394922559
201,0.75,0.76,-1,133,4,0.706005435277167,0.000373267871710363,0.999471575416917
202,0.76,0.77,-1,134,4,1.00366946002139,0.00056733129974237,0.999435062223725
203,0.77,0.78,-1,133,4,0.760854131527387,0.000487930120340591,0.999359118397735
204,0.78,0.79,-1,134,4,0.940085252617263,0.000472167266783487,0.999497992087669
205,0.79,0.8,-1,133,4,0.711528928603786,0.000634601923335848,0.999108909827401
206,0.8,0.81,-1,133,4,0.976129813551466,0.000467008232799764,0.999521800376181
207,0.81,0.82,-1,134,4,0.73068524675708,0.000316234841480881,0.999567395074509
208,0.82,0.83,-1,133,4,0.851593901711791,0.000228078709967604,0.999732246038245
209,0.83,0.84,-1,133,4,0.84724294557389,0.000172320226617116,0.999796651967965
210,0.84,0.85,-1,134,4,0.81568480938736,0.000212736132864957,0.999739261217253
211,0.85,0.86,-1,133,4,0.753624092534856,0.000332150525116275,0.999559456496085
212,0.86,0.87,-1,133,4,0.88812900109082,0.000225774229304897,0.999745851279717
213,0.87,0.88,-1,134,4,0.891107695698451,0.000227143350526496,0.999745164958694
214,0.88,0.89,-1,133,4,0.955419527121132,0.000206340199425099,0.999784078469952
215,0.89,0.9,-1,133,4,2.00662563630235,0.000292745521221514,0.999854131825254
216,0.9,0.91,-1,134,4,0.467542110020281,0.000547546769886176,0.998830252363103
217,0.91,0.92,-1,133,4,3.93513598613094,0.000213376591790841,0.999945779504658
218,0.92,0.93,-1,133,4,0.332718706079844,0.000399781568378239,0.998799881774198
219,0.93,0.94,-1,134,4,3.79524897280182,0.000314545491557529,0.99991712811812
220,0.94,0.95,-1,133,4,0.497209682442457,0.000336478260864893,0.999323724535651
221,0.95,0.96,-1,133,4,5.25702129045582,0.000507614228194965,0.999903450035673
222,0.96,0.97,-1,134,4,0.910365388169343,0.000540164301196633,0.999407002954662
223,0.97,0.98,-1,133,4,6.51046966021386,0.000439194810253268,0.999932544776769
224,0.98,0.99,-1,133,4,0.327163784186521,0.000341026440402942,0.998958713187296
225,0.99,1,-1,134,4,4.383065251788,0.000558290197320576,0.999872641847099
226,1,1.01,-1,133,4,0.495397737349755,0.000498284891527781,0.998995182721419
227,1.01,1.02,-1,133,4,2.6969586614774,0.000727307653798147,0.999730395730963
228,1.02,1.03,-1,134,4,0.387410718318445,0.000370981654121986,0.999043323462277
229,1.03,1.04,-1,133,4,2.97256129843163,0.000376277123367754,0.99987343255154
230,1.04,1.05,-1,133,4,0.545424569181365,0.000384858961761504,0.999294883998118
231,1.05,1.06,-1,134,4,1.7223032947822,0.000250419771946149,0.999854622953217
232,1.06,1.07,-1,133,4,0.508796140071732,0.000317672465309245,0.999376028586366
233,1.07,1.08,-1,133,4,0.521104955693752,0.000460637856286036,0.999116817017874
234,1.08,1.09,-1,134,4,1.23843602302358,0.000537663510762428,0.999566041218949
235,1.09,1.1,-1,133,4,0.516810628411652,0.000599422366390523,0.998841494544822
236,1.1,1.11,-1,133,4,1.30916259149235,0.000380997787986713,0.999709060629134
237,1.11,1.12,-1,134,4,0.449507904614326,0.000349969771938101,0.999222043690098
238,1.12,1.13,-1,133,4,1.32205378919625,0.000938853548071008,0.999290356183596
239,1.13,1.14,-1,133,4,0.533427945844852,0.000728224107049595,0.998636683149957
240,1.14,1.15,-1,134,4,1.07768758110367,0.000313241266789675,0.999709423907395
241,1.15,1.16,-1,133,4,0.696697488567574,0.000466945603379773,0.999330221708835
242,1.16,1.17,-1,133,4,0.90408179070935,0.000475775815957727,0.999474023728766
243,1.17,1.18,-1,134,4,0.950172636700258,0.000462874873914066,0.999513089014372
244,1.18,1.19,-1,133,4,0.559400169721927,0.000536156647752756,0.999042468540613
245,1.19,1.2,-1,133,4,1.16248612006817,0.000646946079349607,0.999443790140459
246,1.2,1.21,-1,134,4,0.583541618070055,0.000448695761498209,0.999231672596495
247,1.21,1.22,-1,133,4,0.740927031000444,0.000466909769157531,0.999370227157949
248,1.22,1.23,-1,133,4,1.13556383556748,0.000567318152400751,0.999500657868114
249,1.23,1.24,-1,134,4,1.15250104379121,0.000555890494900802,0.999517898485
250,1.24,1.25,-1,211,4,4.04822643144243,0.000905726508192522,0.999776315893663
1,0,0.01,1,212,6,0.266609805186492,0.00560819797233764,0.979398137128111
2,0.01,0.02,1,133,6,0.259623341028663,0.000454673726159385,0.998251779464758
3,0.02,0.03,1,134,6,0.0203428720912921,0.000310180400182135,0.984981377435119
4,0.03,0.04,1,133,6,0.121090710996735,0.000328883886557706,0.997291344227644
5,0.04,0.05,1,133,6,0.0676511211383065,0.000305532250929086,0.995504012694988
6,0.05,0.06,1,133,6,0.0561192559688992,0.000224797251442636,0.996010275466631
7,0.06,0.07,1,134,6,0.0799307793481766,0.000271532090040088,0.996614410667587
8,0.07,0.08,1,133,6,0.0831892981104943,0.000231322269530999,0.997227037290334
9,0.08,0.09,1,134,6,0.0703164047508755,0.000400075076683793,0.994342548191604
10,0.09,0.1,1,133,6,0.111313787814697,0.000284313932568052,0.997452340782535
11,0.1,0.11,1,133,6,0.0423170259543041,0.000288045223383028,0.993239179857681
12,0.11,0.12,1,134,6,0.116569916378988,0.000137147187643005,0.99882485958046
13,0.12,0.13,1,133,6,0.0316913902655566,0.000203046196124818,0.993633805182018
14,0.13,0.14,1,133,6,0.1043714173292,0.000162973042351526,0.998440962426124
15,0.14,0.15,1,134,6,0.0601725509127428,0.000278921919485373,0.995386019456309
16,0.15,0.16,1,133,6,0.0835594328188548,0.000387433425287959,0.995384777983717
17,0.16,0.17,1,133,6,0.0766822642324048,0.000312987469241041,0.995934976997622
18,0.17,0.18,1,134,6,0.0503336288513516,0.00023008006692113,0.99544969956035
19,0.18,0.19,1,133,6,0.0753600527013198,0.000244017646589715,0.996772427126386
20,0.19,0.2,1,133,6,0.0449502691030712,0.000251319042197469,0.994440039553704
21,0.2,0.21,1,134,6,0.134269457897082,0.000238770070008357,0.998224866436671
22,0.21,0.22,1,133,6,0.0727118669741189,0.00034132021077881,0.995327784810881
23,0.22,0.23,1,133,6,0.146151677791007,0.000295630031406825,0.997981321501893
24,0.23,0.24,1,133,6,0.0344832079775324,0.000179245601534409,0.994828825341936
25,0.24,0.25,1,134,6,0.14855556673896,0.000236696588136381,0.9984092144118
26,0.25,0.26,1,133,6,0.083237579033979,0.000330465729858455,0.996045549099631
27,0.26,0.27,1,133,6,0.105227705881755,0.00026065768900439,0.997529038462811
28,0.27,0.28,1,134,6,0.102345127071792,0.000344182089322769,0.996648316245046
29,0.28,0.29,1,133,6,0.128853875858332,0.000265872262806546,0.997940886141157
30,0.29,0.3,1,134,6,0.0430038736822196,0.000366982713757913,0.991538495103547
31,0.3,0.31,1,133,6,0.126664614416175,0.000195055290831696,0.998462432613279
32,0.31,0.32,1,133,6,0.0801193001731729,0.000259212466004144,0.996775102480836
33,0.32,0.33,1,134,6,0.0812872950575176,0.000461134928680259,0.994359097431497
34,0.33,0.34,1,133,6,0.109903266531556,0.000457131573044592,0.995857829611929
35,0.34,0.35,1,133,6,0.0961871300470315,0.000280795759043218,0.997089231921419
36,0.35,0.36,1,134,6,0.0427620782596667,0.000438980797734898,0.989838656567386
37,0.36,0.37,1,133,6,0.13327298275315,0.000205593885683138,0.998459723718515
38,0.37,0.38,1,133,6,0.0571172684202704,0.000255293996773891,0.995550242380354
39,0.38,0.39,1,134,6,0.0688235908995754,0.000413406354663851,0.994029112020185
40,0.39,0.4,1,133,6,0.0568836037602431,0.000177429701134917,0.996890527731941
41,0.4,0.41,1,133,6,0.085881109713076,0.000175597936706304,0.99795950900863
42,0.41,0.42,1,134,6,0.0486991975433099,0.000179860559314271,0.996320294083068
43,0.42,0.43,1,133,6,0.0746354007378178,0.000129340781920663,0.998270029705292
44,0.43,0.44,1,133,6,0.0529481010266075,0.000293089741374281,0.994495056606613
45,0.44,0.45,1,134,6,0.0766464174013532,0.000193253970817844,0.997484971403875
46,0.45,0.46,1,133,6,0.070676414057798,0.000183121281757829,0.997415714330043
47,0.46,0.47,1,133,6,0.0518498863130624,0.000205745195678546,0.996047590054805
48,0.47,0.48,1,134,6,0.0863805927905085,0.000266869125455445,0.996920058365769
49,0.48,0.49,1,133,6,0.0409255419487545,0.00028365955763524,0.993116596603036
50,0.49,0.5,1,133,6,0.0839412258937234,0.000259863025104539,0.996913780707099
51,0.5,0.51,1,134,6,0.0486763806620832,0.000254250555655169,0.994803857025188
52,0.51,0.52,1,133,6,0.0958321470763994,0.000288080603727158,0.997002913843631
53,0.52,0.53,1,133,6,0.053343159745234,0.00031222249955617,0.994180965888348
54,0.53,0.54,1,134,6,0.0583420844342027,0.000259566732302994,0.995570658383576
55,0.54,0.55,1,133,6,0.0553960697188844,0.000170193980424907,0.996937098716122
56,0.55,0.56,1,133,6,0.0781442529553491,0.000147872059899969,0.998111277987778
57,0.56,0.57,1,134,6,0.100043672463113,0.000373342412869503,0.996282080150156
58,0.57,0.58,1,133,6,0.0998365223304161,0.000354718480305138,0.99645958591355
59,0.58,0.59,1,133,6,0.148918074227306,0.00032307796780067,0.99783519516535
60,0.59,0.6,1,134,6,0.0421811481137153,0.000219636016404095,0.994820001070497
61,0.6,0.61,1,133,6,0.156850721203444,0.000327227123175583,0.997918110481404
62,0.61,0.62,1,133,6,0.16053567922935,0.000151538291560299,0.999056936239869
63,0.62,0.63,1,134,6,0.0517463282989416,0.000252251612407585,0.9951488749724
64,0.63,0.64,1,133,6,0.20937150231758,0.000290755252982007,0.998613220823094
65,0.64,0.65,1,133,6,0.0692542182904835,0.000437517462334468,0.993722104097303
66,0.65,0.66,1,134,6,0.135385312713939,0.000456355296465472,0.996640535241142
67,0.66,0.67,1,133,6,0.0624853474485389,0.000322184506843109,0.994870288692891
68,0.67,0.68,1,133,6,0.269603205655311,0.000218853100733681,0.99918889841052
69,0.68,0.69,1,133,6,0.0379954565800926,0.000185223662205365,0.995148759502714
70,0.69,0.7,1,134,6,0.233314080964769,0.000300522931351584,0.998713595270417
71,0.7,0.71,1,133,6,0.061066336207355,0.000408566788883751,0.993353925439968
72,0.71,0.72,1,134,6,0.0823034956494092,0.000209643283089458,0.99745927393138
73,0.72,0.73,1,133,6,0.0667303776331576,0.000136144082930918,0.997963942501616
74,0.73,0.74,1,133,6,0.105712130976139,0.00026478878733353,0.997501448542527
75,0.74,0.75,1,134,6,0.0438574857141919,0.000291867497169896,0.993389087813527
76,0.75,0.76,1,133,6,0.0663285325420607,0.000164254990501174,0.997529732222149
77,0.76,0.77,1,133,6,0.0668961411719782,0.000233129243855105,0.996527159577171
78,0.77,0.78,1,134,6,0.065532377185777,0.00026443642325688,0.995981014752049
79,0.78,0.79,1,133,6,0.0719179299040355,0.000279257187928315,0.996132021216109
80,0.79,0.8,1,133,6,0.0527507648787107,0.000299183433482684,0.994360344486633
81,0.8,0.81,1,134,6,0.0795452224736696,0.000227952445164421,0.997142492505829
82,0.81,0.82,1,133,6,0.0640016325391063,0.000303296101847627,0.99528347036133
83,0.82,0.83,1,133,6,0.0620339994550507,0.000312326865725644,0.994990452779548
84,0.83,0.84,1,134,6,0.0742566965626916,0.000190392032982872,0.997442585914717
85,0.84,0.85,1,133,6,0.0547139356047292,0.00031044394043453,0.994358065588369
86,0.85,0.86,1,133,6,0.069968773196563,0.000229822366097126,0.99672611162296
87,0.86,0.87,1,134,6,0.0629202301648233,0.000188005956744841,0.997020896664222
88,0.87,0.88,1,133,6,0.079224838420049,0.000282132287919569,0.996451477330763
89,0.88,0.89,1,133,6,0.0564547831040137,0.000192536486391244,0.996601136862549
90,0.89,0.9,1,134,6,0.0637404807065133,0.000159933571676472,0.997497143430398
91,0.9,0.91,1,133,6,0.042119168802812,0.000180707571515947,0.995727940906569
92,0.91,0.92,1,133,6,0.0746805257662072,0.000328352607220443,0.995622483440083
93,0.92,0.93,1,134,6,0.102590171428303,0.000343774976468225,0.996660237089168
94,0.93,0.94,1,133,6,0.0901371558040953,0.000255330898071039,0.997175308398005
95,0.94,0.95,1,133,6,0.125104932547487,0.000281190634907407,0.997757402272512
96,0.95,0.96,1,134,6,0.0342428369382857,0.000185326870922475,0.994616998108017
97,0.96,0.97,1,133,6,0.137192775021363,0.000223241673689687,0.998375431925195
98,0.97,0.98,1,133,6,0.0389680425510317,0.000428584061058335,0.989121300529655
99,0.98,0.99,1,134,6,0.184967868433131,0.000706907939214863,0.99619276267339
100,0.99,1,1,133,6,0.0559873581564533,0.000346091996983546,0.993856367823365
101,1,1.01,1,133,6,0.217623560732361,0.00040243624288459,0.998154182306387
102,1.01,1.02,1,134,6,0.0411503335198806,0.000383805191241121,0.99075928373258
103,1.02,1.03,1,133,6,0.257224154461237,0.000356136323844752,0.998617377429153
104,1.03,1.04,1,133,6,0.098466896607603,0.000218957049452325,0.997781272174903
105,1.04,1.05,1,133,6,0.13760376199662,0.000245038566259172,0.998222410603077
106,1.05,1.06,1,134,6,0.108053393929176,0.000206241939689099,0.998094932261375
107,1.06,1.07,1,133,6,0.109966418482581,0.000273529878597701,0.997518777152348
108,1.07,1.08,1,134,6,0.061461520309954,0.000215420773371124,0.996507272092497
109,1.08,1.09,1,133,6,0.138612800983832,0.000220226081936086,0.998413734205826
110,1.09,1.1,1,133,6,0.0659513902072735,0.000213711910080783,0.996770020702126
111,1.1,1.11,1,133,6,0.0645112656838742,0.000249502003901689,0.996147327883688
112,1.11,1.12,1,134,6,0.0614494855656252,0.000165296005618936,0.997317267035544
113,1.12,1.13,1,133,6,0.0701606921223314,0.000229616571230531,0.996737951921334
114,1.13,1.14,1,134,6,0.0736990121595363,0.000372688977725055,0.994968537619591
115,1.14,1.15,1,133,6,0.0647004843431398,0.000236110374280533,0.996363985895657
116,1.15,1.16,1,133,6,0.073548264719559,0.000240750211644586,0.996737316362482
117,1.16,1.17,1,134,6,0.0578542674754794,0.000262300508934374,0.995486648334005
118,1.17,1.18,1,133,6,0.0750729677493831,0.000402941543453321,0.994661322437469
119,1.18,1.19,1,133,6,0.0477061149021048,0.000543119793311266,0.988743452683968
120,1.19,1.2,1,133,6,0.0828821683698598,0.00044256273502214,0.99468869891143
121,1.2,1.21,1,134,6,0.0445324920581024,0.000386207040826539,0.991402087581033
122,1.21,1.22,1,133,6,0.0744819934905788,0.000325214585359442,0.995652630358437
123,1.22,1.23,1,133,6,0.0583745001841642,0.000393911416076668,0.993297225408164
124,1.23,1.24,1,134,6,0.0730417650074483,0.000245678178200065,0.996647745268207
125,1.24,1.25,1,211,6,0.0614934426138579,0.000551542671305119,0.991110600336672
126,0,0.01,-1,212,6,0.0669170258320228,0.000543846037934488,0.991938348514338
127,0.01,0.02,-1,133,6,0.0941769543558087,0.000239985894259326,0.99745823266859
128,0.02,0.03,-1,133,6,0.0524833348921467,0.000328868451089271,0.993772870089288
129,0.03,0.04,-1,133,6,0.110905433390814,0.00056592314782876,0.994923151871462
130,0.04,0.05,-1,134,6,0.0343550832659712,0.000267233093149271,0.992281478501398
131,0.05,0.06,-1,133,6,0.109372976021653,0.000563030817444689,0.994878558593921
132,0.06,0.07,-1,133,6,0.0339520664802449,0.000283383079993406,0.991722524937352
133,0.07,0.08,-1,134,6,0.122801258344315,0.000355601583120047,0.997112612457564
134,0.08,0.09,-1,133,6,0.0453220499512522,0.000382934699551033,0.991621598771409
135,0.09,0.1,-1,134,6,0.0886339659624769,0.000309971228360923,0.996514981929619
136,0.1,0.11,-1,133,6,0.0786036749308927,0.000187924769420911,0.997614913643895
137,0.11,0.12,-1,133,6,0.059291464686261,0.000283212119377376,0.995246098937283
138,0.12,0.13,-1,134,6,0.0902926562249177,0.000263517561134938,0.997090009989186
139,0.13,0.14,-1,133,6,0.0479402595913996,0.0003527445864557,0.992695741495878
140,0.14,0.15,-1,133,6,0.0840831673166053,0.000357085749515737,0.995771143068033
141,0.15,0.16,-1,134,6,0.0632712566037346,0.000335756429957523,0.994721392910249
142,0.16,0.17,-1,133,6,0.130808943817298,0.000397405725414675,0.996971139530978
143,0.17,0.18,-1,133,6,0.0386014937153129,0.000376064646154172,0.990351764913886
144,0.18,0.19,-1,133,6,0.105048250148897,0.00052872887832064,0.994992005992288
145,0.19,0.2,-1,134,6,0.100605691756607,0.000380121502390128,0.99623589205134
146,0.2,0.21,-1,133,6,0.0841543759986925,0.00041420909407569,0.995102092655076
147,0.21,0.22,-1,134,6,0.0908925936258403,0.000365978178532528,0.995989656957189
148,0.22,0.23,-1,133,6,0.117022045301291,0.000312806635692655,0.997334068859092
149,0.23,0.24,-1,133,6,0.0445292160140109,0.000326326299359791,0.992724950306475
150,0.24,0.25,-1,134,6,0.127531283337962,0.000511820423914584,0.996002749005004
151,0.25,0.26,-1,133,6,0.105256309605965,0.000346842921006519,0.996715600692717
152,0.26,0.27,-1,133,6,0.0841403046053315,0.00025641543200183,0.996961784392943
153,0.27,0.28,-1,134,6,0.100011171725196,0.00031716423529779,0.996838737209569
154,0.28,0.29,-1,133,6,0.129047281109264,0.000504644197320044,0.996104695502396
155,0.29,0.3,-1,133,6,0.0404471580371014,0.000403285234496737,0.990127763563899
156,0.3,0.31,-1,134,6,0.140596779325687,0.000349394837824493,0.997521076113644
157,0.31,0.32,-1,133,6,0.0934535152427444,0.000255583444066081,0.997272586678906
158,0.32,0.33,-1,133,6,0.113999092599937,0.000344178195946335,0.996989956701862
159,0.33,0.34,-1,133,6,0.0804071629010526,0.000309215503164501,0.996169110789188
160,0.34,0.35,-1,134,6,0.0541233004350207,0.000346246916873348,0.993643293662118
161,0.35,0.36,-1,133,6,0.0650479095259284,0.000257477120004746,0.996057337178008
162,0.36,0.37,-1,134,6,0.0623199537472727,0.000317778326433616,0.99492672681604
163,0.37,0.38,-1,133,6,0.0953123755777654,0.000339431736247621,0.996451381884157
164,0.38,0.39,-1,133,6,0.0475949845509563,0.00018809172283388,0.996063633037016
165,0.39,0.4,-1,134,6,0.0880085072063853,0.000323041067965907,0.996342857401723
166,0.4,0.41,-1,133,6,0.0484333541828869,0.000248832352213929,0.994888636482371
167,0.41,0.42,-1,133,6,0.0950229380799816,0.000236104525970121,0.997521447628371
168,0.42,0.43,-1,134,6,0.0399433865883838,0.000334011805839507,0.991707214985181
169,0.43,0.44,-1,133,6,0.092277782906372,0.000241924161835949,0.997385160745725
170,0.44,0.45,-1,133,6,0.0624871669855919,0.000214988571310276,0.99657127303837
171,0.45,0.46,-1,133,6,0.0677817530411379,0.000273373287876372,0.995983061047382
172,0.46,0.47,-1,134,6,0.0760188581432113,0.000277881703596702,0.996357882339997
173,0.47,0.48,-1,133,6,0.053769463822887,0.0003438848179746,0.993645101872056
174,0.48,0.49,-1,133,6,0.0774048105159711,0.000336596397262353,0.995670307360941
175,0.49,0.5,-1,134,6,0.0505212037247713,0.000232450593945509,0.995420022517279
176,0.5,0.51,-1,133,6,0.0676558726622535,0.000246240624129528,0.996373594101689
177,0.51,0.52,-1,134,6,0.0715623788576018,0.000201794300911085,0.997188091327056
178,0.52,0.53,-1,133,6,0.111013492408134,0.000345332571424796,0.996898920480813
179,0.53,0.54,-1,133,6,0.0570798221803383,0.000302974371622166,0.994720118400855
180,0.54,0.55,-1,134,6,0.0984643789928643,0.000228991912915151,0.997679763992115
181,0.55,0.56,-1,133,6,0.224381228480083,0.000342083670066726,0.998477756193634
182,0.56,0.57,-1,133,6,0.0625213429253118,0.000337331396931238,0.994633494890428
183,0.57,0.58,-1,134,6,0.309104534985441,0.000367523412965691,0.998812418106928
184,0.58,0.59,-1,133,6,0.0364024248625156,0.00032639047975429,0.991113503751409
185,0.59,0.6,-1,133,6,0.162448823698111,0.000414551774495701,0.997454604061271
186,0.6,0.61,-1,133,6,0.0439821905359793,0.000300758052329659,0.993208264988726
187,0.61,0.62,-1,134,6,0.267222496424711,0.000277802900921971,0.998961485644606
188,0.62,0.63,-1,133,6,0.0381492906889848,0.000407191370520422,0.989439094316437
189,0.63,0.64,-1,133,6,0.244726399835179,0.000332754860783811,0.99864214474584
190,0.64,0.65,-1,134,6,0.103476328379354,0.000210720457016841,0.997967726351732
191,0.65,0.66,-1,133,6,0.0944265638719142,0.00036692260064571,0.996129242479631
192,0.66,0.67,-1,134,6,0.107400688240458,0.000475840486122491,0.995589026716566
193,0.67,0.68,-1,133,6,0.112532994577169,0.000290999046243006,0.997420769847819
194,0.68,0.69,-1,133,6,0.068551642590689,0.000246306458236446,0.996419857544572
195,0.69,0.7,-1,134,6,0.0885829914999914,0.000296092801365172,0.996668588524593
196,0.7,0.71,-1,133,6,0.0472628627726198,0.00026164972193713,0.994494425966661
197,0.71,0.72,-1,133,6,0.0473558334701753,0.000294341179798207,0.993822873012316
198,0.72,0.73,-1,134,6,0.0634737529952528,0.000178883522377482,0.997189691862521
199,0.73,0.74,-1,133,6,0.0653280220594876,0.000226668714840653,0.996542296025452
200,0.74,0.75,-1,133,6,0.0647799111281825,0.00032625962928186,0.994988806352976
201,0.75,0.76,-1,133,6,0.0678224167730045,0.000206954543306553,0.996957864826587
202,0.76,0.77,-1,134,6,0.0700734254330608,0.000390142118004282,0.994463207987283
203,0.77,0.78,-1,133,6,0.0720272438589871,0.000285471615152493,0.996052262547731
204,0.78,0.79,-1,134,6,0.0529296601978646,0.000339273125979138,0.993630938244688
205,0.79,0.8,-1,133,6,0.0785051328374778,0.000314821444856273,0.996005815434394
206,0.8,0.81,-1,133,6,0.057693479825535,0.000318015682603939,0.994518057501908
207,0.81,0.82,-1,134,6,0.0604349284836797,0.000305070986073823,0.994977428568702
208,0.82,0.83,-1,133,6,0.0654730906105282,0.000295881337185851,0.99550120173049
209,0.83,0.84,-1,133,6,0.0683821723558913,0.000272010318832677,0.996037964356499
210,0.84,0.85,-1,134,6,0.0531605384867867,0.000188186899781326,0.996472513665177
211,0.85,0.86,-1,133,6,0.071519815732845,0.000251075992178422,0.996501701648903
212,0.86,0.87,-1,133,6,0.0499872152878846,0.000178979138747079,0.996432275942142
213,0.87,0.88,-1,134,6,0.0908651276450494,0.000157519730177081,0.998269444641313
214,0.88,0.89,-1,133,6,0.117025650602512,0.000321215830587243,0.997262680799658
215,0.89,0.9,-1,133,6,0.0722725077990848,0.000319717605211499,0.99559570458915
216,0.9,0.91,-1,134,6,0.127087014062805,0.000283179445987263,0.997776721239199
217,0.91,0.92,-1,133,6,0.11167220636993,0.000365346742393613,0.996739068890345
218,0.92,0.93,-1,133,6,0.144002409631338,0.000323442477616524,0.997758942885905
219,0.93,0.94,-1,134,6,0.122797433612999,0.00020625248583893,0.998323200772429
220,0.94,0.95,-1,133,6,0.258740959356806,0.000281968650220417,0.998911414319999
221,0.95,0.96,-1,133,6,0.0426230017810475,0.000393708265370315,0.990847550522914
222,0.96,0.97,-1,134,6,0.214858576954256,0.000532669564694322,0.997526967445042
223,0.97,0.98,-1,133,6,0.0521361890261435,0.00042918311903481,0.991835250060639
224,0.98,0.99,-1,133,6,0.189638041347432,0.000349462695061682,0.998160601683659
225,0.99,1,-1,134,6,0.0474060183546131,0.000295222979492093,0.993811000065505
226,1,1.01,-1,133,6,0.114920562582347,0.000353358361754727,0.996934620087001
227,1.01,1.02,-1,133,6,0.0370528505267542,0.000332848820850142,0.991096894623921
228,1.02,1.03,-1,134,6,0.116833680895574,0.000301796171602231,0.997423528898686
229,1.03,1.04,-1,133,6,0.0815606142987706,0.000414216797902165,0.994947024685983
230,1.04,1.05,-1,133,6,0.102780607850883,0.000206308219348751,0.997996753109802
231,1.05,1.06,-1,134,6,0.0596693523738747,0.000236970623783688,0.996044313656291
232,1.06,1.07,-1,133,6,0.0379698465724528,0.000206584880512255,0.994588680171252
233,1.07,1.08,-1,133,6,0.0660971699873109,0.00025378424154277,0.99617512295803
234,1.08,1.09,-1,134,6,0.0679232024360404,0.000301819562541856,0.995576116303075
235,1.09,1.1,-1,133,6,0.0830247360644593,0.000185005057088902,0.997776641837899
236,1.1,1.11,-1,133,6,0.0514067491179403,0.000216992643465975,0.995796650222123
237,1.11,1.12,-1,134,6,0.0830949002938874,0.000325087827159131,0.996102998400247
238,1.12,1.13,-1,133,6,0.0557026141638453,0.000418260691881783,0.992547145906812
239,1.13,1.14,-1,133,6,0.0888883604846542,0.000297106773951315,0.996668663818402
240,1.14,1.15,-1,134,6,0.0518146981068174,0.000275595828245914,0.994709267170013
241,1.15,1.16,-1,133,6,0.0809385532100391,0.0002670631266826,0.996711272708341
242,1.16,1.17,-1,133,6,0.0633893399553384,0.000371055968749294,0.994180463226874
243,1.17,1.18,-1,134,6,0.0562732063121274,0.000369897882911567,0.993469674938049
244,1.18,1.19,-1,133,6,0.0735279215639444,0.000473823813413354,0.993597126513744
245,1.19,1.2,-1,133,6,0.0662596249389004,0.000348164433056901,0.994772917156691
246,1.2,1.21,-1,134,6,0.0436237575077899,0.000352930152313276,0.991974608114165
247,1.21,1.22,-1,133,6,0.132001660849247,0.000458843556098562,0.996535997215484
248,1.22,1.23,-1,133,6,0.0184097378369161,0.000257512771742513,0.986205104482657
249,1.23,1.24,-1,134,6,0.23127374406015,0.000355842235218871,0.998463744459807
250,1.24,1.25,-1,211,6,0.0972149618168522,0.0003606015615942,0.996304386578885
1,0,0.01,1,212,8,0.0442679595842628,0.000367756273858555,0.991760941506405
2,0.01,0.02,1,133,8,0.0361111111795506,0.000380780350257379,0.989565343579235
3,0.02,0.03,1,134,8,0.00733163974736947,0.000389955164637278,0.949498106404039
4,0.03,0.04,1,133,8,0.00746404118897885,0.000193628590091564,0.974714424142344
5,0.04,0.05,1,133,8,0.0153072879806554,0.000298656017080979,0.980862675329073
6,0.05,0.06,1,133,8,0.00967451996074836,0.000176016506716572,0.982131277083443
7,0.06,0.07,1,134,8,0.00829530024802181,0.000156159631459287,0.981522762494747
8,0.07,0.08,1,133,8,0.0113712291984808,0.000200379950603469,0.982683484377855
9,0.08,0.09,1,134,8,0.00894571926235721,0.000303617881293496,0.967174092956281
10,0.09,0.1,1,133,8,0.0128681152880595,0.000196727677620499,0.984942208786031
11,0.1,0.11,1,133,8,0.00725355212440557,0.000201686324017991,0.972947032423807
12,0.11,0.12,1,134,8,0.012845719938104,0.000168861062419343,0.987025240196933
13,0.12,0.13,1,133,8,0.00910827986844544,0.000168730450199297,0.981811979893977
14,0.13,0.14,1,133,8,0.00767021894245482,0.00025857511448183,0.967387838222938
15,0.14,0.15,1,134,8,0.0100384101121168,0.000299755993619548,0.971004916098879
16,0.15,0.16,1,133,8,0.00957004313892578,0.00033867291507814,0.96582070641319
17,0.16,0.17,1,133,8,0.00722131875734862,0.000268985255828712,0.964088873381441
18,0.17,0.18,1,134,8,0.00670138282747341,0.00017638373687543,0.974354503714953
19,0.18,0.19,1,133,8,0.00900313608363318,0.000160745451105276,0.982458803019668
20,0.19,0.2,1,133,8,0.00869144128081148,0.000172684215302315,0.980518753330148
21,0.2,0.21,1,134,8,0.0169657675856234,0.000175846222147601,0.989741559685128
22,0.21,0.22,1,133,8,0.0119277239739733,0.000266227451197446,0.978167253426326
23,0.22,0.23,1,133,8,0.0199034676097168,0.000338142337476885,0.98329469156065
24,0.23,0.24,1,133,8,0.00681280977941159,0.000288506575883558,0.959372803372092
25,0.24,0.25,1,134,8,0.0132547064090296,0.000145252514476658,0.989160226885334
26,0.25,0.26,1,133,8,0.0101687013225853,0.000266158628897591,0.974493320453259
27,0.26,0.27,1,133,8,0.0203953084950497,0.000336715344742094,0.983758684277807
28,0.27,0.28,1,134,8,0.0119673670680501,0.000269281654650203,0.977993839591827
29,0.28,0.29,1,133,8,0.0178373553755865,0.000214586021615058,0.988112856290996
30,0.29,0.3,1,134,8,0.00967496534492754,0.000235734461259548,0.976214145734453
31,0.3,0.31,1,133,8,0.0132786786469252,0.000228473493299347,0.983084998900771
32,0.31,0.32,1,133,8,0.0100857932258427,0.00026752248264383,0.974160694971897
33,0.32,0.33,1,134,8,0.0165692906571457,0.000214919481888023,0.987195138757933
34,0.33,0.34,1,133,8,0.0134266878577562,0.000239770158857573,0.982455574182711
35,0.34,0.35,1,133,8,0.014945485300136,0.000159630215354083,0.989432042728148
36,0.35,0.36,1,134,8,0.00965411815544291,0.00018861223557068,0.980837407093576
37,0.36,0.37,1,133,8,0.0153223037953637,0.000192097218683018,0.987618135014746
38,0.37,0.38,1,133,8,0.00950682531276078,0.000182862392290443,0.981128143872468
39,0.38,0.39,1,134,8,0.00920462941113482,0.000216895801834655,0.976978695388292
40,0.39,0.4,1,133,8,0.00723361732342933,0.000185255372560226,0.975029174896023
41,0.4,0.41,1,133,8,0.0101587567866874,0.000198106499831945,0.980871959554607
42,0.41,0.42,1,134,8,0.00979962852898145,0.000125178362045467,0.987387325172176
43,0.42,0.43,1,133,8,0.00853574491852062,0.000119435950705814,0.986200640690194
44,0.43,0.44,1,133,8,0.00897568976816607,0.000133310240140953,0.985364997253334
45,0.44,0.45,1,134,8,0.00904646610739673,0.000110584970637748,0.987923517113166
46,0.45,0.46,1,133,8,0.00954213051653346,7.89505722247719e-05,0.991794001994534
47,0.46,0.47,1,133,8,0.0100790532284139,0.000109436305131124,0.989258829312155
48,0.47,0.48,1,134,8,0.0106019095996657,0.000181851910148905,0.983136504828728
49,0.48,0.49,1,133,8,0.00635239739487065,0.000217561987729569,0.966885337479292
50,0.49,0.5,1,133,8,0.00778569137852991,0.0001057005485849,0.986605588778107
51,0.5,0.51,1,134,8,0.0113666010990925,0.000226284906993115,0.980480709732303
52,0.51,0.52,1,133,8,0.0101222197160244,0.000144220533852811,0.985952235600403
53,0.52,0.53,1,133,8,0.0101278941988198,0.000351374216204038,0.966469585252699
54,0.53,0.54,1,134,8,0.00812940813147924,0.000261888852072151,0.968790420290748
55,0.54,0.55,1,133,8,0.00884412693517626,0.000235455509811591,0.974067583918293
56,0.55,0.56,1,133,8,0.00989656120177888,0.000217103490156048,0.978533647617448
57,0.56,0.57,1,134,8,0.0173975333662482,0.000333989203958856,0.98116409898606
58,0.57,0.58,1,133,8,0.0187920756386331,0.000257980226038958,0.986457770629567
59,0.58,0.59,1,133,8,0.0160546912040225,0.000324553601294812,0.980185069265865
60,0.59,0.6,1,134,8,0.0116523204566534,0.00025915553657802,0.978243205399122
61,0.6,0.61,1,133,8,0.00952515539167315,0.000218634876306728,0.977561619216578
62,0.61,0.62,1,133,8,0.0199150603613971,0.000205818644514942,0.989770891994606
63,0.62,0.63,1,134,8,0.00643699944093357,0.000323616840844159,0.952132050192462
64,0.63,0.64,1,133,8,0.022188461722985,0.000287528839683944,0.987207289534927
65,0.64,0.65,1,133,8,0.0106821346112865,0.000213601799373215,0.980395836378325
66,0.65,0.66,1,134,8,0.0161293132087473,0.000355056142677877,0.978461041783975
67,0.66,0.67,1,133,8,0.00538172727620855,0.000124682210831755,0.977356894519886
68,0.67,0.68,1,133,8,0.0190456577125289,0.000208766514943945,0.989157478173454
69,0.68,0.69,1,133,8,0.00984751247116307,0.000170601833235628,0.982970664133796
70,0.69,0.7,1,134,8,0.0149662776121553,0.000190825351301416,0.987410169887907
71,0.7,0.71,1,133,8,0.0104848244907419,0.000214739252364366,0.979930092710301
72,0.71,0.72,1,134,8,0.0119951208595472,0.000151863141646162,0.987497872588682
73,0.72,0.73,1,133,8,0.00887175182095759,0.000246012882173814,0.973018290098085
74,0.73,0.74,1,133,8,0.0112324334629428,0.000219449235949855,0.980837278749714
75,0.74,0.75,1,134,8,0.010016253723449,0.000222297641533075,0.978288174409773
76,0.75,0.76,1,133,8,0.00818290702677691,0.000189279228481776,0.977391899473941
77,0.76,0.77,1,133,8,0.00889313478862596,0.000262644513309045,0.971313800316972
78,0.77,0.78,1,134,8,0.0104156467851172,0.000250955033055617,0.976472822616472
79,0.78,0.79,1,133,8,0.0104587666892002,0.000175845676425127,0.983464777992894
80,0.79,0.8,1,133,8,0.00800686666496103,0.000237842518380985,0.971152103355988
81,0.8,0.81,1,134,8,0.00745822163949769,0.000139128163316971,0.981687276888919
82,0.81,0.82,1,133,8,0.0102359506902595,0.000176111086623771,0.983085858459391
83,0.82,0.83,1,133,8,0.00889381694759731,0.000171966895919757,0.981031215955724
84,0.83,0.84,1,134,8,0.00938830221305169,0.000155025515856668,0.983755612270648
85,0.84,0.85,1,133,8,0.00909043669569389,0.000217291065345144,0.976654767852719
86,0.85,0.86,1,133,8,0.0094766931499623,0.000178426257499081,0.981520036162246
87,0.86,0.87,1,134,8,0.00979684334617528,0.000157325399361725,0.984195023875574
88,0.87,0.88,1,133,8,0.0101701306551262,0.000170806731810471,0.983482471132042
89,0.88,0.89,1,133,8,0.00943998186461038,0.000185951130565669,0.980682274574438
90,0.89,0.9,1,134,8,0.00820008936563075,0.000280989149010204,0.966868700893981
91,0.9,0.91,1,133,8,0.00628831990768989,0.000135905150813396,0.978844895753845
92,0.91,0.92,1,133,8,0.00807222794052781,0.000213458239862632,0.974237711251022
93,0.92,0.93,1,134,8,0.0207166030146491,0.000298727159454334,0.985785274036644
94,0.93,0.94,1,133,8,0.011467856085627,0.000154937387716073,0.986669522428371
95,0.94,0.95,1,133,8,0.0217370903295771,0.00030735992810319,0.986057265002737
96,0.95,0.96,1,134,8,0.00483377254738566,0.000299290098514929,0.941693659485346
97,0.96,0.97,1,133,8,0.0188720743118692,0.0002913546818521,0.984796317926841
98,0.97,0.98,1,133,8,0.0066694603757309,0.000262985693077003,0.962064516554945
99,0.98,0.99,1,134,8,0.0301513036243635,0.000311201591637993,0.989784110353651
100,0.99,1,1,133,8,0.00947864888954267,0.000328565915231459,0.966497530463846
101,1,1.01,1,133,8,0.0278122281590713,0.000243826903921409,0.991309294789522
102,1.01,1.02,1,134,8,0.00463942419012696,0.000157218850475125,0.967223149785315
103,1.02,1.03,1,133,8,0.0190278879103921,0.000213166483269938,0.988921268091204
104,1.03,1.04,1,133,8,0.00705924132496268,0.000275359211779388,0.962457503936309
105,1.04,1.05,1,133,8,0.0203401280823186,0.000165679447603976,0.991920364640007
106,1.05,1.06,1,134,8,0.0113070586562167,0.000296631466070879,0.974436454012062
107,1.06,1.07,1,133,8,0.0181318909199117,0.000105196410739434,0.994231731809354
108,1.07,1.08,1,134,8,0.00496831989839301,0.000195174841671947,0.962201018593564
109,1.08,1.09,1,133,8,0.0151668585179879,0.00023382641729873,0.984817141686797
110,1.09,1.1,1,133,8,0.0104087838767735,0.000302625510779882,0.971747367705735
111,1.1,1.11,1,133,8,0.0091886518251008,0.00017316545374515,0.981503008594663
112,1.11,1.12,1,134,8,0.00580918755044643,0.00011131539549845,0.98119832106921
113,1.12,1.13,1,133,8,0.0100190430656359,0.000128683337814914,0.98731899809881
114,1.13,1.14,1,134,8,0.0100717546581126,0.000179633159638767,0.982477186227633
115,1.14,1.15,1,133,8,0.00938458870179852,0.000134487826244614,0.985871757008318
116,1.15,1.16,1,133,8,0.0118040955157393,0.000224121624244067,0.981367012115282
117,1.16,1.17,1,134,8,0.0102497389477647,0.000127743328970097,0.987690335134902
118,1.17,1.18,1,133,8,0.00895824955951161,0.000154306919072825,0.983066561020997
119,1.18,1.19,1,133,8,0.00985300577365559,0.000160471161524171,0.98397448133521
120,1.19,1.2,1,133,8,0.0123805137222968,0.000204113109238052,0.983780757906418
121,1.2,1.21,1,134,8,0.00925151787339555,0.000187592414403235,0.980126049099594
122,1.21,1.22,1,133,8,0.00978536165972278,0.000130009465985432,0.986888088772759
123,1.22,1.23,1,133,8,0.00860530868709336,0.000145384120021671,0.983385987461077
124,1.23,1.24,1,134,8,0.00984186642089783,0.000187101181844466,0.981343923995397
125,1.24,1.25,1,211,8,0.00996470651126834,0.000208280862817924,0.979526086570354
126,0,0.01,-1,212,8,0.00559388781193523,0.000222083028439224,0.961814968724134
127,0.01,0.02,-1,133,8,0.0136557755679987,0.000139904426896815,0.989858823418013
128,0.02,0.03,-1,133,8,0.00735692481950662,0.000255813316926437,0.96639667458123
129,0.03,0.04,-1,133,8,0.0122882371688344,0.000276249313753901,0.978013481558779
130,0.04,0.05,-1,134,8,0.00863124601401879,0.000169674020190048,0.980720876961666
131,0.05,0.06,-1,133,8,0.00834746694439032,0.000212687738253237,0.975153750587652
132,0.06,0.07,-1,133,8,0.0105636581121766,0.000296991739347075,0.972654330688563
133,0.07,0.08,-1,134,8,0.00939967183073236,0.000266939023165664,0.972385458854173
134,0.08,0.09,-1,133,8,0.0108514460199433,0.000146026843696098,0.986721781857821
135,0.09,0.1,-1,134,8,0.00753212176355281,0.000156809664910889,0.979605792252172
136,0.1,0.11,-1,133,8,0.013367417725347,0.000194062138321946,0.985690194560416
137,0.11,0.12,-1,133,8,0.00763929883675849,0.000157834080205814,0.979757420851142
138,0.12,0.13,-1,134,8,0.0102553425954677,0.00018772181411067,0.982024259666684
139,0.13,0.14,-1,133,8,0.00769139370880615,0.000314920402661004,0.960665994579209
140,0.14,0.15,-1,133,8,0.011690486259522,0.000184573011065647,0.984457087172373
141,0.15,0.16,-1,134,8,0.00872139162314149,0.000240843508324004,0.973126847846423
142,0.16,0.17,-1,133,8,0.0132075587072685,0.000250981697944803,0.981351492034932
143,0.17,0.18,-1,133,8,0.00648825601254918,0.000199541535405905,0.97016334092426
144,0.18,0.19,-1,133,8,0.01568983037743,0.000269206155389793,0.983131428088646
145,0.19,0.2,-1,134,8,0.0158020541961545,0.000336349477099034,0.979158441943272
146,0.2,0.21,-1,133,8,0.0127508821949187,0.000314079198971192,0.975960189280155
147,0.21,0.22,-1,134,8,0.00989085010279754,0.000306420992647045,0.969950686827976
148,0.22,0.23,-1,133,8,0.00746870317415433,0.000168610407554422,0.9779228120267
149,0.23,0.24,-1,133,8,0.00666691703897932,0.000273690198381952,0.960566822322307
150,0.24,0.25,-1,134,8,0.0204850824888275,0.000277346013571234,0.986641928060622
151,0.25,0.26,-1,133,8,0.0145715751357597,0.000173644615460924,0.988223667168707
152,0.26,0.27,-1,133,8,0.0153793134424997,0.000197668179381018,0.987310238647046
153,0.27,0.28,-1,134,8,0.0114416043630789,0.000305969475024055,0.973954666789865
154,0.28,0.29,-1,133,8,0.0100250483747388,0.000319608752009026,0.969103978208942
155,0.29,0.3,-1,133,8,0.00924392710795039,0.000202841863028835,0.978527911114163
156,0.3,0.31,-1,134,8,0.0206163189701465,0.00013581199525967,0.993455515701685
157,0.31,0.32,-1,133,8,0.0181330105352745,0.000181112043289907,0.990110798783127
158,0.32,0.33,-1,133,8,0.0133572501399532,0.000277455413238237,0.979650795379788
159,0.33,0.34,-1,133,8,0.0140722686469997,0.000215994015912465,0.984883115532785
160,0.34,0.35,-1,134,8,0.0064992203146967,0.000309040175447824,0.954608056507946
161,0.35,0.36,-1,133,8,0.00933178810724765,0.000256938724908064,0.973204083356883
162,0.36,0.37,-1,134,8,0.00835696437028613,0.000226117889305601,0.973655397622118
163,0.37,0.38,-1,133,8,0.0109343402128261,0.00026284993343839,0.976525366631728
164,0.38,0.39,-1,133,8,0.00814637239536591,0.00016881946983975,0.979697465485293
165,0.39,0.4,-1,134,8,0.00856777648870352,0.000243126435573641,0.972406183831201
166,0.4,0.41,-1,133,8,0.0132018162459317,0.000271307982546109,0.97986302375416
167,0.41,0.42,-1,133,8,0.0100720923383508,0.000231895683234097,0.977494569796828
168,0.42,0.43,-1,134,8,0.00801284638261523,0.000215861124381863,0.973767311063334
169,0.43,0.44,-1,133,8,0.012109386473318,0.000220668414290623,0.982103209085274
170,0.44,0.45,-1,133,8,0.0116028469010288,0.000248834138282223,0.979004316986184
171,0.45,0.46,-1,133,8,0.00835428305534126,0.000347211790581514,0.960097454893718
172,0.46,0.47,-1,134,8,0.0111177943850626,0.000220320776894483,0.980568130262627
173,0.47,0.48,-1,133,8,0.0076237338227916,0.000187355234574906,0.976014198122832
174,0.48,0.49,-1,133,8,0.0101714746798062,0.000209141104965929,0.979852726533552
175,0.49,0.5,-1,134,8,0.00838831332369378,0.000129701851173422,0.984773230792531
176,0.5,0.51,-1,133,8,0.00945766109291108,0.000228429783877718,0.976416720967887
177,0.51,0.52,-1,134,8,0.0153267547580914,0.000159135614302591,0.989723831792954
178,0.52,0.53,-1,133,8,0.0116354385068278,0.000142108746298336,0.987933926882729
179,0.53,0.54,-1,133,8,0.00998761404630425,0.000199442325696318,0.980421986645279
180,0.54,0.55,-1,134,8,0.0170605768676578,0.000189783912438417,0.988998264160516
181,0.55,0.56,-1,133,8,0.0156597502317542,0.000246880008175937,0.984479427480737
182,0.56,0.57,-1,133,8,0.0153605225555149,0.000206916580927446,0.986708373862014
183,0.57,0.58,-1,134,8,0.014642297332474,0.000181697225456693,0.987743032099301
184,0.58,0.59,-1,133,8,0.00739027691438417,0.000208575004099384,0.972551774092078
185,0.59,0.6,-1,133,8,0.0138474228060467,0.000314249529910059,0.977809857306741
186,0.6,0.61,-1,133,8,0.0203371305493333,0.000301689487491299,0.985382425596376
187,0.61,0.62,-1,134,8,0.0148532647726542,0.000265395798826861,0.982445812737705
188,0.62,0.63,-1,133,8,0.0155077508235701,0.000286774763678728,0.981843407572162
189,0.63,0.64,-1,133,8,0.0087258586677084,0.000297792803950768,0.966998636318562
190,0.64,0.65,-1,134,8,0.014091393973698,0.000199766070519838,0.986021703633453
191,0.65,0.66,-1,133,8,0.00864165999604525,0.000330757516313677,0.963136187559475
192,0.66,0.67,-1,134,8,0.0248218987104978,0.000348813139393294,0.98614210271551
193,0.67,0.68,-1,133,8,0.0115620935259948,0.000281821181457897,0.976205402654532
194,0.68,0.69,-1,133,8,0.0153490639526562,0.000289522360832571,0.981486666695515
195,0.69,0.7,-1,134,8,0.00952773363311257,0.000228983779627307,0.976530653708561
196,0.7,0.71,-1,133,8,0.00743855535287232,0.000169317948574326,0.977744378505603
197,0.71,0.72,-1,133,8,0.00779108928467299,0.000136520300138385,0.982779134280282
198,0.72,0.73,-1,134,8,0.0118436256748771,0.000152379462742496,0.987297482704085
199,0.73,0.74,-1,133,8,0.0107890582883181,0.000125682900485949,0.988485031544782
200,0.74,0.75,-1,133,8,0.00798560485919913,0.000178479923064824,0.978138404018958
201,0.75,0.76,-1,133,8,0.0111460729758173,9.40279418256117e-05,0.991634599856837
202,0.76,0.77,-1,134,8,0.00973441058976143,0.000219736068123863,0.977925172726906
203,0.77,0.78,-1,133,8,0.00953955933499571,0.000217630151105743,0.977695405893701
204,0.78,0.79,-1,134,8,0.00843199189621034,0.000167054012429125,0.980572959581332
205,0.79,0.8,-1,133,8,0.0112597699445425,0.000239877613294657,0.979140437818794
206,0.8,0.81,-1,133,8,0.0092101820279713,0.000166318055417131,0.982262245620647
207,0.81,0.82,-1,134,8,0.00949221569977416,0.000131103712229371,0.986376456333161
208,0.82,0.83,-1,133,8,0.0126072139124739,0.000194679846070445,0.984792886916398
209,0.83,0.84,-1,133,8,0.010391638255086,0.000137370035365321,0.986953183853991
210,0.84,0.85,-1,134,8,0.00912147533154696,0.000155798891489109,0.983206393629904
211,0.85,0.86,-1,133,8,0.00926550117253572,0.000154038126004639,0.983646957550407
212,0.86,0.87,-1,133,8,0.0124759340369574,0.000196431366495328,0.984499234338539
213,0.87,0.88,-1,134,8,0.0112879251235869,0.00022534003138665,0.980427791043334
214,0.88,0.89,-1,133,8,0.0161821455818231,0.000170654384888477,0.989564210090268
215,0.89,0.9,-1,133,8,0.00704169533016871,0.000150655377845197,0.979053388250752
216,0.9,0.91,-1,134,8,0.0206392990106813,9.71789956340507e-05,0.99531362097245
217,0.91,0.92,-1,133,8,0.0123061262729987,0.00019016470687314,0.984782308032084
218,0.92,0.93,-1,133,8,0.0177728897217582,0.000197211933650525,0.989025552696795
219,0.93,0.94,-1,134,8,0.0109934458353931,0.000284065997220474,0.974811288036162
220,0.94,0.95,-1,133,8,0.0108352088565218,0.000174932336533673,0.984111708154659
221,0.95,0.96,-1,133,8,0.00827519896162499,0.000211540833273746,0.975073957917161
222,0.96,0.97,-1,134,8,0.0229900844343591,0.000269800445818917,0.988400611301011
223,0.97,0.98,-1,133,8,0.0155527959706717,0.000448272861470654,0.971984817628546
224,0.98,0.99,-1,133,8,0.0216592120416137,0.000284176679654563,0.98704955359155
225,0.99,1,-1,134,8,0.0151610632315844,0.000218500792073158,0.985792783739705
226,1,1.01,-1,133,8,0.00947772362762679,0.000200840795216764,0.979248906506967
227,1.01,1.02,-1,133,8,0.0114555338334074,0.000241562239516414,0.979348529069914
228,1.02,1.03,-1,134,8,0.0144923329517553,0.000129656688968337,0.991132760167794
229,1.03,1.04,-1,133,8,0.0208613334795806,0.000322269151006851,0.984786858183342
230,1.04,1.05,-1,133,8,0.0111211751031448,0.00023647707464568,0.979179052946514
231,1.05,1.06,-1,134,8,0.00883026904791503,0.000192360854675363,0.978680178977513
232,1.06,1.07,-1,133,8,0.00415509932478173,0.00014057604892156,0.967274983165134
233,1.07,1.08,-1,133,8,0.0110247186593828,0.000111699566064618,0.989969884050387
234,1.08,1.09,-1,134,8,0.0103075245496963,0.000191232779991171,0.981785198572938
235,1.09,1.1,-1,133,8,0.00890751006577522,0.000188080664176687,0.979321775818548
236,1.1,1.11,-1,133,8,0.00878788430028565,0.000190589421801645,0.978772625760123
237,1.11,1.12,-1,134,8,0.0100202902290707,0.000210305323401511,0.979443491600966
238,1.12,1.13,-1,133,8,0.00963268194300685,0.000180460544373889,0.981610320587319
239,1.13,1.14,-1,133,8,0.00824088911241565,0.000135041588470507,0.983877422904631
240,1.14,1.15,-1,134,8,0.0101826119149065,0.000142720809765425,0.986177606710494
241,1.15,1.16,-1,133,8,0.00831273930829449,0.000197189769620259,0.97682827109194
242,1.16,1.17,-1,133,8,0.0119582999102849,0.000157651205393335,0.986988127973764
243,1.17,1.18,-1,134,8,0.00962991003037602,0.000149818191842544,0.98468074076924
244,1.18,1.19,-1,133,8,0.0126204470171891,0.000190181854060055,0.985154370174061
245,1.19,1.2,-1,133,8,0.0107420448895083,0.000203980398383401,0.981364888804977
246,1.2,1.21,-1,134,8,0.0106420182795984,8.45696446855199e-05,0.99211588575207
247,1.21,1.22,-1,133,8,0.00620466983165825,0.000170877040188439,0.973198057574794
248,1.22,1.23,-1,133,8,0.006494816777885,8.16263078411829e-05,0.987588076597462
249,1.23,1.24,-1,134,8,0.0297240600606014,0.000134197348896176,0.995505519727568
250,1.24,1.25,-1,211,8,0.0114254718309827,0.000286150276775647,0.975566981743196
1,0,0.01,1,212,10,0.00521615710745846,0.000356723736368301,0.935989347993425
2,0.01,0.02,1,133,10,0.00804565551881732,0.000272259055060417,0.967268351623201
3,0.02,0.03,1,134,10,0.00364695932885064,0.000222785614910841,0.942428863362171
4,0.03,0.04,1,133,10,0.00166790161798806,0.000162816106840088,0.911064330326855
5,0.04,0.05,1,133,10,0.00327949263825211,7.79715274685873e-05,0.976776661307463
6,0.05,0.06,1,133,10,0.00241786957485794,0.00017117516751372,0.933884816777281
7,0.06,0.07,1,134,10,0.00160247255811094,0.000153055495316059,0.912815124191677
8,0.07,0.08,1,133,10,0.0037692566235053,0.000147363692806647,0.962374782106678
9,0.08,0.09,1,134,10,0.0016272998854302,0.000187953130291268,0.896458990199465
10,0.09,0.1,1,133,10,0.00475779979929484,0.000182202926949864,0.963116836761673
11,0.1,0.11,1,133,10,0.00213524593094649,0.00019889968539213,0.914786942168532
12,0.11,0.12,1,134,10,0.0029888753071638,9.95891193242606e-05,0.967754487158687
13,0.12,0.13,1,133,10,0.00215034095116681,0.000193781017107136,0.917333219120068
14,0.13,0.14,1,133,10,0.00159371140467707,0.00017170210429903,0.902741140573568
15,0.14,0.15,1,134,10,0.00310841991178672,0.000133378305875629,0.958856690972023
16,0.15,0.16,1,133,10,0.00192938638898307,0.000181248683948753,0.914125996353796
17,0.16,0.17,1,133,10,0.00229070740672334,0.000135132125269697,0.944294697366617
18,0.17,0.18,1,134,10,0.000832604364575873,0.000140894381092444,0.85527009488264
19,0.18,0.19,1,133,10,0.00329344969252335,0.000138399655649124,0.959671989761781
20,0.19,0.2,1,133,10,0.00138883582854985,0.000207779228102153,0.869862665245152
21,0.2,0.21,1,134,10,0.00462255326670971,0.000139043324312838,0.970799012126523
22,0.21,0.22,1,133,10,0.00235115895105432,0.000162611343233762,0.935311773075187
23,0.22,0.23,1,133,10,0.00442583954800489,0.00017336957103539,0.962304481803696
24,0.23,0.24,1,133,10,0.00152814650547629,0.000169307736605336,0.900257849426498
25,0.24,0.25,1,134,10,0.00303018972313734,0.000108427201357282,0.965453827604418
26,0.25,0.26,1,133,10,0.00223422775524271,0.000185414140293289,0.92337124735881
27,0.26,0.27,1,133,10,0.00424869229452387,0.00011458063292016,0.973739751139684
28,0.27,0.28,1,134,10,0.00223692086652809,0.000185835770408792,0.923295733638461
29,0.28,0.29,1,133,10,0.00397280301710284,0.000119321385231824,0.970841212656255
30,0.29,0.3,1,134,10,0.00209430512107263,0.00013307201977697,0.940256179639964
31,0.3,0.31,1,133,10,0.00331939388484914,0.000145648947048987,0.957966191439775
32,0.31,0.32,1,133,10,0.00262453421243353,0.000168769790219978,0.939580586266423
33,0.32,0.33,1,134,10,0.00378251693992596,0.000171331548301896,0.956667143717819
34,0.33,0.34,1,133,10,0.00260652396917545,0.000346164586372773,0.882762919332513
35,0.34,0.35,1,133,10,0.0032323294519611,0.000160623695162342,0.952659618863727
36,0.35,0.36,1,134,10,0.00276738126638253,0.000148464422993671,0.94908358026812
37,0.36,0.37,1,133,10,0.00338732516481737,0.000190769189739487,0.946684136628053
38,0.37,0.38,1,133,10,0.00202776559374314,0.000251838066501599,0.889525503536627
39,0.38,0.39,1,134,10,0.00266474066782553,0.00016931222999163,0.940257914690993
40,0.39,0.4,1,133,10,0.0024472528444815,0.000155937807815259,0.940097430943955
41,0.4,0.41,1,133,10,0.00250182819063891,0.000222695363933539,0.918262639513687
42,0.41,0.42,1,134,10,0.00297260324064117,0.000155400359571391,0.950319635322405
43,0.42,0.43,1,133,10,0.00198990628630556,0.000173380757113536,0.919853096868964
44,0.43,0.44,1,133,10,0.00263446823922646,0.000129991650989673,0.952977559396056
45,0.44,0.45,1,134,10,0.0016235091291182,0.000138818709212963,0.921229917502513
46,0.45,0.46,1,133,10,0.00296442931867839,7.10358064586813e-05,0.976598048888645
47,0.46,0.47,1,133,10,0.00207077141395164,0.000161367339310096,0.927707299076145
48,0.47,0.48,1,134,10,0.00250105754269916,9.96980115311265e-05,0.961665750797317
49,0.48,0.49,1,133,10,0.00130020583687112,0.000119962075010139,0.91552965391872
50,0.49,0.5,1,133,10,0.00283350364473046,0.00015879118584602,0.9469333087691
51,0.5,0.51,1,134,10,0.00341412344501699,0.000133623828882943,0.962335584085714
52,0.51,0.52,1,133,10,0.00285882866666798,0.000121754405183732,0.959150809674266
53,0.52,0.53,1,133,10,0.00391527266544335,0.000178246164669641,0.956456493284356
54,0.53,0.54,1,134,10,0.00173014013613705,0.000211256239666829,0.891183355290156
55,0.54,0.55,1,133,10,0.00238753943465342,0.000137743942030238,0.945454065352804
56,0.55,0.56,1,133,10,0.00301923547853781,0.000141507904714367,0.955229549648296
57,0.56,0.57,1,134,10,0.00497374846067939,0.000177960010968399,0.965456117723316
58,0.57,0.58,1,133,10,0.00572491118378025,0.000163813047513862,0.972181912230952
59,0.58,0.59,1,133,10,0.00334710655997181,0.00028401977409459,0.921781907880764
60,0.59,0.6,1,134,10,0.0049728549374513,0.000197595315372067,0.961783731452755
61,0.6,0.61,1,133,10,0.00134399828539383,0.000166436268803772,0.889809016656012
62,0.61,0.62,1,133,10,0.00601410374789687,0.000219226888221995,0.964829895762036
63,0.62,0.63,1,134,10,0.000919460492916071,0.000150013051071738,0.859731872831211
64,0.63,0.64,1,133,10,0.00725639519254753,0.000166724070016965,0.977539890695577
65,0.64,0.65,1,133,10,0.00147229502792874,0.00024312550696657,0.858270609438981
66,0.65,0.66,1,134,10,0.00596465472083774,0.000169368260562686,0.972388714376153
67,0.66,0.67,1,133,10,0.00173446728162807,0.000135525749855127,0.927526066903236
68,0.67,0.68,1,133,10,0.00458998748870665,0.000179099281943649,0.962445790870098
69,0.68,0.69,1,133,10,0.00221791694521948,0.000109390268615041,0.952997065464852
70,0.69,0.7,1,134,10,0.00269999952206302,0.000115452243627371,0.958993350539941
71,0.7,0.71,1,133,10,0.00329084709729109,0.000118065146579573,0.965365741875034
72,0.71,0.72,1,134,10,0.00301511503304293,0.000137218525899078,0.9564708101686
73,0.72,0.73,1,133,10,0.00211309460048826,9.30628314180933e-05,0.957816776775682
74,0.73,0.74,1,133,10,0.00250574816678603,8.21995914781006e-05,0.968237538329121
75,0.74,0.75,1,134,10,0.00233886797153455,7.70580951027446e-05,0.968104117022918
76,0.75,0.76,1,133,10,0.00148570058136304,0.000108554489659254,0.931908957586288
77,0.76,0.77,1,133,10,0.00176589211077361,0.000110051796872508,0.941335241195672
78,0.77,0.78,1,134,10,0.00229575811122796,0.000138853610100153,0.94296683578587
79,0.78,0.79,1,133,10,0.00233012140370011,8.66708349132263e-05,0.964138069657591
80,0.79,0.8,1,133,10,0.00174956907529979,0.000102788698169812,0.944509262928575
81,0.8,0.81,1,134,10,0.00221147280844427,9.25610430054514e-05,0.959826526443085
82,0.81,0.82,1,133,10,0.00296319137746586,0.000129033787864817,0.958271542023681
83,0.82,0.83,1,133,10,0.00177320060732758,0.000135637893416303,0.928942184808487
84,0.83,0.84,1,134,10,0.00262417879888031,0.000149359242294617,0.946148478918521
85,0.84,0.85,1,133,10,0.00208543236620824,0.00016761194100913,0.925606460346916
86,0.85,0.86,1,133,10,0.00224036166434468,0.000110379013047388,0.953045006576462
87,0.86,0.87,1,134,10,0.00196990712305424,0.00012288402379099,0.941282232593429
88,0.87,0.88,1,133,10,0.00229498445990917,0.000117849468254422,0.951157240090653
89,0.88,0.89,1,133,10,0.00295110177449962,0.000159977027329211,0.948578278623104
90,0.89,0.9,1,134,10,0.00180039305775576,8.70975971478898e-05,0.953855349205776
91,0.9,0.91,1,133,10,0.00245034062612856,8.40382962785342e-05,0.966840674243488
92,0.91,0.92,1,133,10,0.00148605710884248,8.84986761610318e-05,0.943794512075141
93,0.92,0.93,1,134,10,0.00558274690333991,0.000117904893335558,0.979317296067036
94,0.93,0.94,1,133,10,0.00104480734465721,0.00016200353378823,0.865758971283955
95,0.94,0.95,1,133,10,0.00599830963671635,0.000175356163765854,0.97159610360636
96,0.95,0.96,1,134,10,0.000881749442459628,0.000172372263397818,0.836477835111453
97,0.96,0.97,1,133,10,0.00533981178380932,0.000125485499538292,0.97703958393615
98,0.97,0.98,1,133,10,0.00203149199523832,0.000148382116741841,0.931930878060177
99,0.98,0.99,1,134,10,0.010040273369906,0.000226313278540629,0.977956327035445
100,0.99,1,1,133,10,0.00205714211370774,0.000127894059916306,0.941468218485288
101,1,1.01,1,133,10,0.00657720474731842,9.2337334011567e-05,0.98615537125554
102,1.01,1.02,1,134,10,0.00136377776641918,0.000168834521281348,0.889838726574051
103,1.02,1.03,1,133,10,0.00500275681959595,0.00014675264018248,0.971501627227073
104,1.03,1.04,1,133,10,0.00169421687194238,0.000209352362380144,0.890021146273331
105,1.04,1.05,1,133,10,0.00447744359934598,8.97265979795809e-05,0.980354006068764
106,1.05,1.06,1,134,10,0.00247100915879464,0.00014792262231214,0.943517955152835
107,1.06,1.07,1,133,10,0.00391618292317102,0.000132431373210553,0.96728970370704
108,1.07,1.08,1,134,10,0.00106205749781676,0.00012334400405305,0.895947487953666
109,1.08,1.09,1,133,10,0.00337854669849114,9.29119291456166e-05,0.973235478479872
110,1.09,1.1,1,133,10,0.00313248631199309,0.000164874834872948,0.949997944559499
111,1.1,1.11,1,133,10,0.00196150044141832,0.000124154130847737,0.940472342592741
112,1.11,1.12,1,134,10,0.00186839638125053,0.000139752775693237,0.930407173585687
113,1.12,1.13,1,133,10,0.00262023255469843,0.000141594024822106,0.948731746637514
114,1.13,1.14,1,134,10,0.00294928964372293,0.000126160299515112,0.958978262744123
115,1.14,1.15,1,133,10,0.0022522274238785,0.000141145539258532,0.941026517207109
116,1.15,1.16,1,133,10,0.00278706818678089,0.000163397202550428,0.944619854501171
117,1.16,1.17,1,134,10,0.00179013979687416,0.000153671114546982,0.920943383101687
118,1.17,1.18,1,133,10,0.00162993109422935,0.00014352695660982,0.919069438072186
119,1.18,1.19,1,133,10,0.00170709852393099,0.000136156229984484,0.92613271188084
120,1.19,1.2,1,133,10,0.00245428137963481,0.000125735590487434,0.951265595558669
121,1.2,1.21,1,134,10,0.00199847816388827,8.63009952699465e-05,0.958604250771198
122,1.21,1.22,1,133,10,0.00194975865695499,9.0680876626943e-05,0.955558165221512
123,1.22,1.23,1,133,10,0.00229351005819796,0.000119782082176659,0.950365693331241
124,1.23,1.24,1,134,10,0.0019930015794359,9.33127347240908e-05,0.955273884624781
125,1.24,1.25,1,211,10,0.00193595946312162,0.000190055445354322,0.910604838848206
126,0,0.01,-1,212,10,0.00171647414687656,0.000111924091434236,0.938785714682355
127,0.01,0.02,-1,133,10,0.00301155706665698,0.000122458754612908,0.960925929670869
128,0.02,0.03,-1,133,10,0.00189656155503166,0.000165078414553287,0.919928592291252
129,0.03,0.04,-1,133,10,0.00300408774623242,9.2302255029525e-05,0.970190365234384
130,0.04,0.05,-1,134,10,0.00228923236399019,0.000130432884479277,0.946094657282952
131,0.05,0.06,-1,133,10,0.00156001175964574,0.000170876874466518,0.901277949892971
132,0.06,0.07,-1,133,10,0.0038669311094835,0.000198788303556836,0.951106241390086
133,0.07,0.08,-1,134,10,0.00119064410805324,0.000177770525263713,0.870090160587651
134,0.08,0.09,-1,133,10,0.0030504291147281,0.000119237532421995,0.96238168056909
135,0.09,0.1,-1,134,10,0.00147876524473568,6.98484029933761e-05,0.954896172395352
136,0.1,0.11,-1,133,10,0.0024421569746145,0.000128738586793301,0.949924614315019
137,0.11,0.12,-1,133,10,0.00136151131321139,0.000256393737581052,0.841527327295585
138,0.12,0.13,-1,134,10,0.00310344435815252,0.000139561811637259,0.95696529567617
139,0.13,0.14,-1,133,10,0.00226198087677324,0.000181783200292079,0.92561344116721
140,0.14,0.15,-1,133,10,0.002441030790032,0.000134831971806442,0.947655607354559
141,0.15,0.16,-1,134,10,0.00297982398081288,0.000154982396195543,0.950560775513209
142,0.16,0.17,-1,133,10,0.00204148987733049,0.00021502143186043,0.904710678388966
143,0.17,0.18,-1,133,10,0.00144663560672509,0.000109800849572163,0.929453689466143
144,0.18,0.19,-1,133,10,0.00274991940706258,0.000130472881151028,0.954703086213321
145,0.19,0.2,-1,134,10,0.0049616658547599,0.000118135713020482,0.976744029969639
146,0.2,0.21,-1,133,10,0.00244916838608493,0.00015601962526645,0.940111951772142
147,0.21,0.22,-1,134,10,0.00244974986193457,0.000192793134254535,0.927042574318538
148,0.22,0.23,-1,133,10,0.00115793931216955,0.000127879273660997,0.900546410613286
149,0.23,0.24,-1,133,10,0.00232412531188406,0.000143835833328322,0.941718761007502
150,0.24,0.25,-1,134,10,0.00444252052889692,9.84872936478516e-05,0.978311578068884
151,0.25,0.26,-1,133,10,0.0032623977423057,0.000182957476081621,0.946897354703746
152,0.26,0.27,-1,133,10,0.00328495075224852,0.000157326330604683,0.954295855093025
153,0.27,0.28,-1,134,10,0.00412318964728996,0.000171089812906033,0.960158668178939
154,0.28,0.29,-1,133,10,0.00147913392552931,0.000106173687069502,0.933026444693942
155,0.29,0.3,-1,133,10,0.00343157066158767,0.000118399703970341,0.966647692296516
156,0.3,0.31,-1,134,10,0.00510247005694097,0.000159674054233299,0.969656084884823
157,0.31,0.32,-1,133,10,0.00348213007813375,0.000102140055014912,0.971503248577644
158,0.32,0.33,-1,133,10,0.00254643383224039,0.000113935628815303,0.957173005297508
159,0.33,0.34,-1,133,10,0.00377469658565155,0.000140465940981771,0.964122577280959
160,0.34,0.35,-1,134,10,0.00108111465684668,0.000126932848366738,0.894927270807688
161,0.35,0.36,-1,133,10,0.00377561566991596,0.000236820501232545,0.940978375447962
162,0.36,0.37,-1,134,10,0.00250438714258873,0.000172253535945733,0.935645625755024
163,0.37,0.38,-1,133,10,0.00262121256516178,0.000123109450419755,0.955140304337184
164,0.38,0.39,-1,133,10,0.0014133130847791,0.000115523026597566,0.924437272420559
165,0.39,0.4,-1,134,10,0.00215354507410041,0.000117657507146955,0.948195943365679
166,0.4,0.41,-1,133,10,0.00376581028044133,0.000114153125224655,0.970578813950164
167,0.41,0.42,-1,133,10,0.00280425837346525,0.0001139809326274,0.960941882871143
168,0.42,0.43,-1,134,10,0.00199908378508335,0.000102167148782369,0.951377940094756
169,0.43,0.44,-1,133,10,0.00242143159228949,0.00012212460676081,0.951986668583769
170,0.44,0.45,-1,133,10,0.00240966323834546,0.000133916723494308,0.947351085673184
171,0.45,0.46,-1,133,10,0.00203481490226492,0.000137696104667059,0.936618915058335
172,0.46,0.47,-1,134,10,0.00259578580538371,0.000120014392072427,0.955808828578463
173,0.47,0.48,-1,133,10,0.00180822404465376,7.55594984211866e-05,0.959889500734331
174,0.48,0.49,-1,133,10,0.00278078745518897,9.78716351088834e-05,0.966000963629647
175,0.49,0.5,-1,134,10,0.00122774762773914,9.72793578277358e-05,0.926583111976306
176,0.5,0.51,-1,133,10,0.0026012565167161,0.000100351758239851,0.962854807941582
177,0.51,0.52,-1,134,10,0.00353888737483894,0.00014769926751165,0.959936037901587
178,0.52,0.53,-1,133,10,0.00181104125855868,0.000100330910684511,0.947508438022179
179,0.53,0.54,-1,133,10,0.00247100875522403,8.92641084239421e-05,0.96513492382341
180,0.54,0.55,-1,134,10,0.00396429069488643,0.000113703353710019,0.972117822548281
181,0.55,0.56,-1,133,10,0.00432761900960078,0.000130016933574184,0.970832760855392
182,0.56,0.57,-1,133,10,0.00283285751876556,7.90540200321581e-05,0.972851503564288
183,0.57,0.58,-1,134,10,0.00251352344887364,0.000120527959092376,0.954242366444379
184,0.58,0.59,-1,133,10,0.0021985061306016,0.000129529725047468,0.944360940690342
185,0.59,0.6,-1,133,10,0.00304980657775638,0.000149388647521104,0.953304304050983
186,0.6,0.61,-1,133,10,0.00782411224972698,0.00020715548035232,0.974206378455488
187,0.61,0.62,-1,134,10,0.00231892544506808,0.000119814319850399,0.950870395614186
188,0.62,0.63,-1,133,10,0.00558070933212399,0.000172444204913443,0.970026142392466
189,0.63,0.64,-1,133,10,0.000895110681652377,0.000138766451085022,0.865780520053084
190,0.64,0.65,-1,134,10,0.00487219888132872,0.000129738229273123,0.974062402944224
191,0.65,0.66,-1,133,10,0.00145866216540651,0.000220295376385133,0.868790382781179
192,0.66,0.67,-1,134,10,0.00851079720273854,0.000187065564848938,0.978492927533182
193,0.67,0.68,-1,133,10,0.00172026385382001,0.000176829041759004,0.906789466045081
194,0.68,0.69,-1,133,10,0.00556602032651622,0.000195305967114286,0.966100519713628
195,0.69,0.7,-1,134,10,0.0021106847246253,0.000145313397362856,0.935587979463921
196,0.7,0.71,-1,133,10,0.000948640716763836,9.91100760672105e-05,0.905406823124979
197,0.71,0.72,-1,133,10,0.00195734273000921,9.4754509078366e-05,0.953825526747214
198,0.72,0.73,-1,134,10,0.00279648646001385,0.000157760265372023,0.94659881856976
199,0.73,0.74,-1,133,10,0.00218732610828846,9.74336443235762e-05,0.957354971693551
200,0.74,0.75,-1,133,10,0.00194655103261598,0.000102841342773391,0.949818617455405
201,0.75,0.76,-1,133,10,0.00258627963745869,0.000115872855255805,0.957118313800491
202,0.76,0.77,-1,134,10,0.00218256250486879,0.000148713008344585,0.936209595347397
203,0.77,0.78,-1,133,10,0.00217599220025663,0.000119248643426124,0.948045259061011
204,0.78,0.79,-1,134,10,0.00216067581823806,0.000171067877015954,0.926635214082859
205,0.79,0.8,-1,133,10,0.00225853421508597,0.000133653029506069,0.944129361191013
206,0.8,0.81,-1,133,10,0.00183149922914347,8.65911228178042e-05,0.954855555824436
207,0.81,0.82,-1,134,10,0.00182155937123497,0.000147603211244526,0.925042648810303
208,0.82,0.83,-1,133,10,0.00360371410027226,0.000101633076041665,0.97257124064073
209,0.83,0.84,-1,133,10,0.00249240197768143,0.000110973252403431,0.957373316331425
210,0.84,0.85,-1,134,10,0.0021838760962,9.26114025699691e-05,0.959318290735175
211,0.85,0.86,-1,133,10,0.0022778773210846,7.83280953162461e-05,0.966756678016684
212,0.86,0.87,-1,133,10,0.0029059132562403,0.000143443112263049,0.952959544596143
213,0.87,0.88,-1,134,10,0.00261372087492429,0.000158342976487142,0.942879029858378
214,0.88,0.89,-1,133,10,0.00289055254410288,6.89930533170907e-05,0.976687957307623
215,0.89,0.9,-1,133,10,0.0021922762212266,9.40614444611502e-05,0.958859338289012
216,0.9,0.91,-1,134,10,0.00402202634465098,0.000123251262404884,0.970267066747208
217,0.91,0.92,-1,133,10,0.00342819283946855,0.000113889404359265,0.967846764552765
218,0.92,0.93,-1,133,10,0.00382308041680354,0.000143716171558931,0.963770219027475
219,0.93,0.94,-1,134,10,0.0048963547408489,0.000139162905385038,0.972363733947171
220,0.94,0.95,-1,133,10,0.00160724996828086,0.000167623165684569,0.905557663544061
221,0.95,0.96,-1,133,10,0.00320150667140188,0.000199788717742825,0.941260991803166
222,0.96,0.97,-1,134,10,0.00400688566082634,0.000224183195838264,0.947014997053253
223,0.97,0.98,-1,133,10,0.00589014741888352,0.000193174617973487,0.968245209311113
224,0.98,0.99,-1,133,10,0.00404427670828655,0.000161130238253988,0.961684983093839
225,0.99,1,-1,134,10,0.00552739292348369,0.000143007876032989,0.97477993512466
226,1,1.01,-1,133,10,0.0012797767865541,0.000147468338824016,0.896676235776284
227,1.01,1.02,-1,133,10,0.00339389447306577,0.00010377260152786,0.970330909341931
228,1.02,1.03,-1,134,10,0.00169981601866179,9.08450450458082e-05,0.949267314241082
229,1.03,1.04,-1,133,10,0.00669266820271947,0.000157554960830436,0.977000025098629
230,1.04,1.05,-1,133,10,0.00224831264370453,0.000132912799374056,0.944183025693603
231,1.05,1.06,-1,134,10,0.00260613856365211,0.000166756820580059,0.93986184205567
232,1.06,1.07,-1,133,10,0.00123021377922717,7.93667353271622e-05,0.939395299147245
233,1.07,1.08,-1,133,10,0.00300041716893788,0.000108930347536217,0.964966814754839
234,1.08,1.09,-1,134,10,0.00302300963668515,0.000186895705754105,0.941775321756971
235,1.09,1.1,-1,133,10,0.00233399261816502,0.000156334966684137,0.937223131753726
236,1.1,1.11,-1,133,10,0.00276644592470764,6.76019313547448e-05,0.97614651029617
237,1.11,1.12,-1,134,10,0.00267431790820609,0.000137108211857203,0.951231792690993
238,1.12,1.13,-1,133,10,0.00191398565863463,0.000120520878690999,0.94076161640187
239,1.13,1.14,-1,133,10,0.00207541727212515,0.000189736166527523,0.91623694744477
240,1.14,1.15,-1,134,10,0.00245745383129606,0.000101876918949701,0.960193922204108
241,1.15,1.16,-1,133,10,0.00228324842933903,9.36100092238104e-05,0.960616077211392
242,1.16,1.17,-1,133,10,0.00233566871403833,8.35533438559549e-05,0.965462722372546
243,1.17,1.18,-1,134,10,0.00170740487975391,0.000104104113210534,0.942531826441461
244,1.18,1.19,-1,133,10,0.00291913774731198,0.000163445778309086,0.946977664368022
245,1.19,1.2,-1,133,10,0.00159336393695833,9.05188250470923e-05,0.94624398616725
246,1.2,1.21,-1,134,10,0.00171805121312054,0.000113028479428434,0.938272222728279
247,1.21,1.22,-1,133,10,0.00200979054379179,0.000124154081540364,0.941819445515819
248,1.22,1.23,-1,133,10,0.00232155284138798,9.10705652492492e-05,0.96225247380146
249,1.23,1.24,-1,134,10,0.0054302772370514,0.000116463547993301,0.979003246680048
250,1.24,1.25,-1,211,10,0.00361412367292464,0.000127074388528471,0.9660337714173
1,0,0.01,1,212,12,0,0.00180516583076368,0
2,0.01,0.02,1,133,12,0.00350875824919094,0.000233940874297825,0.937494074041475
3,0.02,0.03,1,134,12,0.00180140958165592,0.00019894472263457,0.900545257303739
4,0.03,0.04,1,133,12,0.000507495355226901,0.000112373744830712,0.81871374969285
5,0.04,0.05,1,133,12,0.00117170340696685,0.000164693951589746,0.876762737867406
6,0.05,0.06,1,133,12,0.000561674255077722,0.000109603840191399,0.836723645589154
7,0.06,0.07,1,134,12,0.000473211933824059,7.41403094815258e-05,0.864547354307391
8,0.07,0.08,1,133,12,0.00098568928544404,7.47712990990205e-05,0.929491675420225
9,0.08,0.09,1,134,12,0.00108928622912591,0.000125549493232835,0.896653110439437
10,0.09,0.1,1,133,12,0.000589578956226235,0.000223303893876876,0.725293879864054
11,0.1,0.11,1,133,12,0.00115872537354007,0.000135699743016421,0.89516601518254
12,0.11,0.12,1,134,12,0.0013677850193913,0.000148780433538112,0.901896463980024
13,0.12,0.13,1,133,12,0.00038116376193637,0.000149994816684357,0.717608219613337
14,0.13,0.14,1,133,12,0.000815599912962179,0.000123489751471092,0.868500574388052
15,0.14,0.15,1,134,12,0.00103759528908975,6.72833255829835e-05,0.939103423046238
16,0.15,0.16,1,133,12,0.00111724527810578,8.83909110756151e-05,0.926685253919235
17,0.16,0.17,1,133,12,0.00053948668101618,7.71943560200387e-05,0.87482288025097
18,0.17,0.18,1,134,12,0.000642844156883096,0.000136742076228968,0.824596599553712
19,0.18,0.19,1,133,12,0.000498818961740332,9.17289522167658e-05,0.844671448245214
20,0.19,0.2,1,133,12,0.000582786062448696,7.78996424096731e-05,0.882092738140335
21,0.2,0.21,1,134,12,0.000833813840388028,8.54727480866012e-05,0.907022740070182
22,0.21,0.22,1,133,12,0.000722014051781108,0.000107962409314502,0.869921119001392
23,0.22,0.23,1,133,12,0.000512537104365195,5.39855071203151e-05,0.904707233169817
24,0.23,0.24,1,133,12,0.000479921352295242,8.35401010772877e-05,0.85173768218346
25,0.24,0.25,1,134,12,0.000550410819562861,0.000101811320387334,0.8439008519473
26,0.25,0.26,1,133,12,0.00101035717637452,9.86969789211346e-05,0.911007971567607
27,0.26,0.27,1,133,12,0.000919645303150189,6.95522201315165e-05,0.929688238704062
28,0.27,0.28,1,134,12,0.000642494228979927,9.61572994872842e-05,0.869820482620781
29,0.28,0.29,1,133,12,0.00194851851336606,0.000117783266615516,0.942998032641406
30,0.29,0.3,1,134,12,0.000501865250999821,9.69166626795789e-05,0.838143637164916
31,0.3,0.31,1,133,12,0.000813820930980919,0.000126015744725382,0.865917400349716
32,0.31,0.32,1,133,12,0.000972180443124067,0.000218025898239126,0.816816722729429
33,0.32,0.33,1,134,12,0.00152622255714781,0.000178875883053659,0.895093515520122
34,0.33,0.34,1,133,12,0.000583633481787971,0.000200914944687171,0.743910078833691
35,0.34,0.35,1,133,12,0.000911022657159638,0.0001056660868451,0.896068401004538
36,0.35,0.36,1,134,12,0.00150486386409757,0.000110176200268,0.931781134908699
37,0.36,0.37,1,133,12,0.000986157902370885,0.000114383694855601,0.896065995920678
38,0.37,0.38,1,133,12,0.000494104265291918,0.000103588967992639,0.826685392733364
39,0.38,0.39,1,134,12,0.000528388187766651,7.03066831151529e-05,0.882566752222881
40,0.39,0.4,1,133,12,0.0008124657816341,0.000103963284804979,0.886556102799157
41,0.4,0.41,1,133,12,0.000607096881481361,6.99289491962793e-05,0.896711549208858
42,0.41,0.42,1,134,12,0.000594889241993096,7.92581467250357e-05,0.88243201998343
43,0.42,0.43,1,133,12,0.000791008519359398,0.000113954699374868,0.874078087356687
44,0.43,0.44,1,133,12,0.000683765877741337,6.96347977409289e-05,0.907572690061162
45,0.44,0.45,1,134,12,0.000540636101266253,4.84689545796198e-05,0.917724429456771
46,0.45,0.46,1,133,12,0.000621632046572346,6.23246482289988e-05,0.908876324038175
47,0.46,0.47,1,133,12,0.00122156877408413,6.32916900205382e-05,0.95074041750935
48,0.47,0.48,1,134,12,0.00067597804994102,6.51998207191522e-05,0.912032154088629
49,0.48,0.49,1,133,12,0.000335169679495857,0.00010876999074568,0.754989251835727
50,0.49,0.5,1,133,12,0.00167504150289101,7.75397965986007e-05,0.955756804764959
51,0.5,0.51,1,134,12,0.000816717010619035,8.67157013565803e-05,0.904015318233329
52,0.51,0.52,1,133,12,0.000970542267199924,8.98523533386744e-05,0.915265174305546
53,0.52,0.53,1,133,12,0.00161984847826259,8.22170689623476e-05,0.951695709312491
54,0.53,0.54,1,134,12,0.000901136029129722,7.81329886641255e-05,0.920212947367468
55,0.54,0.55,1,133,12,0.000129879004787451,7.30524742238725e-05,0.640014084656642
56,0.55,0.56,1,133,12,0.000542884504560422,0.000111151809945023,0.830052540692529
57,0.56,0.57,1,134,12,0.001618807588264,0.000108879413304768,0.936979665178991
58,0.57,0.58,1,133,12,0.00145151725525196,0.000130479418094981,0.917522318287224
59,0.58,0.59,1,133,12,0.00122871029854352,0.000112139696429081,0.916366710035023
60,0.59,0.6,1,134,12,0.000638794228409006,0.000148140467006408,0.811749986537058
61,0.6,0.61,1,133,12,0.00139912287457471,8.99799941322703e-05,0.939574359822165
62,0.61,0.62,1,133,12,0.000469546188061631,9.40790151907659e-05,0.833082313126022
63,0.62,0.63,1,134,12,0.00096572012719751,0.00017885603372964,0.843736013525951
64,0.63,0.64,1,133,12,0.00111319178230264,9.48834151483053e-05,0.921459015673436
65,0.64,0.65,1,133,12,0.00187442095895389,0.00013152233749882,0.934433671314935
66,0.65,0.66,1,134,12,0.000386738751458097,8.20124584164191e-05,0.825040540293488
67,0.66,0.67,1,133,12,0.00105372870413789,7.63403846183734e-05,0.932446267774307
68,0.67,0.68,1,133,12,0.00101510682912653,6.81902954112834e-05,0.937053008019035
69,0.68,0.69,1,133,12,0.0010824177798847,9.08112250758726e-05,0.922597187171549
70,0.69,0.7,1,134,12,0.000749691739970525,9.47351400974274e-05,0.887811316369034
71,0.7,0.71,1,133,12,0.00221138586182709,6.60236716920249e-05,0.971009310920903
72,0.71,0.72,1,134,12,0.000834605379287123,7.13306936216872e-05,0.921262994426686
73,0.72,0.73,1,133,12,0.000880268506111802,7.84797848824139e-05,0.918143494366983
74,0.73,0.74,1,133,12,0.00132989016273679,6.28410648071175e-05,0.954879259138938
75,0.74,0.75,1,134,12,0.000867061049218832,0.000150296152378914,0.852268060674387
76,0.75,0.76,1,133,12,0.000498271762564167,8.0311788054497e-05,0.861192410381142
77,0.76,0.77,1,133,12,0.000670091804649643,7.79504803133058e-05,0.895794018760361
78,0.77,0.78,1,134,12,0.00120968881889276,0.00010400671443629,0.920828904569139
79,0.78,0.79,1,133,12,0.000817138346723502,8.36402109339108e-05,0.907146756299986
80,0.79,0.8,1,133,12,0.000213158245528011,0.000115230120986,0.649104131765631
81,0.8,0.81,1,134,12,0.000817574568597127,0.0001090997759818,0.882267404272022
82,0.81,0.82,1,133,12,0.000710304458182731,0.000102680875760794,0.873698981428456
83,0.82,0.83,1,133,12,0.000539397166441682,7.39862823924374e-05,0.87938004761448
84,0.83,0.84,1,134,12,0.000654357582376553,0.00012964355576511,0.834638561785245
85,0.84,0.85,1,133,12,0.00114704965798163,0.000122914541624351,0.90321416803522
86,0.85,0.86,1,133,12,0.000505097392289859,4.64144275686536e-05,0.915841463596264
87,0.86,0.87,1,134,12,0.000413970741388509,0.000100072481299345,0.805322827181571
88,0.87,0.88,1,133,12,0.000693035992447604,5.59047312361439e-05,0.925354932014953
89,0.88,0.89,1,133,12,0.00106801358890482,0.000131274589748189,0.890539578322509
90,0.89,0.9,1,134,12,0.000771135167036218,7.79128810814356e-05,0.908235015374961
91,0.9,0.91,1,133,12,0.000404955693618121,8.80479186428952e-05,0.821405124722942
92,0.91,0.92,1,133,12,0.000844708937097887,0.000109829460740654,0.884939714327519
93,0.92,0.93,1,134,12,0.000757421141847392,8.14376657535028e-05,0.902918506647845
94,0.93,0.94,1,133,12,0.000959787594923534,6.81441851378423e-05,0.933707482870338
95,0.94,0.95,1,133,12,0.00150491188075661,4.81556212016227e-05,0.968993220744814
96,0.95,0.96,1,134,12,0.00101449992754649,9.77305404661572e-05,0.912131034639984
97,0.96,0.97,1,133,12,0.000425642942276566,9.64495168028097e-05,0.815263532109078
98,0.97,0.98,1,133,12,0.000687547362395877,0.000117569662119772,0.853971958684515
99,0.98,0.99,1,134,12,0.00159652984731329,0.000131740934830926,0.923772978058752
100,0.99,1,1,133,12,0.00151200686668023,0.000106682228592582,0.934093440856472
101,1,1.01,1,133,12,0.00112097028161818,0.000146045104743601,0.884732966690351
102,1.01,1.02,1,134,12,0.00116545112431918,0.000123101697616415,0.90446515228495
103,1.02,1.03,1,133,12,0.00132269891160769,0.000116209681785143,0.919237620569678
104,1.03,1.04,1,133,12,0.000655409106785207,0.000136578404410686,0.827549800369385
105,1.04,1.05,1,133,12,0.000966053517685806,0.000165910611641167,0.85343121098739
106,1.05,1.06,1,134,12,0.00149339469528307,0.000113330593521749,0.929464859791899
107,1.06,1.07,1,133,12,0.00112345385199438,6.85571482040363e-05,0.942486144681027
108,1.07,1.08,1,134,12,0.000528890025738399,9.91427481207378e-05,0.842137620443715
109,1.08,1.09,1,133,12,0.000981244580176267,9.49896542473156e-05,0.911738865751478
110,1.09,1.1,1,133,12,0.00114912796272732,0.000128999027024913,0.899071823019777
111,1.1,1.11,1,133,12,0.000623663441337285,0.000102913186107749,0.85835879903041
112,1.11,1.12,1,134,12,0.000548801889663643,7.1044371199611e-05,0.885383883576763
113,1.12,1.13,1,133,12,0.00135375025327768,0.000118165249362206,0.919720086411023
114,1.13,1.14,1,134,12,0.000671991793420686,7.7586047140488e-05,0.896493675583575
115,1.14,1.15,1,133,12,0.000950523344761293,7.07967458399801e-05,0.930681138566166
116,1.15,1.16,1,133,12,0.00107681940328503,8.30239183718745e-05,0.928417988169928
117,1.16,1.17,1,134,12,0.00108411659015487,9.66919364786642e-05,0.918113788732259
118,1.17,1.18,1,133,12,0.000513176871655796,7.78047879933901e-05,0.868346526964008
119,1.18,1.19,1,133,12,0.000563055239533291,6.75902132940138e-05,0.892823752250977
120,1.19,1.2,1,133,12,0.000654964028627216,0.00010050871030747,0.866959183134523
121,1.2,1.21,1,134,12,0.000962738210705383,9.06263162457974e-05,0.913964905854479
122,1.21,1.22,1,133,12,0.000581631924213502,9.79337058616252e-05,0.855887788423322
123,1.22,1.23,1,133,12,0.000935936990426833,8.38930184783267e-05,0.917738233092013
124,1.23,1.24,1,134,12,0.0010930614718588,0.00016918638093226,0.865964215698084
125,1.24,1.25,1,211,12,0.000433596155765758,0.000157738132899092,0.733250488052633
126,0,0.01,-1,212,12,0.000529085714172224,0.000150788800009878,0.77821083616985
127,0.01,0.02,-1,133,12,0.000404562876069853,8.33087526543788e-05,0.829240423608505
128,0.02,0.03,-1,133,12,0.000476526252346267,0.000136183787862922,0.777735341473389
129,0.03,0.04,-1,133,12,0.000552837937707889,0.000101690976570566,0.844634859740812
130,0.04,0.05,-1,134,12,0.000413641890863565,5.62860787287974e-05,0.880224029274906
131,0.05,0.06,-1,133,12,0.000325326928324368,6.89014883355861e-05,0.825224450029898
132,0.06,0.07,-1,133,12,0.00063411521715258,6.83928362211807e-05,0.902644765575672
133,0.07,0.08,-1,134,12,0.000467752931779592,6.95100074936838e-05,0.870621994534546
134,0.08,0.09,-1,133,12,0.000244600271828657,0.0001130970324433,0.683819164716678
135,0.09,0.1,-1,134,12,0.000886768345820455,0.000101193625318733,0.897573359830794
136,0.1,0.11,-1,133,12,0.000324221157345193,0.000147434185554078,0.687411183242836
137,0.11,0.12,-1,133,12,0.000272908906712974,7.15010247603826e-05,0.792395577983169
138,0.12,0.13,-1,134,12,0.000877647659435084,0.000155087240774728,0.849828604859563
139,0.13,0.14,-1,133,12,0.000905882479356976,0.000132730300522698,0.872204248692111
140,0.14,0.15,-1,133,12,0.000680948429797235,9.79359095132477e-05,0.874261293275011
141,0.15,0.16,-1,134,12,0.00119399897603357,0.000101118820701423,0.921923070660951
142,0.16,0.17,-1,133,12,0.000578434741431872,0.000112881658020477,0.836714913591085
143,0.17,0.18,-1,133,12,0.000360271643680747,8.83461338873593e-05,0.803070367905902
144,0.18,0.19,-1,133,12,0.00136911785536854,7.16116054496119e-05,0.950294897552143
145,0.19,0.2,-1,134,12,0.00152117390751024,0.000140029899260841,0.915705767895499
146,0.2,0.21,-1,133,12,0.001081959250482,9.87892976110236e-05,0.9163333312833
147,0.21,0.22,-1,134,12,0.000397863392323491,0.000116798200827357,0.773058253458746
148,0.22,0.23,-1,133,12,0.000468248446055927,8.60648110044919e-05,0.844736148904497
149,0.23,0.24,-1,133,12,0.00121996269333977,6.30145444295149e-05,0.950884129059781
150,0.24,0.25,-1,134,12,0.000570191235181466,0.000126009647712729,0.819003895558289
151,0.25,0.26,-1,133,12,0.00107671107453459,0.000117306244703026,0.901754988966219
152,0.26,0.27,-1,133,12,0.000933250344636499,9.60824933113786e-05,0.906655563905906
153,0.27,0.28,-1,134,12,0.000871373898110293,0.000111224912904504,0.886805365874975
154,0.28,0.29,-1,133,12,0.000506453027820539,9.14210535455943e-05,0.847089786302998
155,0.29,0.3,-1,133,12,0.000854651781577873,0.000120420408660871,0.876501032573407
156,0.3,0.31,-1,134,12,0.00211657271680086,0.000115476822724222,0.948264220538406
157,0.31,0.32,-1,133,12,0.00101690913064757,0.0001118124055654,0.900938892385674
158,0.32,0.33,-1,133,12,0.000620878239189962,9.65781259879929e-05,0.865388153655814
159,0.33,0.34,-1,133,12,0.000586515302523204,0.000150787438701963,0.795487755204326
160,0.34,0.35,-1,134,12,0.000689528948031817,0.000137504788979872,0.833737388420554
161,0.35,0.36,-1,133,12,0.00114186973424029,0.000111552929475907,0.911001346389278
162,0.36,0.37,-1,134,12,0.00141980199489423,0.000193579472252827,0.880016303524837
163,0.37,0.38,-1,133,12,0.000677896721535905,0.000113808220469211,0.856249197862812
164,0.38,0.39,-1,133,12,0.000480594939821573,0.000104041013623413,0.822041369487545
165,0.39,0.4,-1,134,12,0.000875774256154603,7.27572592911382e-05,0.923294842494561
166,0.4,0.41,-1,133,12,0.00131204412752566,0.000102516084461215,0.927527945722988
167,0.41,0.42,-1,133,12,0.000652078399575209,9.62575619790981e-05,0.871371192987747
168,0.42,0.43,-1,134,12,0.000574914619159016,0.000101500647918931,0.84994329244311
169,0.43,0.44,-1,133,12,0.000963237218485246,7.97402814705097e-05,0.92354554007743
170,0.44,0.45,-1,133,12,0.000569997150945172,0.000112810786811285,0.834784013815138
171,0.45,0.46,-1,133,12,0.000818784463353249,0.00011273409108087,0.878978158251122
172,0.46,0.47,-1,134,12,0.000497124111228308,6.56641513532644e-05,0.883323523749313
173,0.47,0.48,-1,133,12,0.000600098983918038,8.23014332096721e-05,0.879394222008118
174,0.48,0.49,-1,133,12,0.00102067505972442,6.93250729164992e-05,0.93639902341247
175,0.49,0.5,-1,134,12,0.00026171185120647,8.46336211399351e-05,0.755638147752984
176,0.5,0.51,-1,133,12,0.000635039674725364,8.51978612813549e-05,0.881708662736844
177,0.51,0.52,-1,134,12,0.0014794947565525,0.00012850139047687,0.920086008468201
178,0.52,0.53,-1,133,12,0.000893911410415182,9.13137083164703e-05,0.907316910033694
179,0.53,0.54,-1,133,12,0.000183858892549077,0.000114287066997172,0.616674104284
180,0.54,0.55,-1,134,12,0.00128542823827538,8.30145132967926e-05,0.939336509911416
181,0.55,0.56,-1,133,12,0.000769201612260626,9.25352358287624e-05,0.892617756761907
182,0.56,0.57,-1,133,12,0.000699141753985389,0.000106783349347766,0.867502142685306
183,0.57,0.58,-1,134,12,0.000878656249034488,0.000105112607259368,0.893153146100439
184,0.58,0.59,-1,133,12,0.000594903098323502,0.000135491689416636,0.814495267914149
185,0.59,0.6,-1,133,12,0.00068140761998002,0.000135084027979137,0.834555529971699
186,0.6,0.61,-1,133,12,0.0006787096607887,0.000136244790447495,0.832819134565341
187,0.61,0.62,-1,134,12,0.00198050283763881,9.90153999513339e-05,0.952385414005276
188,0.62,0.63,-1,133,12,0.000609558247360862,0.000109994174399181,0.847135287057845
189,0.63,0.64,-1,133,12,0.000610890403722637,0.000134092604245076,0.820005821863138
190,0.64,0.65,-1,134,12,0.000377854627271385,0.000182698232416132,0.674074925747453
191,0.65,0.66,-1,133,12,0.00134386664073244,0.000164880078114175,0.890717191921902
192,0.66,0.67,-1,134,12,0.000600461348982284,0.000115016737502964,0.839244919340608
193,0.67,0.68,-1,133,12,0.000933607815267047,0.000130599964360482,0.877279637622841
194,0.68,0.69,-1,133,12,0.000398401079756894,8.10700469814812e-05,0.830917770725916
195,0.69,0.7,-1,134,12,0.0010461696772341,0.00013663714943455,0.884480587739432
196,0.7,0.71,-1,133,12,0.000214498744245948,4.95170028867047e-05,0.812446782343535
197,0.71,0.72,-1,133,12,0.000357371846626773,7.13639316135843e-05,0.833547991010966
198,0.72,0.73,-1,134,12,0.00099902783239705,9.34604221142994e-05,0.914451783139671
199,0.73,0.74,-1,133,12,0.000986805066916501,7.6944092222063e-05,0.927667071168946
200,0.74,0.75,-1,133,12,0.000269139005997561,7.42391754554275e-05,0.783797633439353
201,0.75,0.76,-1,133,12,0.000766500876015571,9.77541917232715e-05,0.88689196584172
202,0.76,0.77,-1,134,12,0.000874875914527812,0.000102532345266725,0.895097729900217
203,0.77,0.78,-1,133,12,0.000275828378520553,6.95296180979e-05,0.798673785524893
204,0.78,0.79,-1,134,12,0.000940473784270329,0.000124261700590181,0.883293360316191
205,0.79,0.8,-1,133,12,0.000923180264958604,9.83900720333066e-05,0.903687422715284
206,0.8,0.81,-1,133,12,0.000336417322580327,7.19943400078673e-05,0.823721145592113
207,0.81,0.82,-1,134,12,0.00072291827925406,0.000114759642099906,0.863002665852269
208,0.82,0.83,-1,133,12,0.00131567202310313,0.000123650356670988,0.914091270719772
209,0.83,0.84,-1,133,12,0.000566346014599577,0.00010059225605867,0.849173063708896
210,0.84,0.85,-1,134,12,0.000639786067758952,0.000124199432886106,0.837432212023343
211,0.85,0.86,-1,133,12,0.000483857628201262,0.000125251957236788,0.794368763468545
212,0.86,0.87,-1,133,12,0.000793043202856262,0.00011008003784214,0.878111831385257
213,0.87,0.88,-1,134,12,0.000416288004147614,0.000122453553386739,0.772704459728019
214,0.88,0.89,-1,133,12,0.000546066633827757,8.69837795890368e-05,0.862595809519253
215,0.89,0.9,-1,133,12,0.000578641554385052,0.000105459698679141,0.845841974113085
216,0.9,0.91,-1,134,12,0.00167557340287715,0.000110842070636361,0.937952804216167
217,0.91,0.92,-1,133,12,0.000780708337362432,9.62096237625755e-05,0.89028663110156
218,0.92,0.93,-1,133,12,0.000698770585439517,9.59953643851642e-05,0.879215554709736
219,0.93,0.94,-1,134,12,0.000995862658903601,6.98045508575915e-05,0.934496857726124
220,0.94,0.95,-1,133,12,0.000916582671816666,0.000103395664518493,0.898629548456883
221,0.95,0.96,-1,133,12,0.0002049904554748,0.000105291745084144,0.660658120593218
222,0.96,0.97,-1,134,12,0.00137941565857114,0.000132350120468593,0.91245328985244
223,0.97,0.98,-1,133,12,0.00109260794278584,0.000135529157722544,0.889646556832749
224,0.98,0.99,-1,133,12,0.00128380488255854,0.000156844765880132,0.891129140211074
225,0.99,1,-1,134,12,0.000490099925682194,0.000190514566723108,0.720084469477242
226,1,1.01,-1,133,12,0.000658451498674148,0.000134052470674881,0.830849464659472
227,1.01,1.02,-1,133,12,0.000276663110182726,0.000177214818024514,0.609554007782468
228,1.02,1.03,-1,134,12,0.00117977192316638,0.000138532369960102,0.894916241506307
229,1.03,1.04,-1,133,12,0.00128005936723574,0.000149145974104214,0.895644124892241
230,1.04,1.05,-1,133,12,0.000850115886131025,0.000156174622848245,0.844801653742456
231,1.05,1.06,-1,134,12,0.000299180428359087,0.000135935805579095,0.687587373266318
232,1.06,1.07,-1,133,12,0.0005049020834413,0.000133614200629932,0.790742689007088
233,1.07,1.08,-1,133,12,0.000855129944291896,0.000176552723353503,0.828869158230168
234,1.08,1.09,-1,134,12,0.000607435301117581,0.000132408884066056,0.821031391855583
235,1.09,1.1,-1,133,12,0.000596710008887992,0.000104482611356376,0.850992996303978
236,1.1,1.11,-1,133,12,0.000672915297256673,0.000131775499109781,0.836240827278245
237,1.11,1.12,-1,134,12,0.00157720067703585,0.000119153156862572,0.929759255126188
238,1.12,1.13,-1,133,12,0.000340074233353288,0.000154420366082034,0.687720823931402
239,1.13,1.14,-1,133,12,0.000857449544514134,8.8049590107114e-05,0.906875017773141
240,1.14,1.15,-1,134,12,0.00111497079555386,8.36466901949241e-05,0.930214024749798
241,1.15,1.16,-1,133,12,0.00133561260123076,0.000106301813611444,0.926277307087552
242,1.16,1.17,-1,133,12,0.000373959889966833,6.49682735829651e-05,0.8519842676361
243,1.17,1.18,-1,134,12,0.000878203863008251,7.53360211596013e-05,0.920993319303737
244,1.18,1.19,-1,133,12,0.0011257354517837,3.9416846224418e-05,0.966170219728526
245,1.19,1.2,-1,133,12,0.00067018662456264,5.76537168868805e-05,0.920787961859793
246,1.2,1.21,-1,134,12,0.000727096500970083,5.92014997199349e-05,0.924708571472924
247,1.21,1.22,-1,133,12,0.000486063029088701,7.99834421416544e-05,0.85869809952564
248,1.22,1.23,-1,133,12,0.000808715366497503,9.78394849058755e-05,0.892075493551861
249,1.23,1.24,-1,134,12,0.00169677515906776,6.24783072248621e-05,0.9644858978982
250,1.24,1.25,-1,211,12,0.00136889757113185,0.00015557238683405,0.897949850686707
1,0,0.01,1,212,14,0.00207492313692115,0.000149864351506754,0.932638801554637
2,0.01,0.02,1,133,14,0.000341492810907843,0.000160152169498508,0.680745994171458
3,0.02,0.03,1,134,14,0.0011445919502838,9.99454300781936e-05,0.919692705373684
4,0.03,0.04,1,133,14,0.000539641064281386,8.44297019204322e-05,0.864711333244653
5,0.04,0.05,1,133,14,0.00079568512601752,5.89103986375128e-05,0.931066338474809
6,0.05,0.06,1,133,14,0.000222981952926527,7.93699577931204e-05,0.737491462831484
7,0.06,0.07,1,134,14,0.000233951410568415,6.39493960706468e-05,0.785333256421396
8,0.07,0.08,1,133,14,0.000753068624021316,9.37279013509776e-05,0.889314730820642
9,0.08,0.09,1,134,14,0.000324138582974769,0.000112049991929057,0.743115711011544
10,0.09,0.1,1,133,14,0.000828361151098336,8.97911703052207e-05,0.902204494600679
11,0.1,0.11,1,133,14,0.000141890290443208,0.000172825210516442,0.450852563698157
12,0.11,0.12,1,134,14,0.000759330689920073,0.000128939970684398,0.854841574305005
13,0.12,0.13,1,133,14,0.000358650829678638,0.000117720244274744,0.752881208135101
14,0.13,0.14,1,133,14,0.000224207909587038,8.12742023962287e-05,0.733947752722488
15,0.14,0.15,1,134,14,0.000817180683051839,9.36731133394421e-05,0.897159002124637
16,0.15,0.16,1,133,14,0.000281723878329718,0.000119303806000113,0.702504812854791
17,0.16,0.17,1,133,14,0.000157133011949309,6.37983925281828e-05,0.71122986033123
18,0.17,0.18,1,134,14,0.000142193013712132,6.76377445731989e-05,0.677655720610683
19,0.18,0.19,1,133,14,0.000603733495300995,7.52486136362462e-05,0.889174379345537
20,0.19,0.2,1,133,14,0.00010965062016943,7.5954866796705e-05,0.590772514119889
21,0.2,0.21,1,134,14,0.00088196017806862,6.16064305132604e-05,0.934708975547735
22,0.21,0.22,1,133,14,0.000642704422713794,9.55734770451036e-05,0.870545390731166
23,0.22,0.23,1,133,14,0.000422433548707802,7.43869932800831e-05,0.850273917856848
24,0.23,0.24,1,133,14,0.000372123274468859,8.7606215448712e-05,0.809439643594715
25,0.24,0.25,1,134,14,0.000400299321450715,0.000101213618417314,0.798183435817333
26,0.25,0.26,1,133,14,0.000415861447739087,9.17315707568768e-05,0.819281259957664
27,0.26,0.27,1,133,14,0.000649965375990453,5.5251365959556e-05,0.921653354673941
28,0.27,0.28,1,134,14,0.000627014588001208,0.000102427021527567,0.85958160298295
29,0.28,0.29,1,133,14,0.000719163762972103,8.41533171926476e-05,0.895242713903968
30,0.29,0.3,1,134,14,0.000522507908909091,9.86467107527834e-05,0.841188155685807
31,0.3,0.31,1,133,14,0.000424450068584018,7.66259217462544e-05,0.847077243322418
32,0.31,0.32,1,133,14,0.00058353440727786,0.000103132221725086,0.849807435851606
33,0.32,0.33,1,134,14,0.00075999617617324,0.000113484378996661,0.870077956143412
34,0.33,0.34,1,133,14,0.000464679997240871,0.000104631946414859,0.816213329825852
35,0.34,0.35,1,133,14,0.000387909105821769,8.31316872512655e-05,0.823514887725709
36,0.35,0.36,1,134,14,0.00062992106860687,7.0031550867148e-05,0.899948155176884
37,0.36,0.37,1,133,14,0.00070378884498998,9.80625618112352e-05,0.877704820395051
38,0.37,0.38,1,133,14,0.000201530151611665,0.000145930114732647,0.580009201431856
39,0.38,0.39,1,134,14,0.000562950017687397,9.07201934758399e-05,0.861214123075306
40,0.39,0.4,1,133,14,0.000689058418204724,7.49024107468803e-05,0.901955168500367
41,0.4,0.41,1,133,14,0.000335906591678857,6.94988549274666e-05,0.828569508601213
42,0.41,0.42,1,134,14,0.000369905632697604,9.22924081857779e-05,0.800318478180083
43,0.42,0.43,1,133,14,0.000415749009403919,0.000103167545157002,0.801186637330742
44,0.43,0.44,1,133,14,0.000418190606828426,5.88428178987901e-05,0.876648438351174
45,0.44,0.45,1,134,14,0.000334967031604761,8.7201960595579e-05,0.793442999825536
46,0.45,0.46,1,133,14,0.000311756906809159,6.04309147791119e-05,0.837633282783866
47,0.46,0.47,1,133,14,0.000470341480719143,7.44340267344757e-05,0.863367523473304
48,0.47,0.48,1,134,14,0.000709969294419644,9.15979154312958e-05,0.885726468965304
49,0.48,0.49,1,133,14,0.00036787183542771,5.07667179120037e-05,0.878733772828591
50,0.49,0.5,1,133,14,0.000768383153726058,6.01464544748686e-05,0.927405787458253
51,0.5,0.51,1,134,14,0.000548785624185752,0.000119095191946714,0.821681969192699
52,0.51,0.52,1,133,14,0.00038496302768485,4.78110142564199e-05,0.889524302238746
53,0.52,0.53,1,133,14,0.000705886688532788,5.99546904388025e-05,0.921713957896461
54,0.53,0.54,1,134,14,0.000289957666552299,0.00011390999316965,0.717952179562795
55,0.54,0.55,1,133,14,0.000214006554755614,6.60932186361694e-05,0.764036872162253
56,0.55,0.56,1,133,14,0.000414678524616853,0.000129116334221291,0.762564260910526
57,0.56,0.57,1,134,14,0.000679508148177611,0.000144434477010157,0.824703234673359
58,0.57,0.58,1,133,14,0.000844827160751392,0.000138363951098027,0.859270543203183
59,0.58,0.59,1,133,14,0.000458186101432598,0.000183013961400961,0.714575883551547
60,0.59,0.6,1,134,14,0.00086140604503434,9.4619475162337e-05,0.90102829562241
61,0.6,0.61,1,133,14,0.00021595708344496,8.37817297077991e-05,0.720484214818384
62,0.61,0.62,1,133,14,0.000768339276006895,9.973384676083e-05,0.885108933631255
63,0.62,0.63,1,134,14,0.000323195775961419,0.000101044618966169,0.761822258855345
64,0.63,0.64,1,133,14,0.00114666892563366,7.88700899206389e-05,0.935644570332209
65,0.64,0.65,1,133,14,0.000319082168002809,6.85456247999532e-05,0.823166382615832
66,0.65,0.66,1,134,14,0.000782679933576644,0.00010041362536298,0.886293332856428
67,0.66,0.67,1,133,14,9.26953079497989e-05,0.000116276299901005,0.44357847892896
68,0.67,0.68,1,133,14,0.00064421569610943,7.99782001735777e-05,0.889562449250024
69,0.68,0.69,1,133,14,0.000386917240322601,7.32802343722279e-05,0.840763501753628
70,0.69,0.7,1,134,14,0.000647438140460818,7.51686089050237e-05,0.895975772477919
71,0.7,0.71,1,133,14,0.000771765339971693,0.000100499715137789,0.884783054704427
72,0.71,0.72,1,134,14,0.000846844220547938,8.20223998554901e-05,0.911696256433603
73,0.72,0.73,1,133,14,0.000656296288911908,6.78059762305497e-05,0.906358563569457
74,0.73,0.74,1,133,14,0.000592495189008808,8.19370545958612e-05,0.878509582878291
75,0.74,0.75,1,134,14,0.000286876105108176,0.000149294975448663,0.657714639727914
76,0.75,0.76,1,133,14,0.000195800936929721,0.000104357844729159,0.652324532527727
77,0.76,0.77,1,133,14,0.000315508511437485,0.000114564439207819,0.733616264319994
78,0.77,0.78,1,134,14,0.000143898770649903,9.95285476710875e-05,0.591136490523853
79,0.78,0.79,1,133,14,0.00042142871779487,0.000129080262165279,0.765525601099872
80,0.79,0.8,1,133,14,8.5839771456775e-05,0.000107326090849885,0.44438375617582
81,0.8,0.81,1,134,14,0.000293994422029277,0.000133814303894856,0.687209970750839
82,0.81,0.82,1,133,14,0.000482477513404607,0.000130644119668431,0.78691973562631
83,0.82,0.83,1,133,14,0.000277574606578572,0.000138456012638635,0.667197542096419
84,0.83,0.84,1,134,14,0.000245763770398935,9.95684399857049e-05,0.711673464010777
85,0.84,0.85,1,133,14,0.000371169531035559,0.000153227914556438,0.707801943269465
86,0.85,0.86,1,133,14,0.000336991436129707,8.69247676160091e-05,0.794948230692898
87,0.86,0.87,1,134,14,0.000233232629467005,8.44595318622421e-05,0.73414662952697
88,0.87,0.88,1,133,14,0.000248688998939953,6.14914486811489e-05,0.801755883864533
89,0.88,0.89,1,133,14,0.000448518593296318,0.000128950124493781,0.776697645220927
90,0.89,0.9,1,134,14,0.000297687609644166,8.94770044135465e-05,0.768891574372526
91,0.9,0.91,1,133,14,0.000318970174461576,5.86251596274394e-05,0.844740773164271
92,0.91,0.92,1,133,14,0.000423157647689837,9.08036274333896e-05,0.82332593557439
93,0.92,0.93,1,134,14,0.00104834770388976,8.9305249802331e-05,0.921500445709297
94,0.93,0.94,1,133,14,0.00031453756862061,9.48771719605023e-05,0.76826146555975
95,0.94,0.95,1,133,14,0.00167524055019195,9.19462776521561e-05,0.947970256339944
96,0.95,0.96,1,134,14,5.10962532912524e-05,0.000135632063523935,0.273639553779218
97,0.96,0.97,1,133,14,0.000549672542668447,0.000108902733726288,0.834638897587443
98,0.97,0.98,1,133,14,0.000359113631818007,9.44927803676386e-05,0.791685527741248
99,0.98,0.99,1,134,14,0.00118739474563069,0.000114518871653359,0.91203804143914
100,0.99,1,1,133,14,0.00023200013238257,0.000173805765319693,0.571702219450706
101,1,1.01,1,133,14,0.00105455609508848,0.00016855947543909,0.862188431330014
102,1.01,1.02,1,134,14,0.000380580803411967,0.000159792983820225,0.704291755825743
103,1.02,1.03,1,133,14,0.000793224334982463,0.000180907068067961,0.814288844912028
104,1.03,1.04,1,133,14,0.00037432135894453,0.000157733393154911,0.703539170484788
105,1.04,1.05,1,133,14,0.000357783199393522,0.000156177491308555,0.696129501469822
106,1.05,1.06,1,134,14,0.000327283298578275,0.000136234039849076,0.706086421035945
107,1.06,1.07,1,133,14,0.000689618540101799,7.70712988282813e-05,0.899475257248962
108,1.07,1.08,1,134,14,4.11527361799649e-05,9.47420501739354e-05,0.302827925074285
109,1.08,1.09,1,133,14,0.000173321091626603,6.6893743566605e-05,0.721525344124556
110,1.09,1.1,1,133,14,0.000627523598847888,0.000141938213645927,0.815535727256032
111,1.1,1.11,1,133,14,0.000277056438455609,0.000122422153728769,0.693545145787774
112,1.11,1.12,1,134,14,7.11783486117021e-05,0.000176337573081887,0.287570787869627
113,1.12,1.13,1,133,14,0.000518424227247666,5.63509403258703e-05,0.901960029756051
114,1.13,1.14,1,134,14,0.0006233850079224,0.000103310253385565,0.857835520766134
115,1.14,1.15,1,133,14,0.000428995658312737,0.000116402847808209,0.786572851773826
116,1.15,1.16,1,133,14,0.000651589746162667,8.5980107433296e-05,0.883427844814824
117,1.16,1.17,1,134,14,0.00035837662015022,7.02191012539312e-05,0.836164717128109
118,1.17,1.18,1,133,14,0.000370601118773899,7.85061705713095e-05,0.82519506489024
119,1.18,1.19,1,133,14,0.000334380244639516,0.000120874337118456,0.734490674093387
120,1.19,1.2,1,133,14,0.000194107472222897,0.00013734515293504,0.585626594842641
121,1.2,1.21,1,134,14,0.00044362580669358,0.000101107498512971,0.814390826581398
122,1.21,1.22,1,133,14,0.000487577184884222,0.000121174793677985,0.800945544416653
123,1.22,1.23,1,133,14,0.000645682905767687,0.000129051893574678,0.833424426417628
124,1.23,1.24,1,134,14,0.000419343542125158,0.000121622672204184,0.775175105242081
125,1.24,1.25,1,211,14,0.000470238879912278,0.00016859201948126,0.736092885235656
126,0,0.01,-1,212,14,0.000432945769704061,0.000150102273391492,0.742555909124469
127,0.01,0.02,-1,133,14,0.000454263238715796,5.90785851361282e-05,0.884913750660671
128,0.02,0.03,-1,133,14,0.000566376089167622,0.000126283474349144,0.817683201098129
129,0.03,0.04,-1,133,14,0.000497626394454218,8.30145126871675e-05,0.857029513997102
130,0.04,0.05,-1,134,14,0.000339811774305433,0.000112687642992357,0.75096621413283
131,0.05,0.06,-1,133,14,0.00013241181569849,0.000116249491227448,0.532498671930203
132,0.06,0.07,-1,133,14,0.000438305455892635,8.5465612281668e-05,0.836826397113583
133,0.07,0.08,-1,134,14,0.000184919181783796,8.55854545946165e-05,0.683608178623268
134,0.08,0.09,-1,133,14,0.000333048917748043,8.51327063799995e-05,0.796421694622495
135,0.09,0.1,-1,134,14,0.000146308941374847,9.15077953554826e-05,0.615217176832903
136,0.1,0.11,-1,133,14,0.0010081248626643,5.48135114787999e-05,0.948432088997644
137,0.11,0.12,-1,133,14,0.000333708741766128,8.36202688225285e-05,0.799629868279276
138,0.12,0.13,-1,134,14,0.00105472112888469,3.05781427329117e-05,0.971825151336059
139,0.13,0.14,-1,133,14,0.00072323612181745,7.63544682872345e-05,0.904508045452063
140,0.14,0.15,-1,133,14,0.000585649215335501,0.000103519698185603,0.849790528628606
141,0.15,0.16,-1,134,14,0.000486204038707561,5.85946341366666e-05,0.892447179008785
142,0.16,0.17,-1,133,14,0.000302238203986509,7.65945500541691e-05,0.797814340926961
143,0.17,0.18,-1,133,14,0.000353516859327919,0.000111212487829506,0.760694071700548
144,0.18,0.19,-1,133,14,0.000553209116801303,6.37814948523694e-05,0.896624853526667
145,0.19,0.2,-1,134,14,0.00100919085330629,8.70245580822605e-05,0.920613633800287
146,0.2,0.21,-1,133,14,0.00036876064737696,5.89031681800721e-05,0.862267589547293
147,0.21,0.22,-1,134,14,0.000627095940541388,9.70290155589762e-05,0.86600514905396
148,0.22,0.23,-1,133,14,0.000169142389017763,7.77902806021131e-05,0.684973718860845
149,0.23,0.24,-1,133,14,0.000828409794555523,9.39429863245562e-05,0.898148530289117
150,0.24,0.25,-1,134,14,0.000542547240623284,9.90937147961327e-05,0.845562048433522
151,0.25,0.26,-1,133,14,0.000498298839133938,8.54000006789839e-05,0.853691673078612
152,0.26,0.27,-1,133,14,0.000393633107889913,8.10458174647302e-05,0.829261816491686
153,0.27,0.28,-1,134,14,0.000374259933911091,8.34737763776455e-05,0.817636816993464
154,0.28,0.29,-1,133,14,0.000338980505247021,9.40942719186742e-05,0.782729734263251
155,0.29,0.3,-1,133,14,0.000463381129902902,6.46720237281994e-05,0.877527435858513
156,0.3,0.31,-1,134,14,0.000531347188782287,8.57194711389035e-05,0.861085557353153
157,0.31,0.32,-1,133,14,0.0010806612437221,4.85130458337147e-05,0.957036707014647
158,0.32,0.33,-1,133,14,0.000628946927662585,9.34377637739442e-05,0.870653732171242
159,0.33,0.34,-1,133,14,0.000362810970176269,4.31534981717391e-05,0.893701292757606
160,0.34,0.35,-1,134,14,0.000350860426111518,0.000108101341365264,0.764465476155958
161,0.35,0.36,-1,133,14,0.000523036553139401,0.000104002984724721,0.834136480326289
162,0.36,0.37,-1,134,14,0.000532861743143967,8.64437529886289e-05,0.860418236995396
163,0.37,0.38,-1,133,14,0.000569256928394369,7.2101169201073e-05,0.887580480434577
164,0.38,0.39,-1,133,14,0.000268070626998336,8.23374894532549e-05,0.765024023167483
165,0.39,0.4,-1,134,14,0.00047119443071733,5.06717810772369e-05,0.902902736502159
166,0.4,0.41,-1,133,14,0.000772958742868517,7.91385931032946e-05,0.907124937771296
167,0.41,0.42,-1,133,14,0.000436132755729365,6.94348442441708e-05,0.862659624058572
168,0.42,0.43,-1,134,14,0.000659208828879292,9.72025009474346e-05,0.871495181107743
169,0.43,0.44,-1,133,14,0.00029757075263767,7.60922952033617e-05,0.796361198563756
170,0.44,0.45,-1,133,14,0.000648761718378652,8.29659804635303e-05,0.886616318345188
171,0.45,0.46,-1,133,14,0.000229884453197446,7.88278817897689e-05,0.744655872616708
172,0.46,0.47,-1,134,14,0.000261392325932659,9.68125764865645e-05,0.729728499435052
173,0.47,0.48,-1,133,14,0.000383223082186915,8.50026041602311e-05,0.818458049955829
174,0.48,0.49,-1,133,14,0.000580155009130888,5.59232532297245e-05,0.912081175322385
175,0.49,0.5,-1,134,14,0.000407831834048751,6.83775952010986e-05,0.85641276505421
176,0.5,0.51,-1,133,14,0.000328437338079566,4.47831309368459e-05,0.880008909868026
177,0.51,0.52,-1,134,14,0.000362209072640083,8.44512584943517e-05,0.810927336484391
178,0.52,0.53,-1,133,14,0.000650720665577424,7.84770844799017e-05,0.892378871885257
179,0.53,0.54,-1,133,14,0.000405395785870159,7.03723380845381e-05,0.852086900022669
180,0.54,0.55,-1,134,14,0.000321551484743176,9.72764587508035e-05,0.767741240139575
181,0.55,0.56,-1,133,14,0.00124426860143831,9.61200704517751e-05,0.928289404060513
182,0.56,0.57,-1,133,14,0.000287002378765563,0.000102078623186667,0.737641718114009
183,0.57,0.58,-1,134,14,0.000932092345049315,8.55017424860019e-05,0.915976573042899
184,0.58,0.59,-1,133,14,0.000775668079505272,6.54866994966878e-05,0.922146671300627
185,0.59,0.6,-1,133,14,0.000516455838690829,8.74051428132139e-05,0.855256183972157
186,0.6,0.61,-1,133,14,0.00195524932116149,0.000107706003615523,0.94779043330608
187,0.61,0.62,-1,134,14,0.000609815659960351,7.726955182515e-05,0.88754007436086
188,0.62,0.63,-1,133,14,0.000615850937419664,0.000150467530377397,0.803648826564304
189,0.63,0.64,-1,133,14,0.000114409056479774,8.77853268638322e-05,0.565836966328333
190,0.64,0.65,-1,134,14,0.000763351783517241,6.26386231170795e-05,0.924165435077734
191,0.65,0.66,-1,133,14,0.000436377673391247,0.000104681296404017,0.806525162232079
192,0.66,0.67,-1,134,14,0.00136899712566826,9.49479168482118e-05,0.935142430835382
193,0.67,0.68,-1,133,14,0.000362722892598184,7.662540538963e-05,0.825593030084402
194,0.68,0.69,-1,133,14,0.000597675146161558,0.000125713259632589,0.826216098259719
195,0.69,0.7,-1,134,14,0.000331355688757652,6.63918763002114e-05,0.833080370232932
196,0.7,0.71,-1,133,14,0.000107363074306696,6.2429996638293e-05,0.632317171184684
197,0.71,0.72,-1,133,14,0.000386052271878004,4.0605674379987e-05,0.904828505513328
198,0.72,0.73,-1,134,14,0.000255374017505112,0.00010643085394415,0.705833551887167
199,0.73,0.74,-1,133,14,0.000721244800632486,8.27261105467977e-05,0.897103104855556
200,0.74,0.75,-1,133,14,0.000290671313832036,6.98317313259964e-05,0.806293643662886
201,0.75,0.76,-1,133,14,0.000288839220921051,8.15299779608224e-05,0.779868363225243
202,0.76,0.77,-1,134,14,0.000447375877065965,8.4119010146098e-05,0.841731290046192
203,0.77,0.78,-1,133,14,0.000221951791718042,0.000135325166329535,0.621231755137385
204,0.78,0.79,-1,134,14,0.000428855666586206,0.000122262924998068,0.778154961808484
205,0.79,0.8,-1,133,14,0.00041597776196392,7.9539138857835e-05,0.839482490454051
206,0.8,0.81,-1,133,14,0.000244413848737952,6.31072570161941e-05,0.794787233021181
207,0.81,0.82,-1,134,14,0.00064093234750446,0.000100816115585692,0.864083148665131
208,0.82,0.83,-1,133,14,0.000743588455712006,7.72930245288261e-05,0.905841432180746
209,0.83,0.84,-1,133,14,9.66814034309201e-05,0.000100303550049454,0.490806032251354
210,0.84,0.85,-1,134,14,0.000333101214278131,0.000115541142204265,0.742464926606192
211,0.85,0.86,-1,133,14,0.000276068478734337,7.21057502379884e-05,0.792903252917896
212,0.86,0.87,-1,133,14,0.000553951981973613,8.54139501563318e-05,0.866408349484951
213,0.87,0.88,-1,134,14,0.000246928758937001,6.64204618701699e-05,0.788030550390155
214,0.88,0.89,-1,133,14,0.000365560607227223,6.72890669414176e-05,0.844544027737442
215,0.89,0.9,-1,133,14,0.000445291284008484,8.41427877474339e-05,0.84107031973147
216,0.9,0.91,-1,134,14,0.00114869397731476,0.000185891216624418,0.860712364059923
217,0.91,0.92,-1,133,14,0.00108130444783445,0.00010112767748086,0.914474856259599
218,0.92,0.93,-1,133,14,0.000474249794711571,9.10982512054024e-05,0.838863418979994
219,0.93,0.94,-1,134,14,0.000625122574898998,8.0764077082404e-05,0.885584920956216
220,0.94,0.95,-1,133,14,0.000941570068513066,7.15250901361643e-05,0.929399435457248
221,0.95,0.96,-1,133,14,0.000569995096440441,8.01448260710561e-05,0.876726804037113
222,0.96,0.97,-1,134,14,0.00062595126798609,0.00010674250432452,0.85431498347816
223,0.97,0.98,-1,133,14,0.00172414634166663,9.50796857994254e-05,0.947736188706656
224,0.98,0.99,-1,133,14,0.00107976149441057,0.00014123177847274,0.884330420478706
225,0.99,1,-1,134,14,0.00131534519763549,7.37248580745229e-05,0.946925025291947
226,1,1.01,-1,133,14,0.000193230783630748,7.97491844023652e-05,0.707857008787211
227,1.01,1.02,-1,133,14,0.000790686603991646,0.000134907564024388,0.854247607984009
228,1.02,1.03,-1,134,14,0.000778269633697444,0.000135082235934942,0.852102743284129
229,1.03,1.04,-1,133,14,0.00126381047283672,0.000106743912486061,0.922116251912964
230,1.04,1.05,-1,133,14,0.00012527419412596,0.000161906450460532,0.436220882177979
231,1.05,1.06,-1,134,14,0.000760999327847271,8.7064803827398e-05,0.897337004861329
232,1.06,1.07,-1,133,14,0.000154520035788223,0.000137893632197603,0.528429593775736
233,1.07,1.08,-1,133,14,0.000902531762867046,0.000156553696899917,0.852180298146701
234,1.08,1.09,-1,134,14,0.000291782017194928,0.0001217073914746,0.705657777629144
235,1.09,1.1,-1,133,14,0.000320542133678642,6.28052378317596e-05,0.836166248944646
236,1.1,1.11,-1,133,14,0.000629957025175747,9.64330700310321e-05,0.867243412778666
237,1.11,1.12,-1,134,14,0.000549442498773012,0.000125827694266801,0.813663189100096
238,1.12,1.13,-1,133,14,0.000492617381283426,6.65289556979469e-05,0.881016915791468
239,1.13,1.14,-1,133,14,0.00022164949895121,8.29217342024934e-05,0.727742724275452
240,1.14,1.15,-1,134,14,0.000335267925495345,0.000108324621726139,0.755801529117997
241,1.15,1.16,-1,133,14,0.000734136274505081,9.04266385310627e-05,0.89033385190937
242,1.16,1.17,-1,133,14,0.000315448975641328,6.94394848534494e-05,0.819585433233867
243,1.17,1.18,-1,134,14,0.000268367249233972,7.08623272273409e-05,0.791108051466077
244,1.18,1.19,-1,133,14,0.000857368475118349,8.77739844225241e-05,0.907131476809155
245,1.19,1.2,-1,133,14,0.000392362355878164,0.000119944621018138,0.765873535931922
246,1.2,1.21,-1,134,14,0.000347768089551369,0.000118813001479641,0.745354015060708
247,1.21,1.22,-1,133,14,0.000323900305914762,8.83012955143146e-05,0.785781289523914
248,1.22,1.23,-1,133,14,0.000491283203781436,9.41458266618461e-05,0.839184902411554
249,1.23,1.24,-1,134,14,0.00167767041325367,0.000148947981957079,0.918456979110903
250,1.24,1.25,-1,211,14,0.000495515618958457,0.000138206192662583,0.781913467189876
1,0,0.01,1,212,16,0,0.0017105201746756,0
2,0.01,0.02,1,133,16,0.000422810567586731,0.000174285491871394,0.70811146864784
3,0.02,0.03,1,134,16,0.000439658665934421,0.000108037346526187,0.802742134198107
4,0.03,0.04,1,133,16,0.000360047460032779,0.000162306137111578,0.689279181767128
5,0.04,0.05,1,133,16,0.00026270502312839,0.000142547970171859,0.648249432999878
6,0.05,0.06,1,133,16,0.000171750028374275,0.000106382001532804,0.617512583615972
7,0.06,0.07,1,134,16,0.000475870204077715,9.15292987716473e-05,0.838686325398584
8,0.07,0.08,1,133,16,0.000166328620085308,4.78150693617141e-05,0.776715020250255
9,0.08,0.09,1,134,16,0.000154734719090454,8.42029608106983e-05,0.647594465445831
10,0.09,0.1,1,133,16,0.000180092193907641,5.15540525552793e-05,0.777444904277646
11,0.1,0.11,1,133,16,0.000465265378750092,6.37809060158808e-05,0.879441727779839
12,0.11,0.12,1,134,16,0.000295512996186883,0.000101512032862716,0.744318303796322
13,0.12,0.13,1,133,16,0.000202364753349516,7.9047338315787e-05,0.719104684350942
14,0.13,0.14,1,133,16,8.99381238685031e-05,0.000102913116365241,0.46636010097469
15,0.14,0.15,1,134,16,0.0002729127345336,6.23080382961441e-05,0.814128349594284
16,0.15,0.16,1,133,16,0.00042004027731419,0.000175388489971885,0.7054416924273
17,0.16,0.17,1,133,16,3.54808897653211e-05,0.000106465759379076,0.249959333166278
18,0.17,0.18,1,134,16,0.000151862687786844,8.433369291318e-05,0.64295095181714
19,0.18,0.19,1,133,16,0.000193016014973277,7.26969717981647e-05,0.72640790846743
20,0.19,0.2,1,133,16,0.000239251696025321,7.46024311853421e-05,0.762302213934985
21,0.2,0.21,1,134,16,9.79495265544089e-05,7.0944043696602e-05,0.579948226618903
22,0.21,0.22,1,133,16,0.000541329543866229,7.65942366624878e-05,0.876045818147748
23,0.22,0.23,1,133,16,0.000211741989837349,5.43299702061785e-05,0.795807231256948
24,0.23,0.24,1,133,16,0.000170690367918417,7.93722086685698e-05,0.682590614909707
25,0.24,0.25,1,134,16,0.000145846686791955,8.62176435936376e-05,0.628475244556625
26,0.25,0.26,1,133,16,0.000440921116669713,0.000107591843275874,0.803848129155331
27,0.26,0.27,1,133,16,0.000157369533471961,8.53490155728739e-05,0.648362204253667
28,0.27,0.28,1,134,16,0.000457713287112446,5.56159621074553e-05,0.89165635468469
29,0.28,0.29,1,133,16,0.000480629440715391,6.52828288980878e-05,0.880415164611871
30,0.29,0.3,1,134,16,0.000150542660335395,6.30961111815494e-05,0.70465982961082
31,0.3,0.31,1,133,16,0.000108885677742708,6.92461969358976e-05,0.611264423838602
32,0.31,0.32,1,133,16,0.000658273787802483,9.18937017948256e-05,0.877502420367278
33,0.32,0.33,1,134,16,0.000403754087921346,7.92957315433842e-05,0.835843574827847
34,0.33,0.34,1,133,16,0.000136664135189454,0.000110523166557294,0.552876843687834
35,0.34,0.35,1,133,16,0.000351306113967261,7.89433693688342e-05,0.816517224479346
36,0.35,0.36,1,134,16,0.000227156045621191,0.000106933440553865,0.679925753491584
37,0.36,0.37,1,133,16,0.000166693706257006,0.00011828454284366,0.584934839002828
38,0.37,0.38,1,133,16,0.000211719741521896,4.44388261206079e-05,0.826518290879004
39,0.38,0.39,1,134,16,0.000368891624108287,7.27744128633705e-05,0.835227509540108
40,0.39,0.4,1,133,16,0.000247667471998239,8.47854019753e-05,0.744970163855319
41,0.4,0.41,1,133,16,0.000244798686883864,7.44390911790059e-05,0.766822424242202
42,0.41,0.42,1,134,16,0.000196432094047736,5.50063218616549e-05,0.781233421859144
43,0.42,0.43,1,133,16,0.000285318058245189,8.01440194929938e-05,0.780704964003382
44,0.43,0.44,1,133,16,0.000128783706792675,6.1039796835789e-05,0.678439204476699
45,0.44,0.45,1,134,16,0.000199928876785442,8.64757733875126e-05,0.69806435288222
46,0.45,0.46,1,133,16,0.000124766642560734,6.16582122307676e-05,0.669259700914203
47,0.46,0.47,1,133,16,0.000319684661482309,5.02604404131148e-05,0.864140813986713
48,0.47,0.48,1,134,16,9.17427745067694e-05,8.74624063068933e-05,0.511942646357772
49,0.48,0.49,1,133,16,0.000226553117459283,7.85617358810992e-05,0.742517497850369
50,0.49,0.5,1,133,16,0.000442888976196091,5.23493804566408e-05,0.894294576029076
51,0.5,0.51,1,134,16,0.000272654858574703,6.8302994460529e-05,0.799673203439983
52,0.51,0.52,1,133,16,0.000273493413467564,7.74403811109388e-05,0.779330511032856
53,0.52,0.53,1,133,16,0.00045463653955249,6.60433327445824e-05,0.873159428166062
54,0.53,0.54,1,134,16,0.000289116755872813,7.83107094636103e-05,0.7868675674751
55,0.54,0.55,1,133,16,9.37196529932846e-05,0.000127492414077408,0.423664288455543
56,0.55,0.56,1,133,16,0.000357018930740711,8.40753126212535e-05,0.809393765875424
57,0.56,0.57,1,134,16,0.000310629271675947,0.000139517934150968,0.690061534660255
58,0.57,0.58,1,133,16,0.0003740582628712,0.000125570239029182,0.748672786777447
59,0.58,0.59,1,133,16,0.000247014577129299,0.000130077675874988,0.655050787072231
60,0.59,0.6,1,134,16,0.000283241648810443,8.41642704513658e-05,0.770922932813743
61,0.6,0.61,1,133,16,0.000701206096349125,7.87629071653684e-05,0.899017900954439
62,0.61,0.62,1,133,16,0.000184247425165782,9.33295205098567e-05,0.663770633823039
63,0.62,0.63,1,134,16,0.00035239802233887,9.07152816229753e-05,0.795277458808173
64,0.63,0.64,1,133,16,0.00010060899005382,7.03190156559321e-05,0.588604480793283
65,0.64,0.65,1,133,16,0.000842318827709288,0.000134665258654813,0.862162280292633
66,0.65,0.66,1,134,16,0.000206046644438502,7.24055388702601e-05,0.739971373146056
67,0.66,0.67,1,133,16,0.000383489678346064,9.15714533773122e-05,0.807242800426297
68,0.67,0.68,1,133,16,0.000137506540883169,5.37174340685011e-05,0.719086301379952
69,0.68,0.69,1,133,16,0.000207465958969813,5.62213040350238e-05,0.786787941918937
70,0.69,0.7,1,134,16,0.000256724054069834,4.63713864277333e-05,0.847007311124149
71,0.7,0.71,1,133,16,0.000522021113963945,8.51192529775606e-05,0.859803008311978
72,0.71,0.72,1,134,16,0.000186991878168576,7.1036989251311e-05,0.724693636174772
73,0.72,0.73,1,133,16,0.000338116352590904,8.34609576257581e-05,0.802026922220115
74,0.73,0.74,1,133,16,0.000427095908247474,0.000101391040837343,0.808148449052674
75,0.74,0.75,1,134,16,0.000221659938342311,8.41499029904372e-05,0.724829316729298
76,0.75,0.76,1,133,16,0.000162638985279998,7.2497637594672e-05,0.691678664478762
77,0.76,0.77,1,133,16,0.000395494660030202,6.45796765006486e-05,0.859632082529084
78,0.77,0.78,1,134,16,0.00032806982365546,6.93378322251388e-05,0.825524669192655
79,0.78,0.79,1,133,16,0.000197850055555962,0.000100821119767246,0.662434382366687
80,0.79,0.8,1,133,16,0.000130371066413135,6.35457819844355e-05,0.672303966831426
81,0.8,0.81,1,134,16,0.000504826136369523,6.72645496937587e-05,0.882423274259847
82,0.81,0.82,1,133,16,0.00030960390022455,6.81297526337103e-05,0.81963547034218
83,0.82,0.83,1,133,16,0.000225717344240886,6.14889476241098e-05,0.785906683224707
84,0.83,0.84,1,134,16,0.000158567663835987,4.78855261913176e-05,0.768056254374251
85,0.84,0.85,1,133,16,0.000264971983164689,8.09213667361526e-05,0.766051105754561
86,0.85,0.86,1,133,16,0.000177715061473905,8.96335783425072e-05,0.664731496655235
87,0.86,0.87,1,134,16,0.000167495311982706,3.39126457460001e-05,0.831622115985705
88,0.87,0.88,1,133,16,0.000166151128580753,6.04987868261854e-05,0.733073860991463
89,0.88,0.89,1,133,16,0.000344113880447018,7.04475791035256e-05,0.830067225303812
90,0.89,0.9,1,134,16,0.000106712727821491,8.75761478591399e-05,0.549247750019944
91,0.9,0.91,1,133,16,0.000116421005026115,6.5063973654324e-05,0.641491135368898
92,0.91,0.92,1,133,16,0.000611931117429589,9.3897069543396e-05,0.866968943325878
93,0.92,0.93,1,134,16,0.000372753920047723,5.27782365652539e-05,0.875971214525026
94,0.93,0.94,1,133,16,0.000594793724147895,7.34591712158596e-05,0.890072797700528
95,0.94,0.95,1,133,16,0.000264584008817373,7.54418528072679e-05,0.778129073927473
96,0.95,0.96,1,134,16,0.000557539384833977,0.000126417823413256,0.815167057399358
97,0.96,0.97,1,133,16,0.000355057077373728,6.9257233698077e-05,0.836778463768673
98,0.97,0.98,1,133,16,0.000775055356292173,0.000111860809225996,0.87387668240251
99,0.98,0.99,1,134,16,0.000463570042086641,9.87689534825005e-05,0.82436047604606
100,0.99,1,1,133,16,0.000649313622704021,0.000109718867827089,0.855449049683873
101,1,1.01,1,133,16,0.000149857504259995,9.39368328754547e-05,0.614688208187279
102,1.01,1.02,1,134,16,0.00102954502251582,5.64480255802434e-05,0.948021743160137
103,1.02,1.03,1,133,16,0.000476011227803499,5.84647237502024e-05,0.890612994690879
104,1.03,1.04,1,133,16,0.000419112340004538,3.72192138720116e-05,0.918438219851699
105,1.04,1.05,1,133,16,0.000283222596097497,0.000100631122884749,0.737839916852795
106,1.05,1.06,1,134,16,0.000364537799951178,8.34450445203427e-05,0.813731607024412
107,1.06,1.07,1,133,16,0.000528128812555675,5.18352663433528e-05,0.91062331577198
108,1.07,1.08,1,134,16,0.000185521497908778,4.78437475934367e-05,0.794983406845889
109,1.08,1.09,1,133,16,0.000255979288559031,4.3804776500434e-05,0.85387890283046
110,1.09,1.1,1,133,16,0.000454336661877268,4.52392777354465e-05,0.909444642649289
111,1.1,1.11,1,133,16,0.000225319466277771,5.67761335805689e-05,0.798734423333507
112,1.11,1.12,1,134,16,0.000183070189097836,7.50158058799986e-05,0.70933794417461
113,1.12,1.13,1,133,16,0.000534899912124123,4.16260291929226e-05,0.927798514845958
114,1.13,1.14,1,134,16,0.000281885083625011,7.67681857602887e-05,0.785954312108007
115,1.14,1.15,1,133,16,0.0002970882443339,9.98149815839793e-05,0.748515569876897
116,1.15,1.16,1,133,16,0.000434579304753448,5.96706626759687e-05,0.87927027494546
117,1.16,1.17,1,134,16,0.000351862453421435,5.83675957846466e-05,0.857719843054877
118,1.17,1.18,1,133,16,0.000189975057493388,7.33618462902938e-05,0.721414487539669
119,1.18,1.19,1,133,16,0.000435157851922583,0.00010286597398386,0.808807772015383
120,1.19,1.2,1,133,16,0.000390932036398364,7.12308198081103e-05,0.845875065787876
121,1.2,1.21,1,134,16,0.000233876076548698,8.82682021823144e-05,0.725997920776307
122,1.21,1.22,1,133,16,0.000242575376119796,8.52348018010675e-05,0.739987323329406
123,1.22,1.23,1,133,16,0.000361888139726995,6.14430693031701e-05,0.854858163082439
124,1.23,1.24,1,134,16,0.000249580938344529,6.49192767690997e-05,0.793579547328308
125,1.24,1.25,1,211,16,0.00020710705313452,8.71645132175138e-05,0.703795666370158
126,0,0.01,-1,212,16,0.000308180157534399,0.000138618179799608,0.689752247900639
127,0.01,0.02,-1,133,16,0.000211298888233857,7.85150834057699e-05,0.729084547023149
128,0.02,0.03,-1,133,16,0.000537375952225633,0.00015926298697405,0.771383742693144
129,0.03,0.04,-1,133,16,6.51752058905699e-05,9.94528591969635e-05,0.395893651886852
130,0.04,0.05,-1,134,16,0.000200765459291359,6.73504244654351e-05,0.748801064965893
131,0.05,0.06,-1,133,16,0.00024726248456182,9.27136628306063e-05,0.727293624738946
132,0.06,0.07,-1,133,16,0.000182311465636713,7.59324751145905e-05,0.705966092007109
133,0.07,0.08,-1,134,16,0.000254156832218646,8.09464939634023e-05,0.75844317964356
134,0.08,0.09,-1,133,16,6.72931522454051e-05,6.12023110103688e-05,0.523700608102063
135,0.09,0.1,-1,134,16,0.000227888951924731,5.15981936361554e-05,0.815382587515408
136,0.1,0.11,-1,133,16,0.000120380316436436,7.93383708247801e-05,0.602749387587292
137,0.11,0.12,-1,133,16,0.000319224570325504,5.52221900574408e-05,0.852523253236414
138,0.12,0.13,-1,134,16,0.00037932852412448,9.31775678971251e-05,0.802801340616653
139,0.13,0.14,-1,133,16,0.00012619656223213,0.000144629728634296,0.465968654034297
140,0.14,0.15,-1,133,16,0.000180252845550259,0.000127030107484019,0.586602165106606
141,0.15,0.16,-1,134,16,0.000362773035061794,0.000101722244519924,0.781004783059311
142,0.16,0.17,-1,133,16,0.000164279979885808,0.000102104901028491,0.616701591028583
143,0.17,0.18,-1,133,16,0.000207195623925533,0.00010093863515186,0.672419952737202
144,0.18,0.19,-1,133,16,0.00055856781639905,5.99798091218235e-05,0.903031219186534
145,0.19,0.2,-1,134,16,0.00050295227132192,7.56761448329627e-05,0.869214606956485
146,0.2,0.21,-1,133,16,0.000275592288145208,9.76565597999365e-05,0.738360720099827
147,0.21,0.22,-1,134,16,0.000141254577778747,6.7117695087042e-05,0.677895268098976
148,0.22,0.23,-1,133,16,0.000226591549601806,4.59412540259372e-05,0.831428534787727
149,0.23,0.24,-1,133,16,0.000737424149492306,7.97357367639982e-05,0.902423334643486
150,0.24,0.25,-1,134,16,0.000272849810997244,5.06382213688568e-05,0.843461839999237
151,0.25,0.26,-1,133,16,0.000204123611783644,8.42398134435013e-05,0.70786928551308
152,0.26,0.27,-1,133,16,0.000421568013615712,8.10614323945831e-05,0.838725261645489
153,0.27,0.28,-1,134,16,0.000183803804713358,8.24549954631731e-05,0.690320111829149
154,0.28,0.29,-1,133,16,0.000129992444464341,9.21261332991845e-05,0.58523895557595
155,0.29,0.3,-1,133,16,0.000149190914031011,0.00011043248798025,0.574643552450405
156,0.3,0.31,-1,134,16,0.000396166651376641,7.94012133149986e-05,0.833039153378282
157,0.31,0.32,-1,133,16,0.000191113229026836,6.21086297333306e-05,0.754726428289292
158,0.32,0.33,-1,133,16,0.000505996237616033,8.62438600058906e-05,0.854376864463934
159,0.33,0.34,-1,133,16,0.000196554070838435,9.90445120589748e-05,0.664935768337736
160,0.34,0.35,-1,134,16,0.000272639861571124,6.57579830540502e-05,0.80567848141324
161,0.35,0.36,-1,133,16,0.000255753162178282,7.12398015888058e-05,0.78213659166211
162,0.36,0.37,-1,134,16,0.000545664402858462,7.72703369215724e-05,0.875957573101707
163,0.37,0.38,-1,133,16,4.64750134007207e-05,7.90807160448556e-05,0.370154461337153
164,0.38,0.39,-1,133,16,0.000165034965833283,7.62498575367429e-05,0.683984029862464
165,0.39,0.4,-1,134,16,0.000726519533511034,5.59251750025614e-05,0.928525077370896
166,0.4,0.41,-1,133,16,0.000289898176144699,6.05692337737583e-05,0.827175845571915
167,0.41,0.42,-1,133,16,0.000155666773047258,0.00011431707661807,0.576578092505246
168,0.42,0.43,-1,134,16,0.000193893142484063,5.48928075634215e-05,0.779357284633862
169,0.43,0.44,-1,133,16,0.000114268879061439,6.72252011328884e-05,0.629601135965923
170,0.44,0.45,-1,133,16,0.000445819338906632,7.29135426211436e-05,0.859439134827162
171,0.45,0.46,-1,133,16,0.000178065287390756,9.78826315297146e-05,0.645285849907335
172,0.46,0.47,-1,134,16,0.000181133304520801,5.0485740624442e-05,0.782031133956262
173,0.47,0.48,-1,133,16,0.000260042191477892,9.89240329124983e-05,0.724419663492032
174,0.48,0.49,-1,133,16,0.000163009367457907,8.15609794057424e-05,0.666513212040323
175,0.49,0.5,-1,134,16,0.000194772133980231,6.5267857536273e-05,0.749008384611755
176,0.5,0.51,-1,133,16,0.000263760110037251,7.80140337992857e-05,0.771738046291184
177,0.51,0.52,-1,134,16,0.000289688070691726,8.32416965631982e-05,0.776789884122346
178,0.52,0.53,-1,133,16,0.000280973360779853,5.52163017099282e-05,0.83575847841066
179,0.53,0.54,-1,133,16,0.000366108544171169,4.33193795994557e-05,0.89419534652032
180,0.54,0.55,-1,134,16,0.000259031140834148,6.53234104481079e-05,0.798604921096782
181,0.55,0.56,-1,133,16,0.000393780695904444,8.44586046213514e-05,0.823396771180256
182,0.56,0.57,-1,133,16,0.000373898988949732,0.000121871374522903,0.754177773618309
183,0.57,0.58,-1,134,16,0.000271220331590027,8.51082461701613e-05,0.761152342298406
184,0.58,0.59,-1,133,16,0.000350122725049092,5.73504844189975e-05,0.859253361726868
185,0.59,0.6,-1,133,16,0.00030987334019225,8.42793747433216e-05,0.786175836040866
186,0.6,0.61,-1,133,16,0.000356063984247558,0.000100385613727257,0.780072949625434
187,0.61,0.62,-1,134,16,0.000890932267636879,7.69475606162889e-05,0.92049884875154
188,0.62,0.63,-1,133,16,0.000246146325380276,6.14701081058806e-05,0.800172873050858
189,0.63,0.64,-1,133,16,0.000491551227195523,3.75205809000296e-05,0.929082252492174
190,0.64,0.65,-1,134,16,0.000128346350671855,6.67735190615462e-05,0.657782064159939
191,0.65,0.66,-1,133,16,0.00115746146802222,7.57781523646751e-05,0.938553585927687
192,0.66,0.67,-1,134,16,0.000286479674897572,6.84008169712404e-05,0.807256756743546
193,0.67,0.68,-1,133,16,0.000374635959579062,7.11486502961631e-05,0.840396799889351
194,0.68,0.69,-1,133,16,0.00023349862503629,9.26066585916278e-05,0.716022207425222
195,0.69,0.7,-1,134,16,0.000513598992974854,7.36235714646504e-05,0.87462407624795
196,0.7,0.71,-1,133,16,0.000184671764965122,5.36467704871737e-05,0.774894678731726
197,0.71,0.72,-1,133,16,0.000171657162873461,7.8281795983222e-05,0.686796342829813
198,0.72,0.73,-1,134,16,0.000232525236094941,7.14951341689425e-05,0.764834395448943
199,0.73,0.74,-1,133,16,0.000133017076140096,7.0273170405621e-05,0.654320993753049
200,0.74,0.75,-1,133,16,0.000255476608860706,4.90404228345542e-05,0.838956715946087
201,0.75,0.76,-1,133,16,0.000240015773562536,7.24899502365666e-05,0.768036407924588
202,0.76,0.77,-1,134,16,0.000197720960477905,9.65116009002434e-05,0.671988713797701
203,0.77,0.78,-1,133,16,0.000108889324898204,0.000112688219459378,0.491427618326153
204,0.78,0.79,-1,134,16,0.00028327352043091,0.000131251052762616,0.683369669133367
205,0.79,0.8,-1,133,16,0.000112559424633642,6.15647529917601e-05,0.646431909506525
206,0.8,0.81,-1,133,16,0.000128193910628613,5.34639145220383e-05,0.705688899018251
207,0.81,0.82,-1,134,16,0.000602011316032933,3.77131238939976e-05,0.941047861328691
208,0.82,0.83,-1,133,16,0.000289226083146888,0.000102216096147659,0.738873065922861
209,0.83,0.84,-1,133,16,0.000159397795186246,9.39797087070437e-05,0.62909213618813
210,0.84,0.85,-1,134,16,0.0001867331972368,6.86857295518912e-05,0.731085983268909
211,0.85,0.86,-1,133,16,7.48567868072908e-05,4.93318450339744e-05,0.602766820903308
212,0.86,0.87,-1,133,16,0.00040698068205531,9.75484263316364e-05,0.806654512673187
213,0.87,0.88,-1,134,16,4.19162468283869e-05,9.58733519915595e-05,0.304204723632007
214,0.88,0.89,-1,133,16,7.70621601716687e-05,6.32781461738311e-05,0.549109248642735
215,0.89,0.9,-1,133,16,0.000239971162119209,8.0090912628191e-05,0.749764439628155
216,0.9,0.91,-1,134,16,0.000411034442504064,0.000115992591791111,0.779911495534125
217,0.91,0.92,-1,133,16,0.000185405903191261,0.000114991626191171,0.617201824437188
218,0.92,0.93,-1,133,16,0.000450032787265708,0.000133723816018115,0.77092539036668
219,0.93,0.94,-1,134,16,0.000327508924452431,3.80545008257155e-05,0.895901782852699
220,0.94,0.95,-1,133,16,0.000317493064540229,3.91228076417909e-05,0.89029426143483
221,0.95,0.96,-1,133,16,0.000281096401520522,8.32165478885747e-05,0.771579494982133
222,0.96,0.97,-1,134,16,0.000831361196190188,7.95215407243032e-05,0.91269837762688
223,0.97,0.98,-1,133,16,0.000549601437106958,8.91789231239765e-05,0.860391883226128
224,0.98,0.99,-1,133,16,0.000877319758175864,7.25909116886285e-05,0.923581328232702
225,0.99,1,-1,134,16,0.000634979995487065,0.000133246693997589,0.826552896662606
226,1,1.01,-1,133,16,0.000242734718852276,9.28576493928469e-05,0.723302261376153
227,1.01,1.02,-1,133,16,0.000166999587587426,4.86882436069812e-05,0.774265227030371
228,1.02,1.03,-1,134,16,0.00122453023061058,9.44073372894369e-05,0.928421678487974
229,1.03,1.04,-1,133,16,0.000216436289425942,9.04444159049037e-05,0.705278258509617
230,1.04,1.05,-1,133,16,0.000116898247618835,8.64432328280797e-05,0.574886380102621
231,1.05,1.06,-1,134,16,0.000142405540543074,7.9481679664876e-05,0.641792440365034
232,1.06,1.07,-1,133,16,0.00018394765180428,8.46541334100427e-05,0.684834062653397
233,1.07,1.08,-1,133,16,0.000344148262531376,9.57450685313743e-05,0.782344805500776
234,1.08,1.09,-1,134,16,0.000178296406914888,6.37365132271444e-05,0.73666180125521
235,1.09,1.1,-1,133,16,0.000105242926248559,6.44714625883595e-05,0.620117875507236
236,1.1,1.11,-1,133,16,0.000280682793512297,5.49298711556471e-05,0.836329563993078
237,1.11,1.12,-1,134,16,0.000521396846269976,4.87725228185103e-05,0.914459587865126
238,1.12,1.13,-1,133,16,7.74053645375015e-05,0.000134589325369759,0.365128789647342
239,1.13,1.14,-1,133,16,0.000265279335727799,9.72347765425209e-05,0.731776575721238
240,1.14,1.15,-1,134,16,0.000127450032690174,6.82010988418272e-05,0.651414748753077
241,1.15,1.16,-1,133,16,0.000417136600897436,0.000102301144268876,0.803054080646138
242,1.16,1.17,-1,133,16,0.000250059209162914,7.666616058563e-05,0.76534983908769
243,1.17,1.18,-1,134,16,0.000289071586930004,7.77216728426171e-05,0.788104958933003
244,1.18,1.19,-1,133,16,0.000232757400711979,0.000103502660333175,0.692194606723526
245,1.19,1.2,-1,133,16,0.000224485871907466,0.000105680415852858,0.679917605853285
246,1.2,1.21,-1,134,16,0.000429276371101745,9.96991443942395e-05,0.811524084813721
247,1.21,1.22,-1,133,16,0.000278659918315508,9.28978259367063e-05,0.749977419731435
248,1.22,1.23,-1,133,16,0.000389539208128564,0.000111385602640191,0.777640076423345
249,1.23,1.24,-1,134,16,0.000789957647310802,0.000100012533045259,0.887622602135674
250,1.24,1.25,-1,211,16,0.00129952652623217,0.00014311824760607,0.900794533622234
1,0,0.01,1,212,18,0.000554500438221231,0.000230359892176002,0.706495686870284
2,0.01,0.02,1,133,18,0.000121705488413133,0.000153624010185851,0.442035775434279
3,0.02,0.03,1,134,18,0.0002965324762607,0.00012561604088959,0.702436380121479
4,0.03,0.04,1,133,18,0.000400557978632945,0.00011013732517472,0.784338480589986
5,0.04,0.05,1,133,18,0.00029665647064314,0.000116475433120227,0.718067203091287
6,0.05,0.06,1,133,18,3.64439351724284e-05,8.95114556547742e-05,0.289340018978827
7,0.06,0.07,1,134,18,0.000171285666909159,9.59283566855524e-05,0.641005530342042
8,0.07,0.08,1,133,18,0.000315097278168462,7.57587017807406e-05,0.806172335419848
9,0.08,0.09,1,134,18,0.000178438332606105,9.38065882889639e-05,0.655433100531122
10,0.09,0.1,1,133,18,9.30799972301096e-05,0.00013269618580672,0.41226667923129
11,0.1,0.11,1,133,18,0.000120627784936694,8.07565234427306e-05,0.598992969747281
12,0.11,0.12,1,134,18,0.000295515975858668,0.000114548929816336,0.720656588186257
13,0.12,0.13,1,133,18,0.000182508733899417,0.000107173888053646,0.630029970969361
14,0.13,0.14,1,133,18,0.000110436062687713,7.1690639816307e-05,0.606369418483681
15,0.14,0.15,1,134,18,0.000112001041428835,9.78767784826717e-05,0.533648774682619
16,0.15,0.16,1,133,18,0.000183591018467106,9.98327501645034e-05,0.647761545735902
17,0.16,0.17,1,133,18,3.29691114046508e-05,7.03691330400576e-05,0.319040753806217
18,0.17,0.18,1,134,18,7.57701990971805e-05,9.68334843980936e-05,0.438983673829041
19,0.18,0.19,1,133,18,0.00028830083640245,5.55244756463317e-05,0.838509633524439
20,0.19,0.2,1,133,18,0.000183250166531747,8.75669853928897e-05,0.676656427517346
21,0.2,0.21,1,134,18,0.000323991980758103,5.75468439034857e-05,0.849171722027168
22,0.21,0.22,1,133,18,4.65182557600451e-05,9.48235591162103e-05,0.329118851351752
23,0.22,0.23,1,133,18,0.000125542943086714,6.41375926017146e-05,0.661865186277901
24,0.23,0.24,1,133,18,0.000156762526658086,6.29489513587354e-05,0.713492658977444
25,0.24,0.25,1,134,18,0.000206660996236733,6.57507841417202e-05,0.758634578686815
26,0.25,0.26,1,133,18,0.000189846002794633,8.8717704311457e-05,0.681517361923715
27,0.26,0.27,1,133,18,2.76161362689008e-05,9.46584681943971e-05,0.225853409136891
28,0.27,0.28,1,134,18,0.000297270438575912,7.8768285205969e-05,0.790531452681831
29,0.28,0.29,1,133,18,0.000244826600126923,9.48384663434208e-05,0.720788283208097
30,0.29,0.3,1,134,18,0.000184305061823652,0.000168429408117992,0.522503689118172
31,0.3,0.31,1,133,18,0.000102053999829857,5.41090050174827e-05,0.653509452700541
32,0.31,0.32,1,133,18,0.000256417961063662,6.73581714184312e-05,0.791960664604713
33,0.32,0.33,1,134,18,0.000379680318736113,8.12067423035192e-05,0.823803380115858
34,0.33,0.34,1,133,18,0.000147995197239154,6.5795574270122e-05,0.692243150601721
35,0.34,0.35,1,133,18,0.000242834990243678,4.83036346614777e-05,0.834087164912544
36,0.35,0.36,1,134,18,0.000305170886420738,7.04295959658696e-05,0.812488004492561
37,0.36,0.37,1,133,18,7.9151904645804e-05,8.75071841170936e-05,0.474933021855242
38,0.37,0.38,1,133,18,4.24677576384068e-05,0.000102594729718215,0.292754925220632
39,0.38,0.39,1,134,18,0.000274912704532269,7.37338414547356e-05,0.788514063014741
40,0.39,0.4,1,133,18,0.00020360382107955,6.83278529867422e-05,0.748731539930559
41,0.4,0.41,1,133,18,0.000108390527544677,6.34637262965101e-05,0.630711926658751
42,0.41,0.42,1,134,18,0.000181134102963027,7.07295111545635e-05,0.719175350507194
43,0.42,0.43,1,133,18,6.76195257652349e-05,7.08708762805278e-05,0.488261459035195
44,0.43,0.44,1,133,18,0.000285650510045817,9.07605970961285e-05,0.75887906766284
45,0.44,0.45,1,134,18,2.97523126134877e-05,8.01011658024997e-05,0.270836327101298
46,0.45,0.46,1,133,18,0.000221504090646015,7.73664715142365e-05,0.74113719680176
47,0.46,0.47,1,133,18,0.000165177854039983,7.57072994051538e-05,0.685712056876944
48,0.47,0.48,1,134,18,0.000132241524557907,7.32277967596308e-05,0.643607151227882
49,0.48,0.49,1,133,18,0.000268080759914367,6.00831169127738e-05,0.816911241134495
50,0.49,0.5,1,133,18,0.0003363600281281,7.00544607729468e-05,0.827628043078938
51,0.5,0.51,1,134,18,0.000383171089832541,5.16575961367267e-05,0.881200119027157
52,0.51,0.52,1,133,18,7.90086220073668e-05,8.43961212025397e-05,0.483514862881758
53,0.52,0.53,1,133,18,0.000146735614326918,8.43176305029428e-05,0.635072727219081
54,0.53,0.54,1,134,18,0.000137465683950834,5.88116383794353e-05,0.700364577623109
55,0.54,0.55,1,133,18,0.000195750404357154,6.73490553879377e-05,0.744016747684735
56,0.55,0.56,1,133,18,0.000191697011166522,0.000119011592974076,0.616967179575682
57,0.56,0.57,1,134,18,0.000313629110076629,7.56038500808247e-05,0.805761952815504
58,0.57,0.58,1,133,18,8.80553492180178e-05,0.000101130963912122,0.465442492964305
59,0.58,0.59,1,133,18,0.000217687515499041,7.291567175332e-05,0.749088533946465
60,0.59,0.6,1,134,18,0.000359743266449927,6.93391103873248e-05,0.838401402317149
61,0.6,0.61,1,133,18,0.000108975496709391,4.72021328786925e-05,0.697766363830802
62,0.61,0.62,1,133,18,0.000332701631962983,5.01345671424092e-05,0.869044339956454
63,0.62,0.63,1,134,18,8.71968104953622e-05,7.89153151892379e-05,0.524927425592784
64,0.63,0.64,1,133,18,0.000136037619971118,6.93326370116544e-05,0.662401761431937
65,0.64,0.65,1,133,18,6.54309712577013e-05,8.53944872295132e-05,0.433819143757139
66,0.65,0.66,1,134,18,0.000313538755024935,6.51653982813949e-05,0.827925313962207
67,0.66,0.67,1,133,18,3.80129719956076e-05,0.000124119508711016,0.234456241154982
68,0.67,0.68,1,133,18,0.000301478796670696,6.61222448753792e-05,0.820124979523238
69,0.68,0.69,1,133,18,0.000112412671680715,7.96954241058544e-05,0.585153224388861
70,0.69,0.7,1,134,18,0.000464834733414074,9.40309026053852e-05,0.831746851935425
71,0.7,0.71,1,133,18,0.000260404654449872,4.68815785816136e-05,0.847433521120974
72,0.71,0.72,1,134,18,0.000468443970510484,9.85042282687448e-05,0.826255329003872
73,0.72,0.73,1,133,18,0.000147598686876959,9.96439442897084e-05,0.596979113919322
74,0.73,0.74,1,133,18,0.000102829282018755,0.000129877061975116,0.441884309013351
75,0.74,0.75,1,134,18,0.000170078659995644,6.34306949118855e-05,0.728359084641365
76,0.75,0.76,1,133,18,6.77073818550022e-05,7.50012547888913e-05,0.474444879071721
77,0.76,0.77,1,133,18,0.000117619935842442,9.38197027095896e-05,0.556281389090143
78,0.77,0.78,1,134,18,8.10415207416593e-05,0.000126814088992051,0.389893353590427
79,0.78,0.79,1,133,18,7.87114120132139e-05,6.92026901008223e-05,0.53214271586174
80,0.79,0.8,1,133,18,8.35622888580355e-05,0.000101636670239648,0.451202799762824
81,0.8,0.81,1,134,18,0.000194612438123931,6.67592812102484e-05,0.74458108405794
82,0.81,0.82,1,133,18,0.000173885084250463,0.000107235683741845,0.618542292311968
83,0.82,0.83,1,133,18,9.01010941924605e-05,5.95862867414576e-05,0.601928456696273
84,0.83,0.84,1,134,18,7.52959339813663e-05,7.44934934824106e-05,0.502678561873633
85,0.84,0.85,1,133,18,9.63933990558301e-05,6.07627033322064e-05,0.61336084053436
86,0.85,0.86,1,133,18,0.000115654425804595,6.54416302446603e-05,0.638635806475757
87,0.86,0.87,1,134,18,0.000173115744925277,5.91745160287879e-05,0.745256147262715
88,0.87,0.88,1,133,18,0.000233152319882869,8.3288366585583e-05,0.736796277637052
89,0.88,0.89,1,133,18,0.000223917134719987,9.14747007839846e-05,0.709964905598095
90,0.89,0.9,1,134,18,7.30210567241839e-05,8.32782437013886e-05,0.467187354808127
91,0.9,0.91,1,133,18,0.000243526884829347,7.29637307294671e-05,0.769460049863917
92,0.91,0.92,1,133,18,0.00012651267252601,0.000111493191159299,0.53155275490727
93,0.92,0.93,1,134,18,0.000424185538008016,8.37100895971446e-05,0.835182496073345
94,0.93,0.94,1,133,18,0.000155016301278936,9.98367232485029e-05,0.608257647977202
95,0.94,0.95,1,133,18,0.00038200324439679,5.69411389022018e-05,0.870277098719781
96,0.95,0.96,1,134,18,8.65051441698707e-05,6.00610330817816e-05,0.590212188050333
97,0.96,0.97,1,133,18,0.000124185415593257,0.000121779981719526,0.504889781042397
98,0.97,0.98,1,133,18,0.000177033040450459,9.31863521170495e-05,0.655145579184259
99,0.98,0.99,1,134,18,0.000310524863866997,0.000110359822616692,0.737790834019881
100,0.99,1,1,133,18,0.000138726539428128,8.64184954681776e-05,0.616165217643022
101,1,1.01,1,133,18,0.000116611780985654,8.44121599182419e-05,0.58008902054807
102,1.01,1.02,1,134,18,0.000159346111380899,0.000101683079698634,0.610453224491463
103,1.02,1.03,1,133,18,0.000393044768142116,9.31340340833117e-05,0.808436662279389
104,1.03,1.04,1,133,18,7.96646025433317e-05,7.86186430375887e-05,0.503304075241521
105,1.04,1.05,1,133,18,0.000243618498608254,6.85518955050265e-05,0.780402316178163
106,1.05,1.06,1,134,18,6.64900548968471e-05,8.90141705801131e-05,0.42757715871006
107,1.06,1.07,1,133,18,0.000194676486011233,7.85835464475851e-05,0.712422099417601
108,1.07,1.08,1,134,18,9.69286082916811e-05,5.20149647349525e-05,0.650774023491088
109,1.08,1.09,1,133,18,0.000251345264657134,5.87318281677255e-05,0.810589593598586
110,1.09,1.1,1,133,18,9.78818438712925e-05,9.26308556239271e-05,0.513781202673833
111,1.1,1.11,1,133,18,9.73003763478485e-05,6.10443767188975e-05,0.614484373263913
112,1.11,1.12,1,134,18,0.000204724823670715,8.38902697024982e-05,0.709335126163973
113,1.12,1.13,1,133,18,5.69986860186145e-05,0.000121790787371307,0.318803366539965
114,1.13,1.14,1,134,18,0.000165018200897475,0.000118202113245286,0.582649593469117
115,1.14,1.15,1,133,18,0.000194321136643099,9.04887970254483e-05,0.682283564130329
116,1.15,1.16,1,133,18,0.000203847601952577,5.94934884026406e-05,0.774082015372571
117,1.16,1.17,1,134,18,2.29432178304843e-05,9.11184880446799e-05,0.201147419762376
118,1.17,1.18,1,133,18,0.000204015649838737,5.66832264108128e-05,0.782572033963991
119,1.18,1.19,1,133,18,7.07121511723251e-05,4.89303214684612e-05,0.591028834589793
120,1.19,1.2,1,133,18,0.000183288395724467,0.000117514017941862,0.609331532584652
121,1.2,1.21,1,134,18,4.09363668076492e-05,6.40752887327702e-05,0.38982688728198
122,1.21,1.22,1,133,18,0.000181933717228384,5.72039689904414e-05,0.760790656232676
123,1.22,1.23,1,133,18,0.000155225976267968,5.02261369746804e-05,0.755533607408744
124,1.23,1.24,1,134,18,0.000211779451813863,7.15052882883933e-05,0.747585103727853
125,1.24,1.25,1,211,18,9.51521550574054e-05,6.67776277030861e-05,0.587613676961105
126,0,0.01,-1,212,18,0.000216704841537802,0.000208657551238213,0.509459334483088
127,0.01,0.02,-1,133,18,8.52414116544391e-05,0.000112580745094082,0.430899212987558
128,0.02,0.03,-1,133,18,0.000361858863439826,0.000118312565347005,0.753603487725362
129,0.03,0.04,-1,133,18,0.000136475254941496,4.55107183969419e-05,0.749921834292657
130,0.04,0.05,-1,134,18,1.89201445656438e-05,0.000164475600561344,0.103165668061399
131,0.05,0.06,-1,133,18,1.00305888547632e-05,0.000164463402427941,0.0574838639487147
132,0.06,0.07,-1,133,18,0.000115335119750102,9.20451759562975e-05,0.556152740342258
133,0.07,0.08,-1,134,18,2.80247110316884e-06,0.000138534014791852,0.0198283626865494
134,0.08,0.09,-1,133,18,0.00016703716471658,7.53007369226026e-05,0.689273793272675
135,0.09,0.1,-1,134,18,3.09658635303997e-05,0.000130953375836367,0.191242644490555
136,0.1,0.11,-1,133,18,0,0.000137620559605348,0
137,0.11,0.12,-1,133,18,0.000134772198122925,0.000111610804516308,0.547002823568415
138,0.12,0.13,-1,134,18,0.000245237134637884,0.000101579855589552,0.707108191202117
139,0.13,0.14,-1,133,18,5.68399679304735e-05,0.000101557322531804,0.358844319650847
140,0.14,0.15,-1,133,18,3.2324725584464e-05,0.000162779926435032,0.16567890744724
141,0.15,0.16,-1,134,18,7.97098347649417e-05,0.00015517667842779,0.339354668267127
142,0.16,0.17,-1,133,18,0.000187831615867881,9.89925963972181e-05,0.65486666688472
143,0.17,0.18,-1,133,18,0,0.0001093835130739,0
144,0.18,0.19,-1,133,18,0.000380094779329104,8.99901061803431e-05,0.808566263340253
145,0.19,0.2,-1,134,18,0.000151511239821069,0.000101850020100562,0.598004761532737
146,0.2,0.21,-1,133,18,0.000102683393202849,0.000188962268905349,0.352082703581425
147,0.21,0.22,-1,134,18,0.000237296246067992,7.93103791782081e-05,0.749498674841265
148,0.22,0.23,-1,133,18,5.28941888389663e-05,0.000102302436605286,0.340820482968338
149,0.23,0.24,-1,133,18,0.000125512463422562,0.000171775128106064,0.422192069225587
150,0.24,0.25,-1,134,18,2.69406605629902e-05,9.0554537198738e-05,0.229291588730494
151,0.25,0.26,-1,133,18,8.37931340023406e-05,6.86827723850672e-05,0.549549997685802
152,0.26,0.27,-1,133,18,6.93760490744666e-05,0.000177288443705351,0.281256731735583
153,0.27,0.28,-1,134,18,1.81473125130835e-05,0.000116573414327236,0.134703196298762
154,0.28,0.29,-1,133,18,2.38884390750959e-05,8.06535202787601e-05,0.228505752357651
155,0.29,0.3,-1,133,18,5.79854575612256e-05,0.000116362775732357,0.332584141897123
156,0.3,0.31,-1,134,18,6.09340249568899e-05,9.93611939013078e-05,0.380136259776994
157,0.31,0.32,-1,133,18,6.54978913471852e-05,0.000100098860274616,0.395526426126842
158,0.32,0.33,-1,133,18,0.000139434172097971,7.22940759804731e-05,0.658552523640169
159,0.33,0.34,-1,133,18,4.66790017927873e-05,8.51266571836301e-05,0.354150209902134
160,0.34,0.35,-1,134,18,8.65642132447367e-05,8.28031491036522e-05,0.511103273053718
161,0.35,0.36,-1,133,18,0.000120448813661124,7.11997409000759e-05,0.628487983835331
162,0.36,0.37,-1,134,18,0.000163076222869377,0.000127933369026386,0.56038092011685
163,0.37,0.38,-1,133,18,4.0122190681606e-05,7.67130265317015e-05,0.343408362979755
164,0.38,0.39,-1,133,18,3.11175008839311e-05,8.01360603021367e-05,0.279698919766605
165,0.39,0.4,-1,134,18,0.000345661947411338,6.99835749031411e-05,0.831626780162469
166,0.4,0.41,-1,133,18,0.00019434545192795,9.17448382897262e-05,0.67931509237898
167,0.41,0.42,-1,133,18,5.98424139355251e-05,0.000109780218808837,0.352797341765787
168,0.42,0.43,-1,134,18,0.000216658680562943,5.81687569435667e-05,0.788344433615043
169,0.43,0.44,-1,133,18,3.13338270371734e-05,8.15559700444088e-05,0.27756119549519
170,0.44,0.45,-1,133,18,0.000381334880490486,0.000115849671820247,0.766988593507541
171,0.45,0.46,-1,133,18,4.8961178987004e-05,8.29191732443758e-05,0.371254536089676
172,0.46,0.47,-1,134,18,3.80431091814432e-05,9.3813941305202e-05,0.288517823211101
173,0.47,0.48,-1,133,18,0.000196543874584066,5.97236912244397e-05,0.766947912288409
174,0.48,0.49,-1,133,18,0.000245297005865477,6.56319321669684e-05,0.788916616824775
175,0.49,0.5,-1,134,18,0.000202771740328248,8.01020688784768e-05,0.716827552529128
176,0.5,0.51,-1,133,18,9.92894860938843e-05,4.90093992706472e-05,0.669522807604536
177,0.51,0.52,-1,134,18,0.000133047563950265,7.44935704139983e-05,0.641065995701595
178,0.52,0.53,-1,133,18,3.88588260626134e-05,7.58135898591903e-05,0.338868120552301
179,0.53,0.54,-1,133,18,0.000208737802474961,6.79374405318729e-05,0.754450597771067
180,0.54,0.55,-1,134,18,0.000163655895349383,6.96794049932423e-05,0.701376496008421
181,0.55,0.56,-1,133,18,0.000465192616471034,6.97590681128732e-05,0.869597441931353
182,0.56,0.57,-1,133,18,0.000153855309556852,7.10498362959986e-05,0.684089770260371
183,0.57,0.58,-1,134,18,0.000217577005398825,7.71737932960602e-05,0.738172742405534
184,0.58,0.59,-1,133,18,0.000252288147782983,5.87852782002132e-05,0.811024429314676
185,0.59,0.6,-1,133,18,7.58645061425182e-05,0.000114926470434706,0.397631520649046
186,0.6,0.61,-1,133,18,0.000744368597346361,9.76852497102111e-05,0.883991682893353
187,0.61,0.62,-1,134,18,0.000164997359811053,0.000103879025207891,0.613655080937762
188,0.62,0.63,-1,133,18,0.000126443221560708,6.61453138528778e-05,0.656545942826606
189,0.63,0.64,-1,133,18,7.39640017627648e-05,8.92286850665375e-05,0.453231104897061
190,0.64,0.65,-1,134,18,0.000226943249245113,8.50820999157844e-05,0.727323116071856
191,0.65,0.66,-1,133,18,0.000110711812784643,8.40463387140608e-05,0.568457915279504
192,0.66,0.67,-1,134,18,0.000272455325894096,5.60737466640482e-05,0.829318768572227
193,0.67,0.68,-1,133,18,0.000138652878290411,0.000116438022401431,0.54354301903504
194,0.68,0.69,-1,133,18,0.00033691290864822,0.00010599249497346,0.760688187349377
195,0.69,0.7,-1,134,18,0.000122325968123393,8.82036333895013e-05,0.581039280197854
196,0.7,0.71,-1,133,18,0.000110780144317981,4.72121277866773e-05,0.701174448865431
197,0.71,0.72,-1,133,18,6.59564037972054e-05,7.49073477555106e-05,0.468228363011631
198,0.72,0.73,-1,134,18,9.6557572754841e-05,5.72322156247712e-05,0.62785425334288
199,0.73,0.74,-1,133,18,0.000111751490693955,6.94308415139856e-05,0.616790220835105
200,0.74,0.75,-1,133,18,0.00018957678790718,6.84273932745094e-05,0.734781843607712
201,0.75,0.76,-1,133,18,0.000147548728010339,0.000113156569206181,0.565959838889645
202,0.76,0.77,-1,134,18,0.000210589261273362,8.46585815750879e-05,0.713262658387845
203,0.77,0.78,-1,133,18,0.000174247519121602,8.14594810546781e-05,0.681434293943766
204,0.78,0.79,-1,134,18,0.000114449961793437,8.28662625994696e-05,0.580033203785301
205,0.79,0.8,-1,133,18,8.57007041484886e-05,9.20312877097504e-05,0.482190647009934
206,0.8,0.81,-1,133,18,6.25480939894584e-05,5.56414767912426e-05,0.529218386836478
207,0.81,0.82,-1,134,18,0.000380278718355421,5.59022573027999e-05,0.871837011647653
208,0.82,0.83,-1,133,18,0.000186539881473487,6.99911180888856e-05,0.727163117875475
209,0.83,0.84,-1,133,18,4.81992986773983e-05,6.158874322621e-05,0.439021389230316
210,0.84,0.85,-1,134,18,0.00010704408434101,5.46128543319443e-05,0.662168201499654
211,0.85,0.86,-1,133,18,0.000102573351953799,7.1611793514517e-05,0.5888754272244
212,0.86,0.87,-1,133,18,8.01652026838933e-05,0.000122367212776567,0.395814183629009
213,0.87,0.88,-1,134,18,3.7274211187473e-05,9.47794985744394e-05,0.282265536157045
214,0.88,0.89,-1,133,18,5.76074660560602e-05,7.0592852387393e-05,0.449355093306338
215,0.89,0.9,-1,133,18,7.57097535589557e-05,6.16256851720677e-05,0.551276161917945
216,0.9,0.91,-1,134,18,0.000260916561270846,8.2989494236419e-05,0.758685568609693
217,0.91,0.92,-1,133,18,0.000210809554396772,6.60590304633516e-05,0.761406551426825
218,0.92,0.93,-1,133,18,0.000134921357709155,7.82968729162679e-05,0.632785279726769
219,0.93,0.94,-1,134,18,0.000314111167265057,0.000100833219952165,0.756995821468049
220,0.94,0.95,-1,133,18,0.000103618843609148,7.56919184026204e-05,0.577872975646311
221,0.95,0.96,-1,133,18,0.00015511541759025,5.6599050644351e-05,0.732663284109457
222,0.96,0.97,-1,134,18,0.000201087701775843,0.000102871793955403,0.661560848073127
223,0.97,0.98,-1,133,18,0.000636473835896703,0.000137146090786726,0.822721615542296
224,0.98,0.99,-1,133,18,0.00013248639709564,0.000138806198603046,0.488352425374659
225,0.99,1,-1,134,18,0.000271119496397994,0.000132088400978618,0.672406215656927
226,1,1.01,-1,133,18,4.17344258984277e-05,0.000168976716442195,0.198064636899754
227,1.01,1.02,-1,133,18,8.16982902223169e-05,5.16789313164691e-05,0.612535553520727
228,1.02,1.03,-1,134,18,0.000208167990968984,8.11008931353372e-05,0.719634922413262
229,1.03,1.04,-1,133,18,0.000244730959081247,0.000107439428751102,0.694922025067455
230,1.04,1.05,-1,133,18,9.00460458312065e-05,6.82852075824674e-05,0.568719339295207
231,1.05,1.06,-1,134,18,0.000195674415732606,5.65760386579291e-05,0.775714819643743
232,1.06,1.07,-1,133,18,2.2698332318129e-05,9.60018649747349e-05,0.191224048786763
233,1.07,1.08,-1,133,18,0.000251495097069513,7.47527938167882e-05,0.770871181377721
234,1.08,1.09,-1,134,18,0.000148499173123248,8.44598491535154e-05,0.637447614914977
235,1.09,1.1,-1,133,18,0,8.8767731292632e-05,0
236,1.1,1.11,-1,133,18,0.000145697265349803,7.19591671586845e-05,0.669391038301253
237,1.11,1.12,-1,134,18,0.000244014463215585,9.62435501625856e-05,0.717145382684585
238,1.12,1.13,-1,133,18,8.06351249294094e-05,0.000105864677353348,0.432360377557699
239,1.13,1.14,-1,133,18,3.0824743795004e-05,9.35855291403419e-05,0.247766868986962
240,1.14,1.15,-1,134,18,9.01927614523925e-05,5.76222160576747e-05,0.610173359775059
241,1.15,1.16,-1,133,18,0.000108831430454039,9.87692897311573e-05,0.524234358902765
242,1.16,1.17,-1,133,18,0.000111705141057309,8.68425794573357e-05,0.562611047700595
243,1.17,1.18,-1,134,18,0.000126391855303205,7.249218126138e-05,0.635505279792332
244,1.18,1.19,-1,133,18,0.000196304416932041,9.31580395549284e-05,0.678168835138307
245,1.19,1.2,-1,133,18,0.000100468879922037,0.000111404942168902,0.474192040010088
246,1.2,1.21,-1,134,18,6.61456960366384e-05,9.11261216884715e-05,0.420582002506337
247,1.21,1.22,-1,133,18,6.03783208300628e-05,7.46734857722321e-05,0.447075254667766
248,1.22,1.23,-1,133,18,0.000158330599308378,6.20320102213959e-05,0.718500292069674
249,1.23,1.24,-1,134,18,0.000726236021767655,6.27286102581699e-05,0.920492493944752
250,1.24,1.25,-1,211,18,0.000253718668258089,0.000124395689200539,0.671010405326515
1,0,0.01,1,212,20,0.000550507577380571,0.000117565669823967,0.824022784453793
2,0.01,0.02,1,133,20,5.17998561906355e-05,0.000115330480293401,0.309936886865438
3,0.02,0.03,1,134,20,0.000500585186223924,0.000111643843374743,0.817643662784287
4,0.03,0.04,1,133,20,0.000297365734212226,0.000132353052024288,0.692000777570284
5,0.04,0.05,1,133,20,0.000405798687413626,0.000101246485160818,0.80032058160271
6,0.05,0.06,1,133,20,0.000170868759070869,5.42102444720275e-05,0.759150148975598
7,0.06,0.07,1,134,20,0.000162791055725423,5.26901569516623e-05,0.75547679402277
8,0.07,0.08,1,133,20,0.000300530935740493,8.80539217096464e-05,0.773398473920346
9,0.08,0.09,1,134,20,0.000129909590409245,0.000116460137884061,0.527295261918648
10,0.09,0.1,1,133,20,0.000216447295433476,8.18143484411293e-05,0.725696045330168
11,0.1,0.11,1,133,20,5.7475099593596e-05,0.000193189300446694,0.229291034484186
12,0.11,0.12,1,134,20,0.000274050171578646,8.04440247752908e-05,0.773073789069954
13,0.12,0.13,1,133,20,0.000126483781095761,8.24200213324846e-05,0.605464235813542
14,0.13,0.14,1,133,20,0.000127019810190213,7.9291339217523e-05,0.61567108978285
15,0.14,0.15,1,134,20,0.000378930744351003,7.56734403997545e-05,0.833539938834388
16,0.15,0.16,1,133,20,0.000282215832081485,0.000151866913291658,0.650142939542295
17,0.16,0.17,1,133,20,0.00014459607731443,6.29573827136765e-05,0.696669076462754
18,0.17,0.18,1,134,20,0.000184079580227817,0.00011685237183967,0.611698355602117
19,0.18,0.19,1,133,20,0.000341917137562972,7.33615859297508e-05,0.82334374052988
20,0.19,0.2,1,133,20,0.000323251394366082,6.91472135880256e-05,0.823783234225661
21,0.2,0.21,1,134,20,0.000233089751592761,0.000118436441952069,0.663079326300716
22,0.21,0.22,1,133,20,0.000177268451027062,0.000132397960931159,0.572449720672253
23,0.22,0.23,1,133,20,9.43693279666679e-05,8.0803572926576e-05,0.538721043525903
24,0.23,0.24,1,133,20,0.000125433695021981,7.50329205696396e-05,0.625708648054933
25,0.24,0.25,1,134,20,0.000188599768627564,7.72912971075628e-05,0.709312169275525
26,0.25,0.26,1,133,20,0.000142564665474335,9.5577207798617e-05,0.598654337916168
27,0.26,0.27,1,133,20,0.000127970039559819,6.14890669638229e-05,0.675449398595417
28,0.27,0.28,1,134,20,0.000438896830091253,5.74977081257142e-05,0.884169337696091
29,0.28,0.29,1,133,20,0.000221951620453841,8.60958752334817e-05,0.720511036645883
30,0.29,0.3,1,134,20,0.000225600928035907,0.000119709673506401,0.653327546354715
31,0.3,0.31,1,133,20,0.00028333011635659,4.03053596533206e-05,0.875460625793427
32,0.31,0.32,1,133,20,0.000206630068965125,0.000117136056693847,0.638207806775845
33,0.32,0.33,1,134,20,0.000387221154874466,5.86461556599762e-05,0.86846724513246
34,0.33,0.34,1,133,20,0.000244420204179025,5.25318214799357e-05,0.823096605037924
35,0.34,0.35,1,133,20,0.000205947906249768,6.12919855017942e-05,0.770648067921035
36,0.35,0.36,1,134,20,0.000240304157355304,7.57047884741087e-05,0.760434666571194
37,0.36,0.37,1,133,20,0.000160694496053464,7.9661836306649e-05,0.668567765515344
38,0.37,0.38,1,133,20,0.00022593124951761,8.81242264561303e-05,0.719399172445893
39,0.38,0.39,1,134,20,0.000174480193466635,7.05769225837296e-05,0.711998069179821
40,0.39,0.4,1,133,20,0.000260826709279873,7.59553207615426e-05,0.774467418133319
41,0.4,0.41,1,133,20,0.000218848931548769,5.72979746127442e-05,0.792509083628003
42,0.41,0.42,1,134,20,0.00027790528035545,5.39076316053169e-05,0.837536064263554
43,0.42,0.43,1,133,20,0.000133186123516795,7.57405257207489e-05,0.63747790912669
44,0.43,0.44,1,133,20,0.000282618209309119,5.47513707720371e-05,0.837711002993019
45,0.44,0.45,1,134,20,0.000186572983847287,7.7532804510323e-05,0.706432770775396
46,0.45,0.46,1,133,20,0.000198768685529351,7.16804591471195e-05,0.734957715496315
47,0.46,0.47,1,133,20,0.000173377470254325,8.57319725814099e-05,0.669128335721209
48,0.47,0.48,1,134,20,0.000177867913477355,7.29683394228096e-05,0.709099707162937
49,0.48,0.49,1,133,20,0.000256003565311131,5.03713849960975e-05,0.835589087993043
50,0.49,0.5,1,133,20,0.000130814198258863,6.45872666792327e-05,0.669463754022037
51,0.5,0.51,1,134,20,0.000155230179631611,0.000133713932902454,0.537232540473758
52,0.51,0.52,1,133,20,0.000224309563109958,5.56383816489557e-05,0.801254545030254
53,0.52,0.53,1,133,20,0.000102086271750593,7.48802616833497e-05,0.576867669664216
54,0.53,0.54,1,134,20,0.000269518928781639,0.000109062811987933,0.711917400542792
55,0.54,0.55,1,133,20,0.00021451833248669,5.43641836208086e-05,0.797814359937506
56,0.55,0.56,1,133,20,0.000297972018886736,5.76763954891127e-05,0.837827491540113
57,0.56,0.57,1,134,20,0.000513654493020784,8.15347384405463e-05,0.86301039378626
58,0.57,0.58,1,133,20,0.000328687295206169,5.57303812373746e-05,0.855026486417153
59,0.58,0.59,1,133,20,0.000348606282222931,5.71509177050855e-05,0.859149960332868
60,0.59,0.6,1,134,20,0.000348322309616925,8.09696392099745e-05,0.811387939067491
61,0.6,0.61,1,133,20,0.000401708183505336,8.49609732807911e-05,0.825423550894703
62,0.61,0.62,1,133,20,0.000551809048036047,9.28754186701615e-05,0.855936627192716
63,0.62,0.63,1,134,20,0.000198057114822787,0.000106717033195599,0.649848801515932
64,0.63,0.64,1,133,20,0.000319786751556021,0.000107872433525878,0.747760746667419
65,0.64,0.65,1,133,20,0.000312684550630904,9.00027999568379e-05,0.77649459357123
66,0.65,0.66,1,134,20,0.000413391694627427,7.51777806819767e-05,0.846126734310678
67,0.66,0.67,1,133,20,0.000203608123151939,0.000106555614079563,0.656453668534336
68,0.67,0.68,1,133,20,0.000246579443202131,6.91898827905111e-05,0.780884724717931
69,0.68,0.69,1,133,20,0.0001416558773781,6.19183027708199e-05,0.695844027344111
70,0.69,0.7,1,134,20,0.000358865661447681,6.5170198485319e-05,0.846309700090893
71,0.7,0.71,1,133,20,0.000145084616886511,6.42235896855153e-05,0.693162581929558
72,0.71,0.72,1,134,20,0.000359906805934432,4.53264924260531e-05,0.888147167053059
73,0.72,0.73,1,133,20,0.000195411483341754,6.18673599559356e-05,0.759531879252307
74,0.73,0.74,1,133,20,4.07919822866427e-05,7.46333740352793e-05,0.353405729785002
75,0.74,0.75,1,134,20,0.000109689485187901,8.54960065582508e-05,0.561975606929624
76,0.75,0.76,1,133,20,0.000110966664786402,5.41911190921098e-05,0.671882742553799
77,0.76,0.77,1,133,20,0.000203399760655994,3.57251992340813e-05,0.850600291786754
78,0.77,0.78,1,134,20,0.000137966528465198,7.84575242127843e-05,0.637482418234162
79,0.78,0.79,1,133,20,9.79017209318011e-05,7.0231482038742e-05,0.582286658447549
80,0.79,0.8,1,133,20,0.000270677889857585,8.24963102022508e-05,0.766414675284112
81,0.8,0.81,1,134,20,0.000144224126121854,9.95585764764555e-05,0.591609349575132
82,0.81,0.82,1,133,20,0.000219500248223069,4.3759346076651e-05,0.833778722507522
83,0.82,0.83,1,133,20,0.000172928704866779,7.75302215866559e-05,0.690447361232022
84,0.83,0.84,1,134,20,0.000134315830225688,0.000100090183838175,0.573005051777785
85,0.84,0.85,1,133,20,9.31915461525526e-05,9.3776000822148e-05,0.498437015730665
86,0.85,0.86,1,133,20,0.00018304447876709,6.88419058083184e-05,0.726694613032135
87,0.86,0.87,1,134,20,0.000127467190739551,9.12403459027777e-05,0.582820293696641
88,0.87,0.88,1,133,20,0.000187171773194936,8.88871348013346e-05,0.678013886795005
89,0.88,0.89,1,133,20,0.00018765792403689,8.27258787491188e-05,0.694042772175259
90,0.89,0.9,1,134,20,0.000189350838339046,7.50460631701683e-05,0.716161336453661
91,0.9,0.91,1,133,20,0.000316034262105135,6.56948215972691e-05,0.827901974457663
92,0.91,0.92,1,133,20,0.000180449028550806,7.12044986147684e-05,0.717053444802625
93,0.92,0.93,1,134,20,0.00045475199523278,0.000113753389019724,0.799907982983676
94,0.93,0.94,1,133,20,0.000222194276691702,5.93824412545627e-05,0.789107417375697
95,0.94,0.95,1,133,20,7.86531623543106e-05,7.20106468886801e-05,0.522044164086272
96,0.95,0.96,1,134,20,0.000175260726479082,0.000110474262871252,0.613368096352381
97,0.96,0.97,1,133,20,0.000285112455799046,9.07274901962847e-05,0.758600725753052
98,0.97,0.98,1,133,20,0.000173109754321961,0.000153654605317902,0.52976938645558
99,0.98,0.99,1,134,20,0.000642837548247537,0.000114967251473439,0.848289095667156
100,0.99,1,1,133,20,0.000385881632247053,0.000104556537839031,0.786809950333435
101,1,1.01,1,133,20,0.000252648500817761,5.05770777963118e-05,0.833203128748306
102,1.01,1.02,1,134,20,0.0002587750263022,4.84003247615646e-05,0.842434216827777
103,1.02,1.03,1,133,20,0.000483460695327494,4.5998912871079e-05,0.913121015921148
104,1.03,1.04,1,133,20,9.22418294813055e-05,4.18359914401879e-05,0.687972319712116
105,1.04,1.05,1,133,20,0.000290864017240691,8.44904113152482e-05,0.774904983430463
106,1.05,1.06,1,134,20,0.000235803591426347,8.49501043462752e-05,0.735154713832213
107,1.06,1.07,1,133,20,0.00025921021077502,6.96712977135079e-05,0.788156840943406
108,1.07,1.08,1,134,20,0.00013314229991782,8.8288812964897e-05,0.601280904857936
109,1.08,1.09,1,133,20,0.000246950624047731,0.000104336122157764,0.702988731329107
110,1.09,1.1,1,133,20,0.000200677573098018,7.43415471762753e-05,0.729685895649255
111,1.1,1.11,1,133,20,0.000166550365162009,8.96808205976688e-05,0.650000368488396
112,1.11,1.12,1,134,20,0.000212857599274764,8.76608199100182e-05,0.708301340903442
113,1.12,1.13,1,133,20,0.000125685890350864,0.000100798767258947,0.554942183180445
114,1.13,1.14,1,134,20,8.07047101572254e-05,8.75859922722489e-05,0.479555370511608
115,1.14,1.15,1,133,20,7.6412869110997e-06,8.70491138431268e-05,0.0806975876143246
116,1.15,1.16,1,133,20,6.3016183927293e-05,9.94941710689287e-05,0.387767191381485
117,1.16,1.17,1,134,20,7.10950146013939e-05,7.02977035723468e-05,0.502819491128487
118,1.17,1.18,1,133,20,0.000115154563793038,8.89832371739819e-05,0.564102107730856
119,1.18,1.19,1,133,20,6.27540506753178e-05,9.71312641611651e-05,0.392494149569004
120,1.19,1.2,1,133,20,0.000104470923872207,9.31938506974429e-05,0.528525753259062
121,1.2,1.21,1,134,20,4.303119512126e-05,0.000142513399567647,0.23191834390761
122,1.21,1.22,1,133,20,0.000141604413397445,0.000123749500780746,0.533643582518833
123,1.22,1.23,1,133,20,0.000192445827701609,0.000110953709441151,0.6342983562663
124,1.23,1.24,1,134,20,0.000117358832097983,9.45146595086526e-05,0.553909935632116
125,1.24,1.25,1,211,20,0.000139371026120917,0.000109025055080567,0.561083836132936
126,0,0.01,-1,212,20,0.000433462998152024,0.000104999042641213,0.805001959866042
127,0.01,0.02,-1,133,20,0.000115057514405317,0.00011758837746596,0.494560696859321
128,0.02,0.03,-1,133,20,0.000223690874724189,9.23037505642069e-05,0.707894555231865
129,0.03,0.04,-1,133,20,0.000105865655073569,8.77934192755038e-05,0.546659925074025
130,0.04,0.05,-1,134,20,0.000198556626591395,7.90064864415306e-05,0.715356678420887
131,0.05,0.06,-1,133,20,0.000176555245185689,7.44216775950605e-05,0.703472029338433
132,0.06,0.07,-1,133,20,0.000154939099921714,8.66957728790368e-05,0.641211668356641
133,0.07,0.08,-1,134,20,0.000131853331785758,7.24518760330066e-05,0.645374306379515
134,0.08,0.09,-1,133,20,0.00026231278051034,8.8161330658386e-05,0.748451232633434
135,0.09,0.1,-1,134,20,0.000194265520138964,9.02825713860749e-05,0.682715948287672
136,0.1,0.11,-1,133,20,3.74624542740663e-05,0.00010693007251264,0.259448706299081
137,0.11,0.12,-1,133,20,0.000178517687581447,0.000114492017319633,0.609255204163681
138,0.12,0.13,-1,134,20,0.000477155798115233,0.000109358828058211,0.813544584946341
139,0.13,0.14,-1,133,20,0.000266929419256888,7.72031179865772e-05,0.775658766227159
140,0.14,0.15,-1,133,20,0.000214140557756337,8.12711357658962e-05,0.724888562138859
141,0.15,0.16,-1,134,20,0.00025060665290651,0.000100611688398778,0.713535209964096
142,0.16,0.17,-1,133,20,0.000145386380240047,7.82336881380405e-05,0.65014907335702
143,0.17,0.18,-1,133,20,0.000118608248347961,6.52226463851904e-05,0.645203019438776
144,0.18,0.19,-1,133,20,0.000188025689496243,9.37896090486733e-05,0.667194756519845
145,0.19,0.2,-1,134,20,0.000237803295690267,9.32640255330274e-05,0.718292868083698
146,0.2,0.21,-1,133,20,0.000357850169252747,6.92881672175339e-05,0.83778518268787
147,0.21,0.22,-1,134,20,8.59113891922843e-05,0.00010074129757944,0.460274055938739
148,0.22,0.23,-1,133,20,0.000144540896868971,5.81973818793451e-05,0.712943296950879
149,0.23,0.24,-1,133,20,0.000211077276374448,0.000134298389788699,0.611152715879932
150,0.24,0.25,-1,134,20,0.000137777896414567,8.06450982811082e-05,0.630784760581322
151,0.25,0.26,-1,133,20,0.000357480374625461,9.50549049404171e-05,0.789950288446893
152,0.26,0.27,-1,133,20,0.000266620019152362,7.1751893203482e-05,0.787949618205825
153,0.27,0.28,-1,134,20,0.00013547888566491,6.97273749873957e-05,0.66020834468818
154,0.28,0.29,-1,133,20,0.000179691945081563,8.84066066522367e-05,0.670245862648235
155,0.29,0.3,-1,133,20,0.000108150113931015,0.000106337080743911,0.504226436897203
156,0.3,0.31,-1,134,20,0.000267025318306215,8.76838546180657e-05,0.7528007130597
157,0.31,0.32,-1,133,20,0.000363590102146926,8.29201527261014e-05,0.814292836903195
158,0.32,0.33,-1,133,20,0.000291769059654022,6.01226257194037e-05,0.829144511739168
159,0.33,0.34,-1,133,20,0.000203441675573554,8.91229986084913e-05,0.695373343149982
160,0.34,0.35,-1,134,20,0.000225453462481348,0.000126822748062172,0.63999059752999
161,0.35,0.36,-1,133,20,0.000278146328755869,7.10657230710072e-05,0.796496934457926
162,0.36,0.37,-1,134,20,0.000201614002387569,0.000104688153963682,0.658219337366886
163,0.37,0.38,-1,133,20,0.000174511782980921,6.61044338986411e-05,0.725270246719368
164,0.38,0.39,-1,133,20,0.000113672892515147,6.73057540705892e-05,0.62810113049053
165,0.39,0.4,-1,134,20,0.000480286322720198,8.98432266297627e-05,0.842416119753487
166,0.4,0.41,-1,133,20,0.000129820157191584,5.82147879071362e-05,0.690404419898797
167,0.41,0.42,-1,133,20,0.0002841794538427,6.67290415331178e-05,0.809839196222218
168,0.42,0.43,-1,134,20,0.000141250092509681,7.21290808809883e-05,0.661967568180006
169,0.43,0.44,-1,133,20,0.000139999071998272,8.39602074356947e-05,0.625109494690754
170,0.44,0.45,-1,133,20,0.000225959082913566,0.000100339879031706,0.692490964624843
171,0.45,0.46,-1,133,20,0.00024588156875446,6.30109696417122e-05,0.796010062370309
172,0.46,0.47,-1,134,20,0.000270616364466208,8.45399837349512e-05,0.761964035943212
173,0.47,0.48,-1,133,20,0.000279825051068311,8.85833148369433e-05,0.759551294066637
174,0.48,0.49,-1,133,20,0.000166116590257259,0.000111959903136983,0.597377319562742
175,0.49,0.5,-1,134,20,0.000139012961104442,8.42820508735114e-05,0.622552917206082
176,0.5,0.51,-1,133,20,0.000116779060645521,5.82468369341522e-05,0.667210180095562
177,0.51,0.52,-1,134,20,0.000141690641175067,5.41712848669351e-05,0.723421055017512
178,0.52,0.53,-1,133,20,0.0002116688401508,5.76752246877183e-05,0.785867846309156
179,0.53,0.54,-1,133,20,5.61427374079829e-05,9.58163051842015e-05,0.369459667883367
180,0.54,0.55,-1,134,20,0.000163536674261398,0.000106052371249053,0.606614686259789
181,0.55,0.56,-1,133,20,0.000328335924434362,5.8191692899508e-05,0.84945010320118
182,0.56,0.57,-1,133,20,0.000168678032928532,8.14654253526506e-05,0.674325181588093
183,0.57,0.58,-1,134,20,0.000381212230806735,6.17211740037292e-05,0.860653603152509
184,0.58,0.59,-1,133,20,0.000382800408732763,3.65289654905918e-05,0.9128871771546
185,0.59,0.6,-1,133,20,0.000235472261776741,0.000102864835994079,0.695969384759112
186,0.6,0.61,-1,133,20,0.00114664243688612,5.59507929199946e-05,0.953474881170739
187,0.61,0.62,-1,134,20,0.000159784608145973,8.2879688923958e-05,0.65845948528607
188,0.62,0.63,-1,133,20,0.000248415463528977,6.38387406510487e-05,0.795555224568751
189,0.63,0.64,-1,133,20,0.00026508379943183,7.19646483980168e-05,0.786485744523152
190,0.64,0.65,-1,134,20,0.000503073117088012,0.000137808958552348,0.78496986607926
191,0.65,0.66,-1,133,20,0.000285890197386785,7.94754563078639e-05,0.782476936449301
192,0.66,0.67,-1,134,20,0.000471019341158068,0.000133014508724492,0.779789644652608
193,0.67,0.68,-1,133,20,0.000511422005884709,9.87813076927252e-05,0.838117385640532
194,0.68,0.69,-1,133,20,0.000336417925138278,9.59425826608901e-05,0.778095869233608
195,0.69,0.7,-1,134,20,0.000292694074974691,8.64654628711865e-05,0.7719549312608
196,0.7,0.71,-1,133,20,0.00013269830521001,6.20528811473326e-05,0.681373539704792
197,0.71,0.72,-1,133,20,0.000105320274248282,8.49078166368132e-05,0.553652584948137
198,0.72,0.73,-1,134,20,9.43363236763567e-05,8.18311512644138e-05,0.535492284873094
199,0.73,0.74,-1,133,20,0.000176073430964809,5.30575628915518e-05,0.768440043843161
200,0.74,0.75,-1,133,20,0.000133936607294693,0.00011955269176646,0.52837183972165
201,0.75,0.76,-1,133,20,0.000159190811956602,0.000111186303541988,0.588773246075378
202,0.76,0.77,-1,134,20,0.000214349322314651,7.49321064018438e-05,0.740971597332369
203,0.77,0.78,-1,133,20,0.000261821307109331,7.93260090667331e-05,0.7674728620002
204,0.78,0.79,-1,134,20,0.000130516936838202,0.000130072993938029,0.500851803634259
205,0.79,0.8,-1,133,20,7.71064650342779e-05,0.000110839967258778,0.410257668068151
206,0.8,0.81,-1,133,20,4.5182210596464e-05,5.76830335992658e-05,0.439236896288238
207,0.81,0.82,-1,134,20,0.000315563338891376,6.6979883345682e-05,0.824908979032504
208,0.82,0.83,-1,133,20,3.80734502660351e-05,5.04948465204629e-05,0.429876735213895
209,0.83,0.84,-1,133,20,0.000129863238502189,6.32107483186526e-05,0.672608675257183
210,0.84,0.85,-1,134,20,5.53936172248154e-05,8.19831508936763e-05,0.403224052971145
211,0.85,0.86,-1,133,20,0.000109826033615742,7.92529250502727e-05,0.580847463888019
212,0.86,0.87,-1,133,20,0.00025992464298214,8.54426438459733e-05,0.752603540912381
213,0.87,0.88,-1,134,20,9.46070777280981e-05,0.000126454971365564,0.427966166585264
214,0.88,0.89,-1,133,20,0.000143219706549786,9.61322023341688e-05,0.598364588849899
215,0.89,0.9,-1,133,20,0.000174492934997302,8.1185038330718e-05,0.682471519646465
216,0.9,0.91,-1,134,20,0.000152592815811099,8.69983548894763e-05,0.636888310052957
217,0.91,0.92,-1,133,20,0.000325101026863268,8.5545405853734e-05,0.791681117773917
218,0.92,0.93,-1,133,20,0.000235998076922415,7.28462922798811e-05,0.764132684471362
219,0.93,0.94,-1,134,20,0.000392789876385319,4.64538874301203e-05,0.894241213519791
220,0.94,0.95,-1,133,20,0.000213583003324096,7.0443328353091e-05,0.751983106858015
221,0.95,0.96,-1,133,20,0.000368449784547908,0.00010308937597284,0.781376851375414
222,0.96,0.97,-1,134,20,0.00035392119098024,8.43969512187482e-05,0.807452753848291
223,0.97,0.98,-1,133,20,0.000570642767853674,8.6242763236169e-05,0.86870960136223
224,0.98,0.99,-1,133,20,0.000324256152045137,5.95346927151217e-05,0.844877246219067
225,0.99,1,-1,134,20,0.000540426696927455,7.64650283567701e-05,0.876047894269388
226,1,1.01,-1,133,20,0.000469295588873481,9.3086441392734e-05,0.834478279206984
227,1.01,1.02,-1,133,20,0.000374448162190046,4.76872972405678e-05,0.887033187629181
228,1.02,1.03,-1,134,20,0.000128589067637377,8.14962161940163e-05,0.612080319441023
229,1.03,1.04,-1,133,20,0.000293635960333509,7.91547911735923e-05,0.787669648848344
230,1.04,1.05,-1,133,20,0.000316298053901914,0.000101037925669324,0.75789787937017
231,1.05,1.06,-1,134,20,0.000145334803115002,9.73510658633801e-05,0.598859767677483
232,1.06,1.07,-1,133,20,0.000171235043786573,9.26661115729437e-05,0.648860530956361
233,1.07,1.08,-1,133,20,0.000270701196197075,6.93669833403956e-05,0.796020364402391
234,1.08,1.09,-1,134,20,6.75980429637761e-05,9.38504996726047e-05,0.418697139410062
235,1.09,1.1,-1,133,20,6.45598665732068e-05,5.65991486502154e-05,0.53285235485082
236,1.1,1.11,-1,133,20,0.000277358092387134,6.02977304339551e-05,0.821422506710614
237,1.11,1.12,-1,134,20,0.00018201537511142,7.8735248308279e-05,0.698043873200839
238,1.12,1.13,-1,133,20,0.000107855619258598,7.20121241213372e-05,0.599638474536117
239,1.13,1.14,-1,133,20,8.34884963413479e-05,5.86998551111421e-05,0.58716832629742
240,1.14,1.15,-1,134,20,0.000111933230801675,8.71167799610561e-05,0.562337225568402
241,1.15,1.16,-1,133,20,0.000113054151754417,6.94564947468204e-05,0.619438667944505
242,1.16,1.17,-1,133,20,4.98180576101628e-05,7.45669635292689e-05,0.400514926586846
243,1.17,1.18,-1,134,20,4.34007243854625e-05,8.71859625956526e-05,0.332351829951386
244,1.18,1.19,-1,133,20,0.000207748951852273,0.000110006305226606,0.653801777387122
245,1.19,1.2,-1,133,20,0.00010070709308067,8.96726814139078e-05,0.528979999834688
246,1.2,1.21,-1,134,20,2.46261595430209e-05,8.3801415383522e-05,0.22712081829465
247,1.21,1.22,-1,133,20,8.94841064193392e-05,8.85952418253807e-05,0.502495698133219
248,1.22,1.23,-1,133,20,0.000122256083891322,8.65282953151692e-05,0.585561450315249
249,1.23,1.24,-1,134,20,0.000566254534292259,9.04321076245895e-05,0.862290319534107
250,1.24,1.25,-1,211,20,0.000476954661695743,0.000125429526165419,0.791778189579027
1,0,0.01,1,212,22,0.000263085094581898,0.001080921098597,0.195746936224779
2,0.01,0.02,1,133,22,0.000312980664920892,0.000159076160615788,0.663014806670923
3,0.02,0.03,1,134,22,0.000129828088313217,9.28238934123085e-05,0.583098732412195
4,0.03,0.04,1,133,22,0.000309250974260156,0.000150446494703348,0.672727163274219
5,0.04,0.05,1,133,22,0.000135428095994248,0.000135372201939879,0.50010320161166
6,0.05,0.06,1,133,22,0.000158524810410882,0.000102793787896402,0.606634244319928
7,0.06,0.07,1,134,22,0.0004198165964701,8.58555397634295e-05,0.83021500768676
8,0.07,0.08,1,133,22,7.95812923614293e-05,0.000120567483549894,0.397610687345339
9,0.08,0.09,1,134,22,0.000442992443826111,8.52344136370642e-05,0.838640515087769
10,0.09,0.1,1,133,22,0.000190550729044797,0.000121169764329592,0.611287140547213
11,0.1,0.11,1,133,22,7.36069816952113e-05,0.000176327641792319,0.294504941604795
12,0.11,0.12,1,134,22,0.000269086662196952,0.000120909811435344,0.68997203921043
13,0.12,0.13,1,133,22,0.000351557199427671,0.000145179145823313,0.707733997700613
14,0.13,0.14,1,133,22,0.000255106999725261,0.000155346655620942,0.621524492235518
15,0.14,0.15,1,134,22,0.0002131965951493,0.000174433227971622,0.550000496434437
16,0.15,0.16,1,133,22,4.20600510523348e-05,0.00013914792365388,0.232109271794054
17,0.16,0.17,1,133,22,9.19540191592218e-05,0.000102287923561912,0.473399400104008
18,0.17,0.18,1,134,22,0.000205925775927889,9.11493419543917e-05,0.693177460959518
19,0.18,0.19,1,133,22,0.000191879448120224,7.23054291283456e-05,0.726307463616421
20,0.19,0.2,1,133,22,0.000364943212758822,0.000103406021429024,0.779211720910918
21,0.2,0.21,1,134,22,0.000313299932983381,0.000124568897604256,0.715510927240288
22,0.21,0.22,1,133,22,0.000376743584908865,0.000102076098302014,0.786817246906998
23,0.22,0.23,1,133,22,0.000171195505080148,0.00012161601442444,0.584661099979249
24,0.23,0.24,1,133,22,0.000116416509736591,0.000115244125358174,0.502530391876758
25,0.24,0.25,1,134,22,0.000204281710637744,9.16829722430613e-05,0.690223268024229
26,0.25,0.26,1,133,22,0.000233918075628069,0.000116963254046391,0.666658655919632
27,0.26,0.27,1,133,22,0.000306450868740641,6.7875186976001e-05,0.818673624399309
28,0.27,0.28,1,134,22,0.000362597634575696,7.2938092354068e-05,0.832532470141467
29,0.28,0.29,1,133,22,6.93148633918359e-05,0.000161567519675077,0.300217203543622
30,0.29,0.3,1,134,22,0.000240106443939779,7.7476656348359e-05,0.756042886796981
31,0.3,0.31,1,133,22,0.000147682895815521,7.64704976425088e-05,0.658847468410836
32,0.31,0.32,1,133,22,9.82108613730551e-05,0.000107466408073935,0.477499830861801
33,0.32,0.33,1,134,22,0.000233198208702364,0.000128635027775413,0.64449084603837
34,0.33,0.34,1,133,22,0.00027983807488365,8.00530282219663e-05,0.777563191945666
35,0.34,0.35,1,133,22,0.000277001549378931,8.48792048367126e-05,0.765449795691171
36,0.35,0.36,1,134,22,0.000396192681720251,0.00010148495755516,0.796082946979663
37,0.36,0.37,1,133,22,0.000202393491552746,6.45143589399933e-05,0.758289766221214
38,0.37,0.38,1,133,22,0.00024306028550893,0.000116392214050819,0.676195841749956
39,0.38,0.39,1,134,22,8.14863582828452e-05,0.000129222159521831,0.386725506552051
40,0.39,0.4,1,133,22,0.000191415179508382,9.91535878468879e-05,0.658760338389516
41,0.4,0.41,1,133,22,0.000162874428601863,0.000112797996586789,0.590825972131244
42,0.41,0.42,1,134,22,0.000147131489229548,9.67550796355988e-05,0.603278359748059
43,0.42,0.43,1,133,22,0.000125495333020338,8.70177684543416e-05,0.590529864509508
44,0.43,0.44,1,133,22,5.76014336897437e-05,0.000108319978342563,0.347160941943575
45,0.44,0.45,1,134,22,9.87890958977154e-05,7.48871138484195e-05,0.568811906029714
46,0.45,0.46,1,133,22,7.91132867800336e-05,9.70374859126663e-05,0.449122564554678
47,0.46,0.47,1,133,22,5.78784836174236e-05,0.000145367152446878,0.28477110130479
48,0.47,0.48,1,134,22,0.000145141163872934,7.69103753753134e-05,0.653637278824131
49,0.48,0.49,1,133,22,0.000260162137938783,7.28166141305307e-05,0.781317535494358
50,0.49,0.5,1,133,22,0.000195644668298276,8.12323794342886e-05,0.706612086124412
51,0.5,0.51,1,134,22,0.00030243050784053,6.67196104138038e-05,0.819261576484622
52,0.51,0.52,1,133,22,0.000254255197998869,8.868485351996e-05,0.741398378150384
53,0.52,0.53,1,133,22,8.93907491596452e-05,7.04342787246367e-05,0.559303823330891
54,0.53,0.54,1,134,22,0.00021552800603364,6.03612513970016e-05,0.78121202703162
55,0.54,0.55,1,133,22,0.000164658525637049,5.89971636046839e-05,0.736214339976309
56,0.55,0.56,1,133,22,0.00058200209190477,6.41482248536499e-05,0.900722443075682
57,0.56,0.57,1,134,22,0.000473847009309402,7.77655502699153e-05,0.859021429227024
58,0.57,0.58,1,133,22,0.000916268801363031,0.000107908245764426,0.894639070396003
59,0.58,0.59,1,133,22,0.0016401749462622,9.08879614405148e-05,0.947495864514172
60,0.59,0.6,1,134,22,0.000494485671310327,0.000110745273701076,0.817019809357253
61,0.6,0.61,1,133,22,0.000269032220426697,0.000106515630870081,0.716372679267691
62,0.61,0.62,1,133,22,0.000453853346026329,0.000114097350203238,0.799106945443166
63,0.62,0.63,1,134,22,0.000403963084265293,9.11292629075419e-05,0.815934818164885
64,0.63,0.64,1,133,22,0.000560480553111512,0.000104738932360924,0.842549813034207
65,0.64,0.65,1,133,22,0.00093331831230065,7.52697956541671e-05,0.925371125179339
66,0.65,0.66,1,134,22,0.000847421053451894,8.26299407025127e-05,0.911155472955933
67,0.66,0.67,1,133,22,0.000605185287117834,9.35158229404609e-05,0.86615761504564
68,0.67,0.68,1,133,22,0.000177587840566174,0.000134762473510861,0.568553424032657
69,0.68,0.69,1,133,22,0.000152780977212433,0.000103449379785426,0.596264154655609
70,0.69,0.7,1,134,22,0.000241287883203972,9.26096382617012e-05,0.722640533972271
71,0.7,0.71,1,133,22,0.000145371555058187,0.000122450035148774,0.542792517010485
72,0.71,0.72,1,134,22,8.71191631072699e-05,8.20406440728648e-05,0.515011009763676
73,0.72,0.73,1,133,22,0.000291721698199472,5.78755734273732e-05,0.834450729097369
74,0.73,0.74,1,133,22,0.000217470160636709,7.0773139613844e-05,0.754467356041494
75,0.74,0.75,1,134,22,0.000300467634491014,6.40154416711478e-05,0.824366490907614
76,0.75,0.76,1,133,22,6.40000095264366e-05,6.33140725485351e-05,0.502693877090115
77,0.76,0.77,1,133,22,0.000299526569380262,6.41762505798899e-05,0.823547558451922
78,0.77,0.78,1,134,22,0.000236892343687638,6.24231463097308e-05,0.791446990230009
79,0.78,0.79,1,133,22,0.000108964472792217,9.3662639343307e-05,0.537758603198854
80,0.79,0.8,1,133,22,0.000253104909586851,7.20539216559107e-05,0.77840392222927
81,0.8,0.81,1,134,22,0.000162753878372374,6.97312136662092e-05,0.700061569304252
82,0.81,0.82,1,133,22,0.000246096932552891,7.20090790639129e-05,0.773631819474521
83,0.82,0.83,1,133,22,0.000243885769551466,4.74063808646748e-05,0.837254863212243
84,0.83,0.84,1,134,22,4.29726382413098e-05,0.000108785584567759,0.28316513890239
85,0.84,0.85,1,133,22,0.000172549210839798,8.46761611050366e-05,0.670809452174895
86,0.85,0.86,1,133,22,0.000191532506798367,3.84971656125165e-05,0.832642609933591
87,0.86,0.87,1,134,22,0.000134635940541222,0.000104979097814672,0.561884351938091
88,0.87,0.88,1,133,22,0.000217401647207631,9.22434538213293e-05,0.702099424422342
89,0.88,0.89,1,133,22,0.000249608472133468,6.15174010801185e-05,0.802274878509101
90,0.89,0.9,1,134,22,0.000104734707579113,0.000120021034115067,0.46599346824084
91,0.9,0.91,1,133,22,0.000183779513770442,8.76310440470077e-05,0.677127357344927
92,0.91,0.92,1,133,22,0.000323517246305552,9.11382753728076e-05,0.780207254918694
93,0.92,0.93,1,134,22,0.00012247111719481,7.39972856259927e-05,0.623362919616723
94,0.93,0.94,1,133,22,0.000584891141706196,7.64541174932342e-05,0.88439606025787
95,0.94,0.95,1,133,22,0.000263933041732506,5.38832368793694e-05,0.830457907585115
96,0.95,0.96,1,134,22,0.000264258981180392,8.97965021757777e-05,0.746377315429274
97,0.96,0.97,1,133,22,0.000266334108482564,6.66228084971963e-05,0.799905618115613
98,0.97,0.98,1,133,22,0.000882298049705881,0.000103959169739817,0.894592234469782
99,0.98,0.99,1,134,22,0.000623782879551293,6.53329927588258e-05,0.905193022851425
100,0.99,1,1,133,22,0.000923707626550501,0.000128705801909452,0.877704143230296
101,1,1.01,1,133,22,0.000829416828650307,9.06680970207828e-05,0.901456817201247
102,1.01,1.02,1,134,22,0.000195373959332962,0.000109778794651776,0.640249700458982
103,1.02,1.03,1,133,22,0.000297534070970327,8.15292125794443e-05,0.784919257238641
104,1.03,1.04,1,133,22,0.000628699661163734,7.40302174207766e-05,0.894653380086963
105,1.04,1.05,1,133,22,0.000254833939062453,5.01957964549986e-05,0.835439661743644
106,1.05,1.06,1,134,22,0.000325773882157493,8.04897254695994e-05,0.80187808122976
107,1.06,1.07,1,133,22,0.000177305844833681,6.80978271649909e-05,0.722506894007033
108,1.07,1.08,1,134,22,0.000202724072428131,9.66235936278897e-05,0.677219485620418
109,1.08,1.09,1,133,22,0.000394092092649165,9.45929897980841e-05,0.806433645724606
110,1.09,1.1,1,133,22,0.000207755028838206,8.84691707749263e-05,0.701343877743727
111,1.1,1.11,1,133,22,0.000238683048316396,0.000101540225339243,0.701548267853015
112,1.11,1.12,1,134,22,0.000312881428008277,0.000107051942153675,0.745073981349972
113,1.12,1.13,1,133,22,0.000317468303665342,6.36538910172836e-05,0.832982985757913
114,1.13,1.14,1,134,22,0.000147037654401012,6.61112262645818e-05,0.689835451830015
115,1.14,1.15,1,133,22,0.000122319003503426,7.04241363023209e-05,0.634621826886825
116,1.15,1.16,1,133,22,7.84996823387971e-05,8.16417471416731e-05,0.490189719134301
117,1.16,1.17,1,134,22,7.57829391188626e-05,7.40855256080167e-05,0.505663010940758
118,1.17,1.18,1,133,22,7.54758240451253e-05,4.28767182858186e-05,0.637720344308918
119,1.18,1.19,1,133,22,7.87926945904852e-05,0.000102884569559572,0.43369595507232
120,1.19,1.2,1,133,22,4.31396893467316e-05,9.1657929178896e-05,0.320033022976069
121,1.2,1.21,1,134,22,0.000308063441431738,6.67256974668669e-05,0.821964698168805
122,1.21,1.22,1,133,22,0.000170170882536804,0.000105226442986819,0.617910439810015
123,1.22,1.23,1,133,22,0.000126879244617513,0.000101460158894928,0.555660751783473
124,1.23,1.24,1,134,22,0.000126220954413419,8.79372571478139e-05,0.58938181026661
125,1.24,1.25,1,211,22,0,0.00015122347965343,0
126,0,0.01,-1,212,22,0.000141531068833281,9.58552950815206e-05,0.596205554941129
127,0.01,0.02,-1,133,22,0.000110939567246115,0.000108187309385135,0.506280055425632
128,0.02,0.03,-1,133,22,0.000546568336789282,8.82430524111942e-05,0.860993274675911
129,0.03,0.04,-1,133,22,0.000311673554811063,8.23144642656809e-05,0.791073686812677
130,0.04,0.05,-1,134,22,0.000182744089885111,8.22347642069914e-05,0.689655370845524
131,0.05,0.06,-1,133,22,0.0001343006012177,9.14527567593152e-05,0.594899683535931
132,0.06,0.07,-1,133,22,0.000184727295300818,5.92487933165273e-05,0.757153278207301
133,0.07,0.08,-1,134,22,0.0001036235455969,8.63235474226795e-05,0.545538991671846
134,0.08,0.09,-1,133,22,0.000100426720581281,8.66834599822491e-05,0.536725047663469
135,0.09,0.1,-1,134,22,0.000194921377927113,6.43203656823194e-05,0.751890398564735
136,0.1,0.11,-1,133,22,0.00033567011830583,8.89699551284225e-05,0.790481490809657
137,0.11,0.12,-1,133,22,0.000180769791312071,6.92931514846511e-05,0.722897160572169
138,0.12,0.13,-1,134,22,0.000220273625425184,6.46627388247456e-05,0.773062525750391
139,0.13,0.14,-1,133,22,0.000295868273678945,8.31379133399938e-05,0.780642332005415
140,0.14,0.15,-1,133,22,0.000273328273424615,8.48348946371023e-05,0.763138976304554
141,0.15,0.16,-1,134,22,0.000213337982266939,7.60218067180258e-05,0.737275842698462
142,0.16,0.17,-1,133,22,0.000214765892366856,9.1252499640801e-05,0.701807139622779
143,0.17,0.18,-1,133,22,0.000129285986585087,7.59985088992378e-05,0.629789338352438
144,0.18,0.19,-1,133,22,0.00029976073714413,7.19012562193848e-05,0.806541272706731
145,0.19,0.2,-1,134,22,0.00033539670725469,7.00894173358827e-05,0.827147186832464
146,0.2,0.21,-1,133,22,0.000235890758608189,5.41737656320277e-05,0.813235466233148
147,0.21,0.22,-1,134,22,0.000245494293650763,8.53481910118229e-05,0.742027717211511
148,0.22,0.23,-1,133,22,0.000199200753972854,9.04013314573529e-05,0.68784295415877
149,0.23,0.24,-1,133,22,0.000103457896818761,8.97139957054137e-05,0.535574277742366
150,0.24,0.25,-1,134,22,8.4316511289318e-05,8.3336140978336e-05,0.502923813902499
151,0.25,0.26,-1,133,22,0.000203176864880555,9.13222899009571e-05,0.689906444829328
152,0.26,0.27,-1,133,22,6.70595149595578e-05,5.73944999467533e-05,0.538829663390451
153,0.27,0.28,-1,134,22,5.03121745500944e-05,9.03281224524001e-05,0.357736549356135
154,0.28,0.29,-1,133,22,6.65972464828613e-05,6.9881798909455e-05,0.48796682517396
155,0.29,0.3,-1,133,22,0.000136822244782889,4.98898536877385e-05,0.732797959551684
156,0.3,0.31,-1,134,22,0.000166937691395209,7.29552920719935e-05,0.695884010371784
157,0.31,0.32,-1,133,22,0.000126848418752309,7.87281942032393e-05,0.617037205393288
158,0.32,0.33,-1,133,22,0.000407929184838809,7.49825941189652e-05,0.844728173164893
159,0.33,0.34,-1,133,22,0.000193321059249163,6.79998201169535e-05,0.739784205984994
160,0.34,0.35,-1,134,22,0.000169491519426779,0.000103669484927433,0.62048212125841
161,0.35,0.36,-1,133,22,6.17366406007057e-05,8.9882118470655e-05,0.407183391941948
162,0.36,0.37,-1,134,22,0.00021610921791409,9.49041280163015e-05,0.694855126771498
163,0.37,0.38,-1,133,22,0.000307644161545872,8.09620386715495e-05,0.79166045568431
164,0.38,0.39,-1,133,22,0.000113836210120015,4.44383973564442e-05,0.719232300967458
165,0.39,0.4,-1,134,22,0.000191679804033796,2.94806633056209e-05,0.866700122041356
166,0.4,0.41,-1,133,22,0.000311844473180632,8.56184986585787e-05,0.784587484307306
167,0.41,0.42,-1,133,22,0.000251428108608087,6.93430297208551e-05,0.783823974681457
168,0.42,0.43,-1,134,22,0.000283458158167596,7.34359970471143e-05,0.794235921283343
169,0.43,0.44,-1,133,22,0.000168210259731234,8.27080630509167e-05,0.670378543368774
170,0.44,0.45,-1,133,22,0.000186040228177017,7.00044385813885e-05,0.726592865738375
171,0.45,0.46,-1,133,22,5.21395338701589e-05,9.74904176027558e-05,0.34845653130882
172,0.46,0.47,-1,134,22,0.000122435334609642,6.96849187009886e-05,0.637284890581952
173,0.47,0.48,-1,133,22,0.000163943044118984,5.26305411871764e-05,0.756985409311228
174,0.48,0.49,-1,133,22,0.000207615563999432,6.24341155541214e-05,0.768805074468751
175,0.49,0.5,-1,134,22,0.00017780824597813,8.67348103737408e-05,0.672133483411584
176,0.5,0.51,-1,133,22,0.000163434414841396,9.75122054348635e-05,0.626313591141249
177,0.51,0.52,-1,134,22,0.000125817242220802,7.88676652830518e-05,0.61468744205497
178,0.52,0.53,-1,133,22,7.66776162298018e-05,8.1456189620813e-05,0.484890727933516
179,0.53,0.54,-1,133,22,5.76685723633153e-05,6.46519021837389e-05,0.471454779560484
180,0.54,0.55,-1,134,22,0.000144893920801728,6.41255411705581e-05,0.693207797180818
181,0.55,0.56,-1,133,22,0.000277086527362575,5.00241620682268e-05,0.847072676972823
182,0.56,0.57,-1,133,22,0.000308333852806837,6.84580483845832e-05,0.818313376247955
183,0.57,0.58,-1,134,22,0.000195150716687616,8.11097346235562e-05,0.706401208574743
184,0.58,0.59,-1,133,22,0.000415786756123441,9.06064011068763e-05,0.821074989238714
185,0.59,0.6,-1,133,22,0.000835856354992271,5.37901111345721e-05,0.939537655481562
186,0.6,0.61,-1,133,22,0.000396567016142386,9.06856958114643e-05,0.813883650954305
187,0.61,0.62,-1,134,22,0.000466078064953096,0.000112946490725747,0.804936613450997
188,0.62,0.63,-1,133,22,0.000342976427993962,9.4827670662164e-05,0.783401592280097
189,0.63,0.64,-1,133,22,0.000371856808836566,7.94745515222775e-05,0.823910859065745
190,0.64,0.65,-1,134,22,0.000268313072023714,5.88628669264147e-05,0.820088032404525
191,0.65,0.66,-1,133,22,0.000778061405794175,7.93881074470008e-05,0.907413665503276
192,0.66,0.67,-1,134,22,0.000573248864804839,8.54647600635512e-05,0.870255059502334
193,0.67,0.68,-1,133,22,0.000438005771572089,0.000102872579985159,0.809804589721557
194,0.68,0.69,-1,133,22,0.000312768566654062,8.52154839491005e-05,0.78588216331797
195,0.69,0.7,-1,134,22,0.000141170646613635,8.74065113463798e-05,0.617606097973841
196,0.7,0.71,-1,133,22,0.000120938888139775,6.65545947141323e-05,0.645029823431298
197,0.71,0.72,-1,133,22,0.000235352632217025,5.96823695159533e-05,0.79771088458864
198,0.72,0.73,-1,134,22,0.000123550668277245,6.57670338479262e-05,0.652610225511595
199,0.73,0.74,-1,133,22,0.000128271282488722,5.33913419649208e-05,0.706096165210113
200,0.74,0.75,-1,133,22,0.000114109306484192,7.83322968395586e-05,0.59295549669799
201,0.75,0.76,-1,133,22,0.000174170204416564,7.82758904815198e-05,0.689930277934697
202,0.76,0.77,-1,134,22,0.000152101063555522,7.31791439578696e-05,0.67516390025733
203,0.77,0.78,-1,133,22,0.000115402777379878,7.54066652319922e-05,0.604806427817208
204,0.78,0.79,-1,134,22,9.11763247296032e-05,7.46243544001529e-05,0.549915266983004
205,0.79,0.8,-1,133,22,0.000228302841846149,4.27934660507085e-05,0.842146629060733
206,0.8,0.81,-1,133,22,0.000129969178241639,6.51034767250524e-05,0.666260364702736
207,0.81,0.82,-1,134,22,0.000324607708433157,7.25142044189574e-05,0.817400646823634
208,0.82,0.83,-1,133,22,0.000126132889580241,5.55132870274983e-05,0.694387803452764
209,0.83,0.84,-1,133,22,0.000164175159401316,7.11730551175854e-05,0.69758404471826
210,0.84,0.85,-1,134,22,0.000197542538714381,6.90726925995128e-05,0.740927432168377
211,0.85,0.86,-1,133,22,0.000114792311437897,8.22095255474532e-05,0.582696654988215
212,0.86,0.87,-1,133,22,0.000124542102875378,5.9961739262774e-05,0.675010891004231
213,0.87,0.88,-1,134,22,6.89274184861273e-05,7.17672456561586e-05,0.489907836280275
214,0.88,0.89,-1,133,22,0.000191818772984085,6.99887293682668e-05,0.732671032191916
215,0.89,0.9,-1,133,22,0.000105152392707503,9.78875298439312e-05,0.517890232552004
216,0.9,0.91,-1,134,22,0.000268495586914119,7.57744202668581e-05,0.779898281330605
217,0.91,0.92,-1,133,22,0.000463234257347119,8.33192904383469e-05,0.847555119208463
218,0.92,0.93,-1,133,22,0.000428602696378729,5.32110168050728e-05,0.88956101632422
219,0.93,0.94,-1,134,22,0.000288062232094532,6.8232091787543e-05,0.808495147932454
220,0.94,0.95,-1,133,22,0.000533815541598174,5.33939148105186e-05,0.909071772895025
221,0.95,0.96,-1,133,22,0.000281129706150529,8.8796003304216e-05,0.759962605910529
222,0.96,0.97,-1,134,22,0.000828848693038254,6.08240670370684e-05,0.931633214181
223,0.97,0.98,-1,133,22,0.00122807913737508,0.000104406088865421,0.921645593655103
224,0.98,0.99,-1,133,22,0.000751880441097499,4.35524000199271e-05,0.945246917440894
225,0.99,1,-1,134,22,0.00062608874850728,6.61485107318009e-05,0.904442429457622
226,1,1.01,-1,133,22,0.000318042681894838,5.44278363009911e-05,0.853873437917642
227,1.01,1.02,-1,133,22,0.000331113926983011,7.20305304966589e-05,0.821328238153215
228,1.02,1.03,-1,134,22,0.000248153792693961,9.19175860654582e-05,0.729710902455909
229,1.03,1.04,-1,133,22,0.000466588609938473,5.42309930905023e-05,0.89587374827079
230,1.04,1.05,-1,133,22,0.000321400328530415,7.09955382202092e-05,0.819071646171726
231,1.05,1.06,-1,134,22,0.000465127782897561,9.34710564914972e-05,0.832668724135326
232,1.06,1.07,-1,133,22,0.000267851120994443,8.67307184638551e-05,0.755399998498639
233,1.07,1.08,-1,133,22,0.00020071941987651,6.77461511749097e-05,0.747654230262791
234,1.08,1.09,-1,134,22,0.000271942638562197,6.35186298724598e-05,0.810652865623346
235,1.09,1.1,-1,133,22,0.000161212331802448,7.02302547989678e-05,0.69655431253922
236,1.1,1.11,-1,133,22,0.000187434206860444,6.5043614479064e-05,0.742378898336581
237,1.11,1.12,-1,134,22,0.000322161199883648,6.23463506591309e-05,0.837854027648816
238,1.12,1.13,-1,133,22,0.000137661828266052,6.80595163687491e-05,0.669166481049553
239,1.13,1.14,-1,133,22,0.00013422397537332,0.00010718373446484,0.556005338285607
240,1.14,1.15,-1,134,22,9.05281009978631e-05,8.38206710574733e-05,0.519235667281502
241,1.15,1.16,-1,133,22,0.000169751329207738,7.04695070221681e-05,0.706646983133784
242,1.16,1.17,-1,133,22,0.000187725786083619,6.7991562349585e-05,0.734114393230754
243,1.17,1.18,-1,134,22,0.000262719614276267,7.6360205376456e-05,0.774801681047659
244,1.18,1.19,-1,133,22,0.000189566208527421,7.22574171295933e-05,0.724022547819082
245,1.19,1.2,-1,133,22,0.000173484668721332,6.5194954923014e-05,0.726851610005216
246,1.2,1.21,-1,134,22,3.11889955023339e-05,8.72517046303708e-05,0.263330050121189
247,1.21,1.22,-1,133,22,0.000197529645673352,8.93226816544087e-05,0.688610922259147
248,1.22,1.23,-1,133,22,0.00024300132632885,9.30151342708255e-05,0.723182804482777
249,1.23,1.24,-1,134,22,0.000194239278741975,8.4590343040633e-05,0.696623542004498
250,1.24,1.25,-1,211,22,0.00107196507837069,0.000101744327618875,0.913313868748378
1,0,0.01,1,212,24,0.00045478368793394,9.75397641911711e-05,0.823401009289251
2,0.01,0.02,1,133,24,0.00013965712071189,8.79614284316211e-05,0.613557731728786
3,0.02,0.03,1,134,24,0.000129481413089592,8.16913849802364e-05,0.613153844970015
4,0.03,0.04,1,133,24,0.000120326132579743,7.37029972696175e-05,0.620144679683722
5,0.04,0.05,1,133,24,0.000219708223700688,0.000128881659440359,0.63027710879317
6,0.05,0.06,1,133,24,0.000132247149085258,4.38976867982221e-05,0.750786410637321
7,0.06,0.07,1,134,24,0.000151849356355551,6.21914071941363e-05,0.709441294439696
8,0.07,0.08,1,133,24,0.000133380986128848,8.27996455568634e-05,0.616988603876228
9,0.08,0.09,1,134,24,0.00012182223051706,6.40379130349642e-05,0.655451072988978
10,0.09,0.1,1,133,24,0.000122108600787151,0.000124581913840506,0.494987012254833
11,0.1,0.11,1,133,24,0.000211650222271225,9.10661472934964e-05,0.699170059998932
12,0.11,0.12,1,134,24,0.000214068128926976,9.32515507202907e-05,0.696564987874117
13,0.12,0.13,1,133,24,0.000256146060910133,8.05315212258556e-05,0.760805216923151
14,0.13,0.14,1,133,24,0.000164520277107083,0.000132484950487208,0.553930577046332
15,0.14,0.15,1,134,24,0.000241494559327445,0.000108945432417404,0.689118151513009
16,0.15,0.16,1,133,24,0.000136142115291177,8.91599765011359e-05,0.604264763847266
17,0.16,0.17,1,133,24,6.94345176822416e-05,8.43949149260599e-05,0.451373423830041
18,0.17,0.18,1,134,24,0.000169314785187582,8.80366959180113e-05,0.657912612199465
19,0.18,0.19,1,133,24,6.52867768667861e-05,7.2090447091462e-05,0.475237269946786
20,0.19,0.2,1,133,24,0.000109648464635864,7.59097068765502e-05,0.590911538641285
21,0.2,0.21,1,134,24,7.51800536349391e-05,5.6973982876423e-05,0.568882007841474
22,0.21,0.22,1,133,24,8.54425048530872e-05,5.66610690201164e-05,0.601269218811667
23,0.22,0.23,1,133,24,4.53755674478768e-05,5.28400710705624e-05,0.461999414068442
24,0.23,0.24,1,133,24,8.52057716421224e-05,5.85377402649967e-05,0.592762556804503
25,0.24,0.25,1,134,24,0.000174140225615105,5.63855338970834e-05,0.755404628027688
26,0.25,0.26,1,133,24,0.000121181496736828,6.9130637989481e-05,0.636751287095282
27,0.26,0.27,1,133,24,6.02514755973716e-05,6.31050021914837e-05,0.488433819426182
28,0.27,0.28,1,134,24,0.000146270469624591,7.50697252213135e-05,0.660840068955498
29,0.28,0.29,1,133,24,0.000148070913672482,6.81307834222135e-05,0.684873965663773
30,0.29,0.3,1,134,24,0.000168956276300969,4.78944326700599e-05,0.779136379598101
31,0.3,0.31,1,133,24,8.73699329420973e-05,0.000111002047721892,0.44043484694589
32,0.31,0.32,1,133,24,0.000140653896609254,7.65566947909329e-05,0.647546216335807
33,0.32,0.33,1,134,24,0.000307496051168685,7.21314085525913e-05,0.809994228010929
34,0.33,0.34,1,133,24,0.000287451735693487,7.79214540023824e-05,0.786734614909093
35,0.34,0.35,1,133,24,9.95975712920229e-05,9.67413061083031e-05,0.507273814594284
36,0.35,0.36,1,134,24,0.000293833100978125,8.76165264743082e-05,0.770306430604041
37,0.36,0.37,1,133,24,0.000360615919477533,9.54904428573317e-05,0.790639967466132
38,0.37,0.38,1,133,24,0.000148466912795174,8.69520666900545e-05,0.630649717027125
39,0.38,0.39,1,134,24,0.000239407244453608,5.47007006367121e-05,0.814011482689073
40,0.39,0.4,1,133,24,0.000102608656938718,5.98164027688483e-05,0.631729224070823
41,0.4,0.41,1,133,24,0.000157321292219824,6.76661947886124e-05,0.699244630497716
42,0.41,0.42,1,134,24,0.000101221957550324,9.95257828105481e-05,0.504224642172129
43,0.42,0.43,1,133,24,0.000103392051659324,5.72599347077712e-05,0.643577798179662
44,0.43,0.44,1,133,24,2.30943177128608e-05,6.06504405817898e-05,0.275770307099161
45,0.44,0.45,1,134,24,5.04147449311676e-05,6.44530930949456e-05,0.438893477908992
46,0.45,0.46,1,133,24,5.52190889474593e-06,7.20957906811909e-05,0.0711423930999604
47,0.46,0.47,1,133,24,0.000173230839348652,3.03083916409701e-05,0.851093120998794
48,0.47,0.48,1,134,24,0.000145449534252424,5.64311112893237e-05,0.720472900520549
49,0.48,0.49,1,133,24,8.46090090851647e-05,7.15327810527755e-05,0.541872928512083
50,0.49,0.5,1,133,24,7.52552107702782e-05,9.14146727041395e-05,0.45152254985424
51,0.5,0.51,1,134,24,0.000173398685287487,7.13584381820869e-05,0.708452047603192
52,0.51,0.52,1,133,24,0.000132091069920607,0.000140916690053132,0.483836320012709
53,0.52,0.53,1,133,24,7.20473779990726e-05,7.21488252541822e-05,0.499648231878438
54,0.53,0.54,1,134,24,0.000130884132192427,0.000109994167202892,0.543362073383065
55,0.54,0.55,1,133,24,5.97721483084736e-05,5.79498042787854e-05,0.507740034843278
56,0.55,0.56,1,133,24,0.000243094853634371,7.18069143362977e-05,0.771970431290224
57,0.56,0.57,1,134,24,0.000221398273044698,8.6278461514578e-05,0.719580807310096
58,0.57,0.58,1,133,24,0.00023681172089745,8.52431548447311e-05,0.735314813513422
59,0.58,0.59,1,133,24,0.000166909114478125,6.78598678803251e-05,0.710950453511294
60,0.59,0.6,1,134,24,0.000195153640994904,6.09999085028282e-05,0.761861943266306
61,0.6,0.61,1,133,24,0.000114518745648505,6.20010918459901e-05,0.648758503712515
62,0.61,0.62,1,133,24,0.000150686798319434,5.88872828612851e-05,0.719014476744834
63,0.62,0.63,1,134,24,2.20304475726195e-07,9.78968143451802e-05,0.00224532149306501
64,0.63,0.64,1,133,24,4.14050074662601e-05,8.60089389647317e-05,0.324964484862615
65,0.64,0.65,1,133,24,5.34870691537765e-05,7.08032143306205e-05,0.430339907950175
66,0.65,0.66,1,134,24,6.52792081347435e-05,6.44412931097341e-05,0.503229693907173
67,0.66,0.67,1,133,24,0.000149418388410752,7.63954554550986e-05,0.661688344048193
68,0.67,0.68,1,133,24,0.000163790378668116,6.15770720938939e-05,0.726770339347185
69,0.68,0.69,1,133,24,0.000193193129638639,4.19114132388285e-05,0.8217328651932
70,0.69,0.7,1,134,24,0.000203660815592912,6.42022905834427e-05,0.760316784569901
71,0.7,0.71,1,133,24,0.000104288596433951,6.91558539497415e-05,0.601279523232047
72,0.71,0.72,1,134,24,0.000180835586645596,6.82289820607545e-05,0.726059060045601
73,0.72,0.73,1,133,24,0.000135784725168605,0.000111862359773549,0.548299307461348
74,0.73,0.74,1,133,24,4.95270270474798e-05,9.3670801219996e-05,0.3458643727122
75,0.74,0.75,1,134,24,0.00020425336190458,7.94733846225222e-05,0.719894632440193
76,0.75,0.76,1,133,24,8.19064353828752e-05,9.34751452154698e-05,0.467018458286423
77,0.76,0.77,1,133,24,0.000181672771998471,9.22946412078725e-05,0.663118178444241
78,0.77,0.78,1,134,24,0.000163104865349404,0.000102225282337637,0.614724209710942
79,0.78,0.79,1,133,24,0.000375614897849589,8.44376055898735e-05,0.816460936613543
80,0.79,0.8,1,133,24,9.77641104661616e-05,7.90806656889888e-05,0.55282441806701
81,0.8,0.81,1,134,24,0.000215365798861188,8.02517846827204e-05,0.728528378722775
82,0.81,0.82,1,133,24,3.94162808287227e-05,8.06127682437434e-05,0.32838951181664
83,0.82,0.83,1,133,24,8.63861603652601e-05,5.72138126313182e-05,0.60157504602956
84,0.83,0.84,1,134,24,0.000118427695153502,7.00068368045042e-05,0.628481913176584
85,0.84,0.85,1,133,24,0.000160310476003825,4.47321459967413e-05,0.781839767945332
86,0.85,0.86,1,133,24,0.000103742122898767,6.19324985747576e-05,0.626179930130973
87,0.86,0.87,1,134,24,0.000153471648182365,3.38632147630867e-05,0.819236984346331
88,0.87,0.88,1,133,24,0.000109211343733728,7.81124933441236e-05,0.583008256916817
89,0.88,0.89,1,133,24,0.000123230581770011,6.2588087600027e-05,0.663176537577128
90,0.89,0.9,1,134,24,0.00012598926591863,5.09219324824772e-05,0.712161056266076
91,0.9,0.91,1,133,24,0.000130064499437205,8.10588238242607e-05,0.616059360131076
92,0.91,0.92,1,133,24,4.4547054027492e-05,9.53953870019042e-05,0.318324117400057
93,0.92,0.93,1,134,24,0.000114932124464259,6.53903358982027e-05,0.637369988371037
94,0.93,0.94,1,133,24,3.61642799389117e-05,7.48305467868006e-05,0.32581950894234
95,0.94,0.95,1,133,24,2.74338287013979e-05,7.55015720320714e-05,0.266515003642258
96,0.95,0.96,1,134,24,0.000113432483401268,7.01189267415541e-05,0.617987534462447
97,0.96,0.97,1,133,24,0.000104172514911807,5.41129701929029e-05,0.658130559747119
98,0.97,0.98,1,133,24,0.000153009446855917,6.2217545723565e-05,0.71092126978177
99,0.98,0.99,1,134,24,0.000155403297613238,0.000132210379136044,0.540319568143157
100,0.99,1,1,133,24,0.000207677135700878,8.15516922859196e-05,0.718037469316018
101,1,1.01,1,133,24,6.39557009091453e-05,0.00014574462502494,0.304986177891056
102,1.01,1.02,1,134,24,0.000111070573987723,8.50385502481796e-05,0.566371271201611
103,1.02,1.03,1,133,24,5.54243084205091e-05,6.87334929961604e-05,0.44640214137255
104,1.03,1.04,1,133,24,0.000173953339188804,5.98090878538097e-05,0.744145846659494
105,1.04,1.05,1,133,24,3.97830316543309e-05,8.09487176551149e-05,0.329515905152369
106,1.05,1.06,1,134,24,0.000113471724310198,5.82214771631169e-05,0.660898179639536
107,1.06,1.07,1,133,24,6.57866678838033e-05,7.07984103319451e-05,0.481653404187296
108,1.07,1.08,1,134,24,0.000200093408260904,4.88199280409714e-05,0.803867768733115
109,1.08,1.09,1,133,24,0.000131709403541404,0.000110536693287405,0.543700828478076
110,1.09,1.1,1,133,24,7.96516400703978e-05,9.49852397535472e-05,0.456098621039818
111,1.1,1.11,1,133,24,0.000138038374050288,6.85835121622003e-05,0.668072374038491
112,1.11,1.12,1,134,24,0.000127109811259309,7.88353537316567e-05,0.617202211398773
113,1.12,1.13,1,133,24,7.61082512241039e-05,6.68224607304369e-05,0.532483538235717
114,1.13,1.14,1,134,24,0.000103638712032444,6.42701070410235e-05,0.617232094206425
115,1.14,1.15,1,133,24,2.08104403583167e-05,5.57500021181908e-05,0.271817138004425
116,1.15,1.16,1,133,24,5.87542154308765e-05,8.19824473331897e-05,0.417476258687285
117,1.16,1.17,1,134,24,8.54861596373553e-05,5.33987732439856e-05,0.615517881341327
118,1.17,1.18,1,133,24,1.99852273791949e-05,7.54905500319965e-05,0.20932248912856
119,1.18,1.19,1,133,24,7.68422730460722e-05,5.93534967860248e-05,0.564204550117848
120,1.19,1.2,1,133,24,1.97416265428623e-05,9.741276779981e-05,0.168509484032829
121,1.2,1.21,1,134,24,0.000201468771670105,6.93279974817118e-05,0.743985138010105
122,1.21,1.22,1,133,24,0.000115100190432965,9.83478586997276e-05,0.53924217579244
123,1.22,1.23,1,133,24,0.000143036474676297,7.987912424255e-05,0.641662025313759
124,1.23,1.24,1,134,24,7.5687100740569e-05,0.000100299668307283,0.430072676202091
125,1.24,1.25,1,211,24,3.85521239896943e-05,0.000140044254930693,0.215861733719022
126,0,0.01,-1,212,24,0.000146883454399079,9.80985519831011e-05,0.599568337969834
127,0.01,0.02,-1,133,24,1.61453718459114e-05,9.70959873947988e-05,0.142574868000235
128,0.02,0.03,-1,133,24,2.22831627471703e-05,0.000159346036404658,0.122684914381764
129,0.03,0.04,-1,133,24,1.59986332845692e-05,9.51277620859777e-05,0.143967895577125
130,0.04,0.05,-1,134,24,3.50647554549762e-05,9.06354284707659e-05,0.278955482481162
131,0.05,0.06,-1,133,24,0.000160205642666439,9.91918288740242e-05,0.617606801311665
132,0.06,0.07,-1,133,24,4.79099639536996e-05,8.43795015182002e-05,0.362160084197153
133,0.07,0.08,-1,134,24,6.08262423317809e-05,6.47813316803821e-05,0.48425616695607
134,0.08,0.09,-1,133,24,5.90827890231516e-05,7.96986683158794e-05,0.425725382597889
135,0.09,0.1,-1,134,24,0.000115077386510383,8.51687829098779e-05,0.574679589844575
136,0.1,0.11,-1,133,24,0.000152591780891075,5.24754295326709e-05,0.744106191212934
137,0.11,0.12,-1,133,24,0.000119409750185079,5.33680197512943e-05,0.691117556552862
138,0.12,0.13,-1,134,24,7.24226129703559e-05,8.38095363232201e-05,0.463557681935659
139,0.13,0.14,-1,133,24,9.93626202688269e-05,7.25958590472633e-05,0.577829140290202
140,0.14,0.15,-1,133,24,0.0001248813656754,9.35468230086918e-05,0.571727332574339
141,0.15,0.16,-1,134,24,0.000130073198332387,6.22060446707646e-05,0.676480707437854
142,0.16,0.17,-1,133,24,0.000211271455431397,6.23876511905556e-05,0.772024209387114
143,0.17,0.18,-1,133,24,0,9.08855065944659e-05,0
144,0.18,0.19,-1,133,24,6.48871278797264e-05,9.57765898679057e-05,0.403869204506085
145,0.19,0.2,-1,134,24,0.000154193013592361,8.57749353980043e-05,0.642556700764033
146,0.2,0.21,-1,133,24,0.00010892857149691,8.86031594820287e-05,0.551448473402607
147,0.21,0.22,-1,134,24,2.69256130658164e-05,0.000102821431334018,0.207523903071281
148,0.22,0.23,-1,133,24,7.14718348918696e-05,6.00895560099595e-05,0.54325843168686
149,0.23,0.24,-1,133,24,3.53439244464103e-05,8.59200245726212e-05,0.291462753211702
150,0.24,0.25,-1,134,24,0.00020023776271925,8.20288464313837e-05,0.709392312898022
151,0.25,0.26,-1,133,24,0.000122772944162177,5.62238277344082e-05,0.685894739113556
152,0.26,0.27,-1,133,24,0.00015157887957726,5.35570204899281e-05,0.738919318986162
153,0.27,0.28,-1,134,24,1.93036408986134e-05,9.21721234379112e-05,0.173164463267005
154,0.28,0.29,-1,133,24,4.28697350020547e-05,7.55509382071638e-05,0.362012255464171
155,0.29,0.3,-1,133,24,0.000149182694641885,8.21580044144485e-05,0.644861432728523
156,0.3,0.31,-1,134,24,0.000102416627395524,4.99449231266353e-05,0.672194704271066
157,0.31,0.32,-1,133,24,0.000135507196585637,6.05815114469991e-05,0.691050483963022
158,0.32,0.33,-1,133,24,4.34125623862792e-05,8.00192689883884e-05,0.351712859663434
159,0.33,0.34,-1,133,24,1.87633766081298e-06,0.000140959813629057,0.0131362938854686
160,0.34,0.35,-1,134,24,8.90851321252844e-05,7.21661022923759e-05,0.552461706398744
161,0.35,0.36,-1,133,24,0.00011298335528108,6.14947525506631e-05,0.647550324135992
162,0.36,0.37,-1,134,24,0.000219003918595417,8.63012115130138e-05,0.717328000736956
163,0.37,0.38,-1,133,24,0.000295235086924011,8.37545917926896e-05,0.779005612827527
164,0.38,0.39,-1,133,24,0.000241605938665548,4.57235509809653e-05,0.840867183395562
165,0.39,0.4,-1,134,24,0.00014582692122799,6.86800860909509e-05,0.679823578029629
166,0.4,0.41,-1,133,24,0.00014225768647754,6.35115242824522e-05,0.691345833286344
167,0.41,0.42,-1,133,24,0.000111709308287122,7.49313409401898e-05,0.598526145025728
168,0.42,0.43,-1,134,24,5.23123072657521e-05,7.23454129859273e-05,0.419647552996601
169,0.43,0.44,-1,133,24,0.000128721002092288,8.28916045654193e-05,0.608286075793678
170,0.44,0.45,-1,133,24,0.000104820746252063,0.000104550568257524,0.500645212538242
171,0.45,0.46,-1,133,24,8.29819260825439e-05,5.65775691533078e-05,0.594598926732335
172,0.46,0.47,-1,134,24,0.000119090959939792,5.39255777674682e-05,0.688321252511081
173,0.47,0.48,-1,133,24,0.000153249730527088,6.41306463824288e-05,0.704984197312701
174,0.48,0.49,-1,133,24,0.000165641400060563,5.56776348025801e-05,0.748428169149529
175,0.49,0.5,-1,134,24,5.71692188016988e-05,7.90360900800378e-05,0.419728271027506
176,0.5,0.51,-1,133,24,9.98083042161141e-05,5.77031296343083e-05,0.633657517910065
177,0.51,0.52,-1,134,24,7.18902538345198e-05,7.1982178802481e-05,0.49968053307268
178,0.52,0.53,-1,133,24,1.58187911073749e-05,7.31470226751797e-05,0.177807524427735
179,0.53,0.54,-1,133,24,0.000101850274869753,5.9224729422983e-05,0.632315828995115
180,0.54,0.55,-1,134,24,8.70585102803076e-05,6.94881420220481e-05,0.556118633007635
181,0.55,0.56,-1,133,24,7.76088581601106e-05,0.00010920533152758,0.415433422321153
182,0.56,0.57,-1,133,24,0.000136608610966566,0.000100419685534064,0.576338829512716
183,0.57,0.58,-1,134,24,8.25904945921137e-05,9.85906681355684e-05,0.455844820447744
184,0.58,0.59,-1,133,24,0.000116135996772564,6.08816110949869e-05,0.656070309454526
185,0.59,0.6,-1,133,24,0.000127824318117637,0.000109819202148637,0.537882614995827
186,0.6,0.61,-1,133,24,7.30098470281953e-05,5.73483133210245e-05,0.560071167256483
187,0.61,0.62,-1,134,24,7.03786734765091e-05,7.81560631624926e-05,0.473819626768903
188,0.62,0.63,-1,133,24,8.86232820742279e-05,7.50296866162185e-05,0.541531771671439
189,0.63,0.64,-1,133,24,0,8.20990662096359e-05,0
190,0.64,0.65,-1,134,24,6.99589673786366e-05,5.1609335472625e-05,0.575470461771858
191,0.65,0.66,-1,133,24,0.000123993162658746,7.91091446455775e-05,0.61049608103643
192,0.66,0.67,-1,134,24,8.25426363414435e-05,7.47413845317347e-05,0.524799886747552
193,0.67,0.68,-1,133,24,0.000136248304540838,5.7293383994595e-05,0.703973937459443
194,0.68,0.69,-1,133,24,6.1713646391634e-05,7.26523142200406e-05,0.459295241969728
195,0.69,0.7,-1,134,24,4.86295812786552e-05,8.07770764349024e-05,0.375788866955339
196,0.7,0.71,-1,133,24,5.81788865654977e-05,5.79647905871772e-05,0.500921685896164
197,0.71,0.72,-1,133,24,6.86440419078984e-05,6.75318574858168e-05,0.504083631637585
198,0.72,0.73,-1,134,24,7.54096725673373e-05,5.80257758072399e-05,0.565139724757763
199,0.73,0.74,-1,133,24,0,9.4295401305389e-05,0
200,0.74,0.75,-1,133,24,4.69910176703894e-05,0.000101475790428043,0.316508573682238
201,0.75,0.76,-1,133,24,2.46494132745627e-05,0.000117416121326995,0.173507341831327
202,0.76,0.77,-1,134,24,0.000189872408647055,7.98885539097039e-05,0.703854282129887
203,0.77,0.78,-1,133,24,0.000149538299568242,9.98492495087634e-05,0.599622154841691
204,0.78,0.79,-1,134,24,5.04098931202393e-05,0.000119562830098969,0.296576369228534
205,0.79,0.8,-1,133,24,0.000104104032774662,5.63986846903517e-05,0.648612275348887
206,0.8,0.81,-1,133,24,0.000128846434711253,4.13213487851275e-05,0.757172903494941
207,0.81,0.82,-1,134,24,0.000125753930360414,3.96486966364295e-05,0.760289800976462
208,0.82,0.83,-1,133,24,7.59100769807063e-05,5.77068040764843e-05,0.568117414357362
209,0.83,0.84,-1,133,24,4.22944573257392e-05,5.46506074737954e-05,0.436272412764866
210,0.84,0.85,-1,134,24,9.04774878611404e-05,5.20947471396059e-05,0.634608048759752
211,0.85,0.86,-1,133,24,0.000138403126937167,5.04015291146165e-05,0.733049331681773
212,0.86,0.87,-1,133,24,0.000109403099244681,7.50546080706408e-05,0.593106684654069
213,0.87,0.88,-1,134,24,0.000211286822466034,4.06925959359341e-05,0.838508255182097
214,0.88,0.89,-1,133,24,9.00781835880018e-05,5.1195837093546e-05,0.637613222540407
215,0.89,0.9,-1,133,24,9.92529916075831e-05,4.87484484790646e-05,0.670621796311409
216,0.9,0.91,-1,134,24,0.000154933173237786,6.9962315719786e-05,0.688911876160464
217,0.91,0.92,-1,133,24,6.97138233776447e-05,6.18186866393969e-05,0.530012111595927
218,0.92,0.93,-1,133,24,0.000154590489844475,5.09941730236372e-05,0.75195536324443
219,0.93,0.94,-1,134,24,0.000151848770417961,7.35858044957178e-05,0.673582437281882
220,0.94,0.95,-1,133,24,9.01395446055402e-05,3.64458020117904e-05,0.712085142666895
221,0.95,0.96,-1,133,24,7.33649771985934e-05,6.18795363002687e-05,0.542461762777613
222,0.96,0.97,-1,134,24,4.45979849461108e-05,8.07637473397163e-05,0.355754376817533
223,0.97,0.98,-1,133,24,0.000112744474008396,9.7347281646184e-05,0.536643970902711
224,0.98,0.99,-1,133,24,0.000119758182889872,0.000102934529866412,0.53777324550775
225,0.99,1,-1,134,24,0.000343267802118267,9.8448353118005e-05,0.777123041684212
226,1,1.01,-1,133,24,0.000143700859323837,7.41570148693373e-05,0.659608287540791
227,1.01,1.02,-1,133,24,0.000186493124831031,8.5238308228746e-05,0.686314140145889
228,1.02,1.03,-1,134,24,2.33575781391267e-05,9.99855453638035e-05,0.189370736493241
229,1.03,1.04,-1,133,24,0.000131194541210304,9.06286510371998e-05,0.591437441148719
230,1.04,1.05,-1,133,24,3.57671856826241e-05,8.12417274694866e-05,0.305679154853161
231,1.05,1.06,-1,134,24,3.15942764641501e-05,7.52022128411599e-05,0.295836283286694
232,1.06,1.07,-1,133,24,0.000129306942766157,7.80258089733236e-05,0.623668675987258
233,1.07,1.08,-1,133,24,0.000101368915883531,7.82476762542657e-05,0.564362761129348
234,1.08,1.09,-1,134,24,0.000147529326447929,5.7454672940571e-05,0.719711425711434
235,1.09,1.1,-1,133,24,7.17558400958811e-05,6.82275130205311e-05,0.512602666662856
236,1.1,1.11,-1,133,24,0.000146657966695253,7.45602574237312e-05,0.662956080039643
237,1.11,1.12,-1,134,24,0.000139074722930549,7.20393122016347e-05,0.658765879035333
238,1.12,1.13,-1,133,24,0.000133034163123872,9.28285080702588e-05,0.589004647915139
239,1.13,1.14,-1,133,24,4.52299888601761e-05,0.000120580679146736,0.272780933843718
240,1.14,1.15,-1,134,24,8.70031793421769e-05,4.40063475405955e-05,0.664098111124601
241,1.15,1.16,-1,133,24,7.96578834587793e-05,5.45379192654318e-05,0.593594448125073
242,1.16,1.17,-1,133,24,6.54427115002713e-05,6.32187850612589e-05,0.508642548464174
243,1.17,1.18,-1,134,24,5.50955732075583e-05,7.66657860356485e-05,0.418146667004719
244,1.18,1.19,-1,133,24,5.45522840738054e-05,0.00010333280395176,0.345518913508616
245,1.19,1.2,-1,133,24,6.02906058029659e-05,5.06997771911917e-05,0.543205674009968
246,1.2,1.21,-1,134,24,9.55626834031063e-05,6.63975712948645e-05,0.590037868125825
247,1.21,1.22,-1,133,24,4.4080122758505e-05,8.54931754677814e-05,0.340194495022606
248,1.22,1.23,-1,133,24,0.000224944559923566,8.48640897864558e-05,0.726075789472347
249,1.23,1.24,-1,134,24,0.000129438924926484,6.57889977522696e-05,0.66301440465294
250,1.24,1.25,-1,211,24,0.000488771247811114,0.000184688416458026,0.725761725227514
1,0,0.01,1,212,26,0.000214349086186589,0.000118216003405409,0.644532733275039
2,0.01,0.02,1,133,26,5.5922716728527e-05,0.000144935793353653,0.278418458374736
3,0.02,0.03,1,134,26,0.000109513998590045,0.000134985378340922,0.447911156112949
4,0.03,0.04,1,133,26,0.000198598405570372,9.71986851080797e-05,0.671400807610579
5,0.04,0.05,1,133,26,0.000106852419483798,0.000105361457033109,0.503512876903153
6,0.05,0.06,1,133,26,0.000289974106185924,3.17634916703191e-05,0.901275163729819
7,0.06,0.07,1,134,26,0.000171256510800381,5.63322865521578e-05,0.752482164291689
8,0.07,0.08,1,133,26,0.000120099769837251,7.44320370127324e-05,0.617378575678722
9,0.08,0.09,1,134,26,0.000154014373762923,7.91445478171647e-05,0.660555353057853
10,0.09,0.1,1,133,26,0.000102380654098385,0.000121123945950616,0.458069561324191
11,0.1,0.11,1,133,26,0.000141387517956631,7.4580259607192e-05,0.654669504643341
12,0.11,0.12,1,134,26,5.96345684658543e-05,7.5669447430589e-05,0.440744999849054
13,0.12,0.13,1,133,26,0.000315337505321321,7.12403952371021e-05,0.815715292741273
14,0.13,0.14,1,133,26,0.00029500099344819,0.00010849612159025,0.731110539464664
15,0.14,0.15,1,134,26,0.000159493423598387,0.00010905494541464,0.59390948522443
16,0.15,0.16,1,133,26,0.000148144478961067,0.000100616870112263,0.595528523675102
17,0.16,0.17,1,133,26,6.96079190920186e-05,0.000100017557999013,0.410362407143961
18,0.17,0.18,1,134,26,3.01544593033458e-05,9.05117396755378e-05,0.249899802583678
19,0.18,0.19,1,133,26,3.74750074403882e-05,7.24357516286272e-05,0.340958499038814
20,0.19,0.2,1,133,26,0.000123182894444007,5.43578828510933e-05,0.693828743575106
21,0.2,0.21,1,134,26,2.13997312201877e-05,9.30789359125653e-05,0.186932043813647
22,0.21,0.22,1,133,26,0.000267195715453461,9.04999739573343e-05,0.746991712127121
23,0.22,0.23,1,133,26,0,0.000126043364560411,0
24,0.23,0.24,1,133,26,0.000256939436762517,9.79440953195788e-05,0.724010593715233
25,0.24,0.25,1,134,26,0.000150446229871553,7.59838710181335e-05,0.664426811101622
26,0.25,0.26,1,133,26,0.000280079170030396,8.77033795920067e-05,0.761534690316192
27,0.26,0.27,1,133,26,5.30177717469276e-05,9.51478738843306e-05,0.357827696974194
28,0.27,0.28,1,134,26,0.000177935208315795,9.03998527867743e-05,0.663108307891902
29,0.28,0.29,1,133,26,0.000101521039328321,7.745998345146e-05,0.567216779475178
30,0.29,0.3,1,134,26,0.000152392773623364,7.41727879972225e-05,0.672621083863423
31,0.3,0.31,1,133,26,6.77514047363914e-05,9.70145961342881e-05,0.411197725127575
32,0.31,0.32,1,133,26,8.01439598543162e-05,8.75810472508322e-05,0.477829521295373
33,0.32,0.33,1,134,26,8.4527086344907e-05,5.46893948663127e-05,0.607162927905513
34,0.33,0.34,1,133,26,0.000192964818329177,8.15150229140459e-05,0.703020001232755
35,0.34,0.35,1,133,26,9.94550207513457e-05,0.000100232707217103,0.49805274346684
36,0.35,0.36,1,134,26,0.000183596450405533,7.19473558760279e-05,0.718453924112113
37,0.36,0.37,1,133,26,0.000224266254271037,4.89479920885196e-05,0.82084392471942
38,0.37,0.38,1,133,26,0.000112040505798837,7.12266662653468e-05,0.611350655640599
39,0.38,0.39,1,134,26,0.000106875021727664,7.26875730444097e-05,0.595196465407091
40,0.39,0.4,1,133,26,0.00015580941812633,6.2286718233499e-05,0.714407053361393
41,0.4,0.41,1,133,26,0.000100755507159425,5.87369094837814e-05,0.631726004784421
42,0.41,0.42,1,134,26,6.56008186148769e-05,7.62948169200349e-05,0.462317381134225
43,0.42,0.43,1,133,26,2.13586171746962e-05,0.000103785955733833,0.170671541548252
44,0.43,0.44,1,133,26,8.46518607658596e-06,9.83473318002682e-05,0.0792527528126021
45,0.44,0.45,1,134,26,0.000153444903808368,3.85506723311266e-05,0.799210621899342
46,0.45,0.46,1,133,26,0.000138932036828612,7.34126302312654e-05,0.654276082146371
47,0.46,0.47,1,133,26,0.000100208545129085,0.000131301274590627,0.432847925199921
48,0.47,0.48,1,134,26,0.000207342215505504,9.00032260752412e-05,0.697310893361045
49,0.48,0.49,1,133,26,0.000108458549369099,6.5835353778814e-05,0.622273914406844
50,0.49,0.5,1,133,26,0.000140019886933832,4.57454258286936e-05,0.753746137271749
51,0.5,0.51,1,134,26,7.86481849022508e-05,9.0027498100712e-05,0.466268661267963
52,0.51,0.52,1,133,26,8.46972438257717e-05,8.24410856512087e-05,0.506749373951574
53,0.52,0.53,1,133,26,0.000202882022804279,8.97358437325417e-05,0.693334365414594
54,0.53,0.54,1,134,26,9.680391096884e-05,9.88466778492616e-05,0.494779553456083
55,0.54,0.55,1,133,26,0.000104591038433803,6.61453512944961e-05,0.612587853124009
56,0.55,0.56,1,133,26,7.44184623485086e-05,9.17130100835019e-05,0.447949213108699
57,0.56,0.57,1,134,26,0.000298320798025959,0.000109927775774927,0.73073322767187
58,0.57,0.58,1,133,26,2.37718614994943e-05,0.000122743761485609,0.162247963835988
59,0.58,0.59,1,133,26,0.000168750528616939,8.66720120052438e-05,0.660672030768625
60,0.59,0.6,1,134,26,0.000322797135659786,0.000125447112070146,0.720136705143558
61,0.6,0.61,1,133,26,0.000165874175869214,6.40309399746892e-05,0.721489712224744
62,0.61,0.62,1,133,26,0.000113264365168885,6.28250022177865e-05,0.64322092156859
63,0.62,0.63,1,134,26,0.000184849757593262,8.86552947149711e-05,0.67585500170191
64,0.63,0.64,1,133,26,0.000150271660019278,4.27048283577602e-05,0.778704500652311
65,0.64,0.65,1,133,26,0.000198208192038732,9.50513711018732e-05,0.675879722100315
66,0.65,0.66,1,134,26,0.000225873860481433,6.62408508399132e-05,0.773236854315619
67,0.66,0.67,1,133,26,7.27308742144272e-05,0.000102733095461035,0.414506034195797
68,0.67,0.68,1,133,26,0.000108078014436327,8.43875005962011e-05,0.561544827487983
69,0.68,0.69,1,133,26,0.000111132259289582,5.29262936477687e-05,0.677393877367796
70,0.69,0.7,1,134,26,6.07590941704787e-05,0.000107991654397752,0.360052294203082
71,0.7,0.71,1,133,26,4.94849572821679e-05,5.81270255313851e-05,0.459846162001353
72,0.71,0.72,1,134,26,0.000132290335769176,9.26960297912217e-05,0.58799267875485
73,0.72,0.73,1,133,26,6.4896203243875e-05,8.17611069656019e-05,0.442502342032463
74,0.73,0.74,1,133,26,0.000191567686909494,7.97969220756888e-05,0.705942044638378
75,0.74,0.75,1,134,26,3.24762217313586e-05,0.000100813899601692,0.243650627717643
76,0.75,0.76,1,133,26,7.18907742628043e-05,0.000100714772494999,0.416503267787102
77,0.76,0.77,1,133,26,4.28257768141396e-05,8.02947929152744e-05,0.3478360838344
78,0.77,0.78,1,134,26,0.000135157827736668,0.000109989290895977,0.551333535921356
79,0.78,0.79,1,133,26,0.000121145558530477,9.58063710080394e-05,0.558398161234006
80,0.79,0.8,1,133,26,9.76196539337422e-05,7.96784469571332e-05,0.550596162300835
81,0.8,0.81,1,134,26,0.000136529822637823,6.04528722143136e-05,0.693105669715341
82,0.81,0.82,1,133,26,0.000162498481562357,0.000102874452971974,0.612340070955255
83,0.82,0.83,1,133,26,4.90688606489422e-05,7.51776893478696e-05,0.394931373548814
84,0.83,0.84,1,134,26,2.55583612239567e-05,7.75042657610638e-05,0.247988645075692
85,0.84,0.85,1,133,26,5.74295660101372e-05,7.00200579437776e-05,0.450606005953407
86,0.85,0.86,1,133,26,6.32678333826199e-05,5.44065047593348e-05,0.537651916140779
87,0.86,0.87,1,134,26,6.13015244192444e-05,7.46854486838224e-05,0.450789682426293
88,0.87,0.88,1,133,26,3.93460318563368e-05,8.03139632259328e-05,0.328815255501935
89,0.88,0.89,1,133,26,0.000142398855493639,8.36949629306673e-05,0.629821976054212
90,0.89,0.9,1,134,26,3.00409898018664e-05,8.02959258604433e-05,0.272265992043932
91,0.9,0.91,1,133,26,4.35662845758029e-05,7.75832540633536e-05,0.35960751534981
92,0.91,0.92,1,133,26,4.17485047916464e-05,0.000116729735450539,0.263433672205386
93,0.92,0.93,1,134,26,0.00010682014735377,9.44065323535843e-05,0.530844853719793
94,0.93,0.94,1,133,26,3.25956594283142e-05,0.0001092739148222,0.229757928016028
95,0.94,0.95,1,133,26,0.000134637399588873,8.7053054948457e-05,0.60732159113419
96,0.95,0.96,1,134,26,0.000156013108151864,0.000115555490390969,0.574488762651463
97,0.96,0.97,1,133,26,0.000164094254995545,9.70583304729746e-05,0.628346277717881
98,0.97,0.98,1,133,26,0.000111832959746235,0.000114433460190154,0.494253454744521
99,0.98,0.99,1,134,26,0.000298286650557155,8.49695975048228e-05,0.778295597437769
100,0.99,1,1,133,26,0.000272467765039718,9.90856265301468e-05,0.733320624227123
101,1,1.01,1,133,26,0.000478000662581674,6.9498821468799e-05,0.87306139367541
102,1.01,1.02,1,134,26,7.6817157858446e-05,7.60499796439758e-05,0.502509297377463
103,1.02,1.03,1,133,26,0.000199689372863146,5.93785431213011e-05,0.770799317639681
104,1.03,1.04,1,133,26,0.000206656143247332,0.000107624667560975,0.657552533086024
105,1.04,1.05,1,133,26,0.000165276616448335,6.98314826423381e-05,0.70298138212837
106,1.05,1.06,1,134,26,0.000219468270565708,7.54162567923526e-05,0.7442515635933
107,1.06,1.07,1,133,26,0.000118700968660628,3.60499204052372e-05,0.767045471448674
108,1.07,1.08,1,134,26,0.000187383785884978,5.73332005245888e-05,0.765716302060725
109,1.08,1.09,1,133,26,8.85147286799318e-05,6.60822398898467e-05,0.572551515717335
110,1.09,1.1,1,133,26,0.000108851907869678,9.23691752168113e-05,0.540956773515084
111,1.1,1.11,1,133,26,2.15197392142584e-05,0.00011668601481282,0.155707983113655
112,1.11,1.12,1,134,26,9.98058043222356e-05,7.4342384348283e-05,0.573108483551696
113,1.12,1.13,1,133,26,8.33125162956256e-05,8.7073879208341e-05,0.488962255755249
114,1.13,1.14,1,134,26,2.35528519908208e-05,0.000115979613192051,0.168798365025318
115,1.14,1.15,1,133,26,0.000167893632858629,5.18933910462317e-05,0.763892380340457
116,1.15,1.16,1,133,26,0.00013027951820119,0.000104533736926366,0.554821822688072
117,1.16,1.17,1,134,26,0.000114753747836012,8.51804700440566e-05,0.573957519892105
118,1.17,1.18,1,133,26,8.30705510422001e-05,6.56770314350552e-05,0.558466562338264
119,1.18,1.19,1,133,26,2.43470587835693e-05,0.000122957371129329,0.165283955125897
120,1.19,1.2,1,133,26,9.54529565522052e-05,6.44830849908652e-05,0.596819551311078
121,1.2,1.21,1,134,26,0.000280558173517101,5.248022485889e-05,0.842419897781152
122,1.21,1.22,1,133,26,0.000163179817345738,5.39191359296695e-05,0.751637973761814
123,1.22,1.23,1,133,26,0.000135389635143717,5.48706357691757e-05,0.711602240941319
124,1.23,1.24,1,134,26,0.000213374136986642,8.48155179990634e-05,0.715565189533053
125,1.24,1.25,1,211,26,0.000219472888518205,0.000108938666973405,0.668286133201582
126,0,0.01,-1,212,26,0.000137480366368392,0.000143462757383684,0.489353021110831
127,0.01,0.02,-1,133,26,0.000168148246948019,9.42076299991536e-05,0.64091663927878
128,0.02,0.03,-1,133,26,0.000101480715990201,0.000111324349184877,0.476871713117878
129,0.03,0.04,-1,133,26,5.42629042157167e-05,0.000103618422708084,0.34369424980768
130,0.04,0.05,-1,134,26,0.000113377810189522,0.000141069679108775,0.445584314870586
131,0.05,0.06,-1,133,26,9.01003665946024e-05,0.000134039305753119,0.401983127979344
132,0.06,0.07,-1,133,26,6.90798839784806e-05,8.562766776492e-05,0.446519146609321
133,0.07,0.08,-1,134,26,7.7544135925075e-05,8.39576437492729e-05,0.480144157429317
134,0.08,0.09,-1,133,26,4.19722568203252e-05,0.000112746515675881,0.271280957980418
135,0.09,0.1,-1,134,26,0.000220253116292286,7.33900300897714e-05,0.750070686157667
136,0.1,0.11,-1,133,26,0.000199853697750635,9.20974115621331e-05,0.684545087775403
137,0.11,0.12,-1,133,26,9.90812049817909e-05,0.000144699976991374,0.406435001175347
138,0.12,0.13,-1,134,26,0.000135165015193157,7.49458643520619e-05,0.643303266759528
139,0.13,0.14,-1,133,26,0.0002167381588845,0.000131907314914234,0.621657744536269
140,0.14,0.15,-1,133,26,0.00013712453160564,0.000120006344607361,0.533286914528496
141,0.15,0.16,-1,134,26,0.000126556879769612,9.41053002048752e-05,0.573532264496998
142,0.16,0.17,-1,133,26,0.000143948886341608,0.000117634313543606,0.550298667516778
143,0.17,0.18,-1,133,26,6.22555800310164e-05,0.000123441458967218,0.335253487976233
144,0.18,0.19,-1,133,26,0.000198332791409137,8.90436051688509e-05,0.690149900168693
145,0.19,0.2,-1,134,26,0.000155733773002451,0.000107027855547774,0.592680802983695
146,0.2,0.21,-1,133,26,0.000113838671940622,0.000100883953555705,0.530166169855116
147,0.21,0.22,-1,134,26,9.77365632070287e-05,5.7908841371669e-05,0.627943776891986
148,0.22,0.23,-1,133,26,6.98623251710364e-05,0.000128596242422869,0.352024737546185
149,0.23,0.24,-1,133,26,9.16863100529151e-05,9.80729482009595e-05,0.483171735053106
150,0.24,0.25,-1,134,26,0.000108571952887841,9.24948409476664e-05,0.539979530268252
151,0.25,0.26,-1,133,26,0.000186282797397891,0.00012836196909079,0.592041620385866
152,0.26,0.27,-1,133,26,9.76294458569607e-05,8.54848891750653e-05,0.533161130393673
153,0.27,0.28,-1,134,26,9.31430920464244e-05,8.120695180545e-05,0.534230390705021
154,0.28,0.29,-1,133,26,5.00478154341641e-05,6.90132739813488e-05,0.420354086123818
155,0.29,0.3,-1,133,26,4.39602585370134e-05,8.92968771860507e-05,0.329890465516022
156,0.3,0.31,-1,134,26,6.31792833675289e-05,0.000108564924202642,0.367868496186198
157,0.31,0.32,-1,133,26,0.000270293789860062,6.51315107212392e-05,0.805824096726262
158,0.32,0.33,-1,133,26,7.38724346544156e-05,8.95482664296932e-05,0.452038414744012
159,0.33,0.34,-1,133,26,0.000145932079175615,8.21618816083308e-05,0.639789316096117
160,0.34,0.35,-1,134,26,0.00013127491846886,7.25612973808943e-05,0.644021563693184
161,0.35,0.36,-1,133,26,0.000140631100147945,8.8824669117573e-05,0.612889798317565
162,0.36,0.37,-1,134,26,0.000106065819722137,0.000117116636642926,0.475242639809661
163,0.37,0.38,-1,133,26,8.05204444243414e-05,9.39544411940271e-05,0.461501631819177
164,0.38,0.39,-1,133,26,9.01709180332996e-05,9.80212062341e-05,0.479142888600253
165,0.39,0.4,-1,134,26,0.000176534283858225,9.75555586513452e-05,0.644074520390376
166,0.4,0.41,-1,133,26,4.45363787372072e-05,8.31179388964046e-05,0.348882666585816
167,0.41,0.42,-1,133,26,0.000173477979734524,7.69444851844988e-05,0.692741283377353
168,0.42,0.43,-1,134,26,6.42624839368798e-05,6.46082351862159e-05,0.498658534492208
169,0.43,0.44,-1,133,26,9.96074298509257e-05,7.93186001456752e-05,0.556696137799614
170,0.44,0.45,-1,133,26,2.4437658004622e-05,7.16976574525151e-05,0.254200632602259
171,0.45,0.46,-1,133,26,0.000190910307772338,8.26655774467376e-05,0.697833098920469
172,0.46,0.47,-1,134,26,8.74186887298137e-05,7.44683926478092e-05,0.539997929333831
173,0.47,0.48,-1,133,26,9.86397045805039e-05,7.79682462000447e-05,0.558523578041357
174,0.48,0.49,-1,133,26,0,9.637865158841e-05,0
175,0.49,0.5,-1,134,26,5.33804749803614e-05,7.63083701611674e-05,0.411604212545092
176,0.5,0.51,-1,133,26,3.22677405332683e-05,5.93234047976011e-05,0.352301965617991
177,0.51,0.52,-1,134,26,6.81726690023992e-05,7.98648217255781e-05,0.460509487611272
178,0.52,0.53,-1,133,26,3.37255347517841e-05,0.000100671341465892,0.250939870783607
179,0.53,0.54,-1,133,26,0.000103643147150745,7.3088121439409e-05,0.586444877454578
180,0.54,0.55,-1,134,26,0.000145490631068825,8.04962148681822e-05,0.643801325982398
181,0.55,0.56,-1,133,26,0.000184872916135071,7.52663409508234e-05,0.710669040136562
182,0.56,0.57,-1,133,26,0.000113250714730985,9.4896859034785e-05,0.544088565060224
183,0.57,0.58,-1,134,26,0.000202347711305482,8.45937795753332e-05,0.705188053091736
184,0.58,0.59,-1,133,26,0.000122892114597995,7.15631281698267e-05,0.631981492752692
185,0.59,0.6,-1,133,26,5.94475553601104e-05,8.42658252711999e-05,0.41365358673609
186,0.6,0.61,-1,133,26,0.000241996720531005,7.17833911594757e-05,0.771230270864699
187,0.61,0.62,-1,134,26,0.000210803578610689,7.48528846739198e-05,0.737961872757132
188,0.62,0.63,-1,133,26,0.00024341726212947,6.4791567006053e-05,0.789780301921321
189,0.63,0.64,-1,133,26,0.000193413754286172,9.4985467191547e-05,0.670645895974149
190,0.64,0.65,-1,134,26,0.000310907926288189,9.51455873962935e-05,0.765682147328431
191,0.65,0.66,-1,133,26,0.000278345125510621,8.45212570369733e-05,0.767073333044603
192,0.66,0.67,-1,134,26,0.00017607142011556,7.39189017990992e-05,0.704312946065435
193,0.67,0.68,-1,133,26,0.00017751876955819,6.2787159887114e-05,0.738719889134467
194,0.68,0.69,-1,133,26,7.03277122235353e-05,8.04173828701115e-05,0.466534000193147
195,0.69,0.7,-1,134,26,0.000134347622447715,6.99970950135563e-05,0.657455813474491
196,0.7,0.71,-1,133,26,4.58243519524771e-05,5.95413702441373e-05,0.434907586615009
197,0.71,0.72,-1,133,26,7.23551196991742e-05,7.76725701065199e-05,0.482278436686479
198,0.72,0.73,-1,134,26,0.000153815285014197,6.18633338654093e-05,0.713168907577519
199,0.73,0.74,-1,133,26,0.000393600040422753,8.14665780032755e-05,0.828515465318975
200,0.74,0.75,-1,133,26,0.000227377827241573,7.62216942179917e-05,0.748940005400689
201,0.75,0.76,-1,133,26,0.000395355542411427,7.53222135664083e-05,0.839970738770253
202,0.76,0.77,-1,134,26,0.00019380386272755,9.0081573502963e-05,0.682683357416696
203,0.77,0.78,-1,133,26,7.88133923148794e-05,9.86735602371516e-05,0.444051752433886
204,0.78,0.79,-1,134,26,0.000232710626587465,8.2457650814447e-05,0.738369446651845
205,0.79,0.8,-1,133,26,6.21698341562445e-05,5.28598042804671e-05,0.54046796113725
206,0.8,0.81,-1,133,26,0.000138478244525117,8.95785147178745e-05,0.607209560395315
207,0.81,0.82,-1,134,26,6.41482637999549e-05,8.95844420436613e-05,0.417271415655751
208,0.82,0.83,-1,133,26,0.00010143031805895,4.91683379154524e-05,0.673514098799065
209,0.83,0.84,-1,133,26,8.44345607004915e-05,7.02381647938455e-05,0.545891723512578
210,0.84,0.85,-1,134,26,0,0.000148758389642663,0
211,0.85,0.86,-1,133,26,0.000158383023169427,4.61486118545975e-05,0.774369320182783
212,0.86,0.87,-1,133,26,9.6916079641319e-05,7.65871214406815e-05,0.558583813076249
213,0.87,0.88,-1,134,26,7.10988859639649e-05,6.97958305308103e-05,0.504624216810866
214,0.88,0.89,-1,133,26,6.85470016381566e-05,4.78417232511011e-05,0.588948815303013
215,0.89,0.9,-1,133,26,3.8603903143492e-05,7.22620997510619e-05,0.348203255602249
216,0.9,0.91,-1,134,26,4.46195381612248e-05,7.72120930506109e-05,0.366239356047382
217,0.91,0.92,-1,133,26,0.000131413899463816,0.000139184244958756,0.485642278679476
218,0.92,0.93,-1,133,26,0.000129001514468837,6.80071306305483e-05,0.654801287546338
219,0.93,0.94,-1,134,26,0.00016199668976658,6.13869387049031e-05,0.725194996943387
220,0.94,0.95,-1,133,26,0.000147488114160789,5.65929648158901e-05,0.722693720066243
221,0.95,0.96,-1,133,26,0.000119241121640799,9.01852573154612e-05,0.56937011581384
222,0.96,0.97,-1,134,26,0.000293474114379712,6.15523283182532e-05,0.826626073679199
223,0.97,0.98,-1,133,26,0.000226063587588618,8.15934180670568e-05,0.73479096341991
224,0.98,0.99,-1,133,26,0.000315046054646764,0.000153991690842297,0.671685930773585
225,0.99,1,-1,134,26,0.000292071048373974,9.43769083006679e-05,0.755783652958668
226,1,1.01,-1,133,26,0.000424631147086268,7.37971934877849e-05,0.851940213907599
227,1.01,1.02,-1,133,26,0.000271629343839603,9.52162909494114e-05,0.740445893531829
228,1.02,1.03,-1,134,26,0.000158049010350543,7.62726399479081e-05,0.674495976574246
229,1.03,1.04,-1,133,26,0.000100524004882495,8.6521703859842e-05,0.537430158427055
230,1.04,1.05,-1,133,26,0.000155885508035849,6.57202314480885e-05,0.703436239507451
231,1.05,1.06,-1,134,26,0.000121522141689129,8.20605896287615e-05,0.596917729232026
232,1.06,1.07,-1,133,26,0.000173407233062835,5.24042902783831e-05,0.767929069770296
233,1.07,1.08,-1,133,26,0.000194045136160157,7.78096853210935e-05,0.713782213252157
234,1.08,1.09,-1,134,26,0.000117332638164194,6.06307632986931e-05,0.659307684612124
235,1.09,1.1,-1,133,26,9.05623453632713e-05,7.23610016529561e-05,0.55585861094697
236,1.1,1.11,-1,133,26,6.46703756756395e-05,7.4623797269319e-05,0.464271938361655
237,1.11,1.12,-1,134,26,6.68276246581535e-05,9.01934024787678e-05,0.425596659738318
238,1.12,1.13,-1,133,26,2.34123815928284e-05,0.000115251441219755,0.168842753055153
239,1.13,1.14,-1,133,26,6.59480535994167e-05,0.00012556935012142,0.344344964573272
240,1.14,1.15,-1,134,26,3.12804154500954e-05,9.1451621088133e-05,0.25486756622304
241,1.15,1.16,-1,133,26,0.000142891601181891,9.0286011590997e-05,0.6128015442077
242,1.16,1.17,-1,133,26,6.10259891879701e-05,8.10449447913559e-05,0.429545913992869
243,1.17,1.18,-1,134,26,0.000104959727901361,6.23719221025108e-05,0.627255679956136
244,1.18,1.19,-1,133,26,6.94915705115329e-05,7.27748978295444e-05,0.488460642355513
245,1.19,1.2,-1,133,26,5.72791264075684e-05,0.000103978564654911,0.355202446656486
246,1.2,1.21,-1,134,26,0.000116390220164509,5.57298951605668e-05,0.676215095165885
247,1.21,1.22,-1,133,26,5.1339169582227e-05,7.87526444740206e-05,0.394637971302557
248,1.22,1.23,-1,133,26,0.000170113585959016,9.14115285828908e-05,0.650467494324554
249,1.23,1.24,-1,134,26,9.23076941302027e-05,7.43110244227141e-05,0.554005545906815
250,1.24,1.25,-1,211,26,0.000234003178466049,0.000170464028344591,0.578546726473186
1,0,0.01,1,212,28,0.000554961372330698,0.000145354956581744,0.792443856324936
2,0.01,0.02,1,133,28,0.000272283242075654,0.000122904525609699,0.688997140955145
3,0.02,0.03,1,134,28,0.000336919141954313,0.000110872734093292,0.7524011934475
4,0.03,0.04,1,133,28,0.00043542167873233,0.000123513272072338,0.779020310155014
5,0.04,0.05,1,133,28,0.000525464398492717,0.000141162801274841,0.788243262015018
6,0.05,0.06,1,133,28,0.000241155430939561,7.32778870733157e-05,0.76695253691177
7,0.06,0.07,1,134,28,0.000373153542310263,6.5295517452132e-05,0.851076160392459
8,0.07,0.08,1,133,28,0.000384085740797557,9.84336066780762e-05,0.796000705063859
9,0.08,0.09,1,134,28,0.000309965143415497,6.32773467282104e-05,0.830465854239031
10,0.09,0.1,1,133,28,0.0002605244913612,6.53099755045827e-05,0.799560874781595
11,0.1,0.11,1,133,28,0.000158595279202127,0.000112382758140516,0.585269864515214
12,0.11,0.12,1,134,28,0.000214069247466504,0.000118315469153003,0.644040585390564
13,0.12,0.13,1,133,28,0.000519200314695963,8.71271779599228e-05,0.856303434999655
14,0.13,0.14,1,133,28,0.000280461293005376,0.000104552142196018,0.728445470633178
15,0.14,0.15,1,134,28,0.000493940746448163,9.36113634401385e-05,0.840675640739449
16,0.15,0.16,1,133,28,0.000404933677885957,7.03124140859012e-05,0.852050515988115
17,0.16,0.17,1,133,28,0.000232896997739499,9.34526740780649e-05,0.713642506341153
18,0.17,0.18,1,134,28,7.09776723432268e-05,8.98600541042982e-05,0.441299898418945
19,0.18,0.19,1,133,28,0.000271810096154416,8.98345050056993e-05,0.751594508206343
20,0.19,0.2,1,133,28,0.000243114044507781,8.89525954561103e-05,0.732124264377226
21,0.2,0.21,1,134,28,0.000168356384649575,7.69215640633326e-05,0.686390217844786
22,0.21,0.22,1,133,28,0.000286817690063503,0.000101190147801277,0.739205918215133
23,0.22,0.23,1,133,28,0.000220542704672139,8.22346246124975e-05,0.728399002637381
24,0.23,0.24,1,133,28,0.000181647615446278,7.23019571289869e-05,0.715290101118173
25,0.24,0.25,1,134,28,0.000304626953159934,7.04460853087331e-05,0.81218035400159
26,0.25,0.26,1,133,28,0.0004142907657485,7.00967192742579e-05,0.855287922496667
27,0.26,0.27,1,133,28,0.000331843298760729,7.47710174720816e-05,0.81611317042445
28,0.27,0.28,1,134,28,0.000325369747326716,8.40003125385292e-05,0.794805920671922
29,0.28,0.29,1,133,28,0.00027909859477716,7.13870001666699e-05,0.79631973126282
30,0.29,0.3,1,134,28,0.000224047525884203,7.13854391682408e-05,0.758370095376564
31,0.3,0.31,1,133,28,0.000105562126929434,9.29153168390568e-05,0.531859565122999
32,0.31,0.32,1,133,28,0.00017358621416364,7.69893107201937e-05,0.692750077024139
33,0.32,0.33,1,134,28,0.000112396212144482,5.87550940043921e-05,0.656706715674817
34,0.33,0.34,1,133,28,0.000278846875375061,6.92073146574943e-05,0.801159369318264
35,0.34,0.35,1,133,28,0.000244525394604046,5.497955700162e-05,0.816431893005872
36,0.35,0.36,1,134,28,0.000306785155469853,8.59049070422592e-05,0.781239926234167
37,0.36,0.37,1,133,28,0.000188698908635699,9.34315961918134e-05,0.668835540315163
38,0.37,0.38,1,133,28,0.000128915387937512,8.48433638635133e-05,0.60308823311951
39,0.38,0.39,1,134,28,7.7724595694756e-05,9.94466597580365e-05,0.43869754998415
40,0.39,0.4,1,133,28,0.000232852838964611,5.83034931925711e-05,0.799751931340117
41,0.4,0.41,1,133,28,8.39398529593072e-05,5.39626887038191e-05,0.60868967277165
42,0.41,0.42,1,134,28,0.000157374297342553,6.1327440608774e-05,0.719584118611701
43,0.42,0.43,1,133,28,0.000118717233139127,5.49602599864599e-05,0.683549900465698
44,0.43,0.44,1,133,28,9.33016393607628e-05,5.70796510186452e-05,0.620433826078798
45,0.44,0.45,1,134,28,0.000140846716433238,6.68725258725247e-05,0.678062922191443
46,0.45,0.46,1,133,28,0.000161846396634673,6.41556328594443e-05,0.716128067508729
47,0.46,0.47,1,133,28,0.000288359488729104,5.75326247523997e-05,0.833668873877125
48,0.47,0.48,1,134,28,0.000199243884713444,5.04368631754853e-05,0.797994584676901
49,0.48,0.49,1,133,28,9.88790895309745e-05,5.9912390494886e-05,0.622697700877095
50,0.49,0.5,1,133,28,0.000128171416010995,7.66141987679814e-05,0.625880954330359
51,0.5,0.51,1,134,28,8.90412671872566e-05,6.2716381280789e-05,0.586733308575253
52,0.51,0.52,1,133,28,7.29150962627893e-05,4.048422664865e-05,0.642994106055936
53,0.52,0.53,1,133,28,0.000114021293958463,8.60831608822885e-05,0.569808873316709
54,0.53,0.54,1,134,28,0.000199264044390022,5.09863184051787e-05,0.796258763281376
55,0.54,0.55,1,133,28,0.000102784558307492,5.28063542350773e-05,0.660607722056842
56,0.55,0.56,1,133,28,0.000278735435834703,3.89536267879272e-05,0.877384425934113
57,0.56,0.57,1,134,28,0.000434074721623498,6.36976670963737e-05,0.872034551253062
58,0.57,0.58,1,133,28,0.000336267190755928,6.70712863851882e-05,0.833709675157716
59,0.58,0.59,1,133,28,0.000579151228358154,0.000110148685616139,0.840202090000193
60,0.59,0.6,1,134,28,0.000400299721201385,8.61310755110895e-05,0.822932519706393
61,0.6,0.61,1,133,28,0.000185155978877587,0.000101017723049293,0.647005569103258
62,0.61,0.62,1,133,28,0.000271472578487583,0.000112395840192549,0.707202169485566
63,0.62,0.63,1,134,28,0.000287236764218747,5.22837260155518e-05,0.846007155622709
64,0.63,0.64,1,133,28,0.000226369863255639,5.79744774205584e-05,0.796111723965774
65,0.64,0.65,1,133,28,0.000418679535656653,4.40968240177458e-05,0.904712453227361
66,0.65,0.66,1,134,28,0.000402895242731208,6.31899115450118e-05,0.864424105841476
67,0.66,0.67,1,133,28,9.76957575713543e-05,6.91763635592448e-05,0.585452842029225
68,0.67,0.68,1,133,28,0.000184323346998276,4.48611740579283e-05,0.804257399883796
69,0.68,0.69,1,133,28,0.000252409639986073,5.73758054272291e-05,0.814788569712561
70,0.69,0.7,1,134,28,0.000177891272492351,7.30441351791179e-05,0.70891260082854
71,0.7,0.71,1,133,28,9.05632460144107e-05,6.75132926905405e-05,0.572907572220103
72,0.71,0.72,1,134,28,0.000258000889280892,9.67117868815178e-05,0.727351759943202
73,0.72,0.73,1,133,28,0.000147538981314793,7.90726538516247e-05,0.65106534007596
74,0.73,0.74,1,133,28,0.000303437289322241,5.82496158726152e-05,0.838950166467228
75,0.74,0.75,1,134,28,0.000230063972460563,6.05075461710574e-05,0.791763671622037
76,0.75,0.76,1,133,28,0.000289863524620424,7.99321932476881e-05,0.783847704596201
77,0.76,0.77,1,133,28,6.0691234081246e-05,0.000133863695087853,0.311949094995665
78,0.77,0.78,1,134,28,0.000117155344002335,8.56387701830671e-05,0.577705839604531
79,0.78,0.79,1,133,28,0.000177646393314584,7.35911335796132e-05,0.707085424341864
80,0.79,0.8,1,133,28,1.70467570532711e-05,0.000105418017157593,0.139197227636409
81,0.8,0.81,1,134,28,0.000150887542470676,6.77348962885666e-05,0.69017408884017
82,0.81,0.82,1,133,28,0.000144961792577561,6.43364488040128e-05,0.692608746354822
83,0.82,0.83,1,133,28,9.97840105095928e-05,7.80166532568021e-05,0.561212812122541
84,0.83,0.84,1,134,28,7.11584137520939e-05,7.00641304158947e-05,0.503874322413062
85,0.84,0.85,1,133,28,8.14299706970367e-05,5.66517419790177e-05,0.589723064111139
86,0.85,0.86,1,133,28,1.55392060883304e-05,7.88175901632642e-05,0.16468560512479
87,0.86,0.87,1,134,28,0.000136289881960079,7.0472537808817e-05,0.659161766980739
88,0.87,0.88,1,133,28,8.55750124997581e-05,6.09227394186983e-05,0.584138741920019
89,0.88,0.89,1,133,28,0.000181178518297264,4.93507689107234e-05,0.785924081454351
90,0.89,0.9,1,134,28,0.000216676262782804,5.65457826771374e-05,0.793040921782324
91,0.9,0.91,1,133,28,9.92141979234323e-05,7.45915370049285e-05,0.570833856341543
92,0.91,0.92,1,133,28,9.17001970035138e-05,9.30311314526775e-05,0.496397648248713
93,0.92,0.93,1,134,28,0.000225184460986441,6.23918465604413e-05,0.783042465867012
94,0.93,0.94,1,133,28,0.000227599661495468,5.80885591229384e-05,0.796671493850189
95,0.94,0.95,1,133,28,0.000151445025801531,5.69815240434944e-05,0.726611009557742
96,0.95,0.96,1,134,28,0.000300638073979009,7.64998741108816e-05,0.79715678441182
97,0.96,0.97,1,133,28,0.000209458310863669,7.70956539878143e-05,0.730955898559031
98,0.97,0.98,1,133,28,0.000441066820897495,5.2788436882692e-05,0.893109497062016
99,0.98,0.99,1,134,28,0.000328719756845432,6.27113814812423e-05,0.839789492094761
100,0.99,1,1,133,28,0.000558751894703011,9.15924100115438e-05,0.859163201172731
101,1,1.01,1,133,28,0.000471889676893221,5.07038267070621e-05,0.902976546096057
102,1.01,1.02,1,134,28,6.99248143032429e-05,7.35073474120068e-05,0.487511402373353
103,1.02,1.03,1,133,28,0.000181372388020567,5.77145378950313e-05,0.758604375065638
104,1.03,1.04,1,133,28,0.000191820120905122,6.90905973061063e-05,0.735194484229
105,1.04,1.05,1,133,28,9.98030705087601e-05,0.000113421039890563,0.468066534885995
106,1.05,1.06,1,134,28,0.000236627827006856,5.94394927754402e-05,0.799236562754893
107,1.06,1.07,1,133,28,0.000127087139159798,4.27961283302209e-05,0.748085088293141
108,1.07,1.08,1,134,28,0.000110962423736804,7.92561876054214e-05,0.583341571856865
109,1.08,1.09,1,133,28,6.13050627846058e-05,8.74837196712841e-05,0.41202745108006
110,1.09,1.1,1,133,28,0.000141576431394777,5.33513401634988e-05,0.726302005419741
111,1.1,1.11,1,133,28,0.00024027756192434,7.75191277065515e-05,0.756073205807817
112,1.11,1.12,1,134,28,3.10672992998263e-05,0.000103152910508429,0.231465137360524
113,1.12,1.13,1,133,28,5.74691080542528e-05,9.49347055119122e-05,0.377084448935413
114,1.13,1.14,1,134,28,0.000124144139850708,0.00011173477914786,0.52630451410311
115,1.14,1.15,1,133,28,8.62649647415596e-05,5.3669490855851e-05,0.616466933560257
116,1.15,1.16,1,133,28,7.88898433091512e-05,7.89684780260836e-05,0.499750932620253
117,1.16,1.17,1,134,28,6.32287371936316e-05,7.49040794983226e-05,0.457738709076179
118,1.17,1.18,1,133,28,4.71024550777006e-05,7.93295887321003e-05,0.372551559386002
119,1.18,1.19,1,133,28,0.000125181186013539,8.35444037893967e-05,0.599740482859463
120,1.19,1.2,1,133,28,0.000107477630425541,7.81565757508518e-05,0.578975355023815
121,1.2,1.21,1,134,28,0.000226014952874821,0.000128694739477053,0.637182906889989
122,1.21,1.22,1,133,28,0.000150973413368835,7.97861297443912e-05,0.654245589725219
123,1.22,1.23,1,133,28,0.000185216823518292,6.03723532466515e-05,0.754173396230589
124,1.23,1.24,1,134,28,9.46991898796713e-05,4.47953884918964e-05,0.678873623514054
125,1.24,1.25,1,211,28,0.000106476081583453,8.16537740389446e-05,0.565971207659698
126,0,0.01,-1,212,28,0.000124957377348134,0.000120592207849503,0.508888570296541
127,0.01,0.02,-1,133,28,0.000193155699091523,6.0907146582662e-05,0.760267399898487
128,0.02,0.03,-1,133,28,0.000264510120663675,0.000103477602153224,0.718801482394259
129,0.03,0.04,-1,133,28,0.000242497873670332,6.64780406673544e-05,0.784843939017528
130,0.04,0.05,-1,134,28,0.000156903059660918,6.61886191817429e-05,0.703312021653558
131,0.05,0.06,-1,133,28,0.000282995367144713,5.08831190998278e-05,0.84759988679666
132,0.06,0.07,-1,133,28,0.000211013997790762,5.92614979232568e-05,0.780736696951758
133,0.07,0.08,-1,134,28,0.000127728062849898,5.17470531259772e-05,0.711675611158636
134,0.08,0.09,-1,133,28,0.000221712036143396,5.34590093289661e-05,0.805724438640709
135,0.09,0.1,-1,134,28,0.000509982725185164,8.38072895400778e-05,0.858860392627422
136,0.1,0.11,-1,133,28,0.000431796256104972,5.31695831242931e-05,0.89036427141179
137,0.11,0.12,-1,133,28,0.000199257561692755,7.74865960944578e-05,0.720006388882699
138,0.12,0.13,-1,134,28,0.00037108708184027,5.5653256121442e-05,0.869585199310511
139,0.13,0.14,-1,133,28,0.000299127266366438,8.8650251382845e-05,0.771388883250932
140,0.14,0.15,-1,133,28,0.000252171410615974,0.000100575080685615,0.714879996922135
141,0.15,0.16,-1,134,28,0.000399797026879372,7.26656488511374e-05,0.846198117684569
142,0.16,0.17,-1,133,28,0.00021456353707663,5.58780117767119e-05,0.793382296419941
143,0.17,0.18,-1,133,28,0.000310500264878412,6.06025829983603e-05,0.836695990491337
144,0.18,0.19,-1,133,28,0.000122595583108234,9.43170493282233e-05,0.565184156087117
145,0.19,0.2,-1,134,28,0.000148727851000783,6.55480983266761e-05,0.694094934441267
146,0.2,0.21,-1,133,28,0.000166177304352883,5.58294031488871e-05,0.748523800126886
147,0.21,0.22,-1,134,28,0.000164348915119599,6.77057187480607e-05,0.708233713675061
148,0.22,0.23,-1,133,28,0.000154937833786274,5.44659279172665e-05,0.73989995464181
149,0.23,0.24,-1,133,28,0.000139160517583967,7.98560397679531e-05,0.635388115248113
150,0.24,0.25,-1,134,28,0.000160745053413608,6.82514218130609e-05,0.701954269184697
151,0.25,0.26,-1,133,28,0.000246703855403319,5.53275160097249e-05,0.81681533361625
152,0.26,0.27,-1,133,28,0.000118073998512595,5.40261147480599e-05,0.686077401551536
153,0.27,0.28,-1,134,28,0.000154091976161134,4.43847977937389e-05,0.776372837439254
154,0.28,0.29,-1,133,28,0.000147041045139678,7.56427687080915e-05,0.660313125588004
155,0.29,0.3,-1,133,28,0.000173452231917179,5.87054160554679e-05,0.747131242204932
156,0.3,0.31,-1,134,28,0.000264944931841735,6.07887932976559e-05,0.813378877880568
157,0.31,0.32,-1,133,28,0.00042901770770175,4.49270084256152e-05,0.905206225754099
158,0.32,0.33,-1,133,28,0.000179162783371507,5.4604005235779e-05,0.766416754231456
159,0.33,0.34,-1,133,28,0.000163808377055283,4.92352669987909e-05,0.768895865364122
160,0.34,0.35,-1,134,28,0.000149700169722736,4.9353557067776e-05,0.752059115578797
161,0.35,0.36,-1,133,28,0.00013775228035174,8.99461019665087e-05,0.604976982924748
162,0.36,0.37,-1,134,28,0.000373767874190435,5.16727261283536e-05,0.878543030238218
163,0.37,0.38,-1,133,28,0.000112032086697527,4.90910908921856e-05,0.695319496384361
164,0.38,0.39,-1,133,28,0.000129077830140163,5.93764986007282e-05,0.684928974582664
165,0.39,0.4,-1,134,28,9.95960440257227e-05,5.15413273683058e-05,0.658976949956785
166,0.4,0.41,-1,133,28,0.000129958871410714,5.40477134682752e-05,0.706272938526524
167,0.41,0.42,-1,133,28,2.56202232833627e-05,8.17839295724267e-05,0.238540341338223
168,0.42,0.43,-1,134,28,6.42387132028969e-05,6.61913797050592e-05,0.492514509272257
169,0.43,0.44,-1,133,28,0.000155176761015703,6.49879978665684e-05,0.704821070381571
170,0.44,0.45,-1,133,28,6.47457641412696e-05,4.70644503230518e-05,0.579068419208962
171,0.45,0.46,-1,133,28,0.000211561561175754,4.33767178087305e-05,0.829854041607575
172,0.46,0.47,-1,134,28,0.000173361476319816,5.58416630888913e-05,0.756366063602138
173,0.47,0.48,-1,133,28,0.000124940109133685,6.58879580797654e-05,0.654726062880118
174,0.48,0.49,-1,133,28,0.000103573579867552,5.86501170963596e-05,0.63846146898374
175,0.49,0.5,-1,134,28,0.000130818409930699,4.06977199712529e-05,0.762717827212414
176,0.5,0.51,-1,133,28,0.000212079729708071,2.97742604536863e-05,0.876891588872391
177,0.51,0.52,-1,134,28,8.80294997694165e-05,6.56852824583359e-05,0.572680769498063
178,0.52,0.53,-1,133,28,0.000230562349775183,4.96134814435231e-05,0.822920195408309
179,0.53,0.54,-1,133,28,7.45192918379063e-05,6.14209018680855e-05,0.548177031431005
180,0.54,0.55,-1,134,28,0.000103932966839218,5.90264510892959e-05,0.637784352450319
181,0.55,0.56,-1,133,28,0.000151409179840563,9.01659563320516e-05,0.626758126847853
182,0.56,0.57,-1,133,28,0.000157277266657764,8.37005947197109e-05,0.65266272079409
183,0.57,0.58,-1,134,28,0.000266268588872343,4.47211180699183e-05,0.856197433318199
184,0.58,0.59,-1,133,28,0.000212137127000173,6.36466944037259e-05,0.769215271295729
185,0.59,0.6,-1,133,28,8.15772449264401e-05,7.92299437448423e-05,0.507298495797959
186,0.6,0.61,-1,133,28,0.000475732644638515,7.67399893778156e-05,0.861097211603159
187,0.61,0.62,-1,134,28,0.000126264058330261,0.000123373212070053,0.505790093473568
188,0.62,0.63,-1,133,28,0.000194541832751839,7.87108355779151e-05,0.711948519811236
189,0.63,0.64,-1,133,28,0.000273589375823744,5.9511281834886e-05,0.821341445996559
190,0.64,0.65,-1,134,28,0.000502645514905503,6.96802068388451e-05,0.878250785887323
191,0.65,0.66,-1,133,28,0.000485312648239303,5.62743514642328e-05,0.896093607315099
192,0.66,0.67,-1,134,28,0.00032155442736646,6.3656508450452e-05,0.834748958215694
193,0.67,0.68,-1,133,28,0.000140869687628032,6.12288409856878e-05,0.697034701807664
194,0.68,0.69,-1,133,28,0.000167442208249758,5.72609122631958e-05,0.745170818578397
195,0.69,0.7,-1,134,28,0.000242407286022773,6.3318194329199e-05,0.792891994948204
196,0.7,0.71,-1,133,28,0.000120616024289583,6.42037208168364e-05,0.652614385005953
197,0.71,0.72,-1,133,28,0.000133398144441238,8.31198834109123e-05,0.616106408157056
198,0.72,0.73,-1,134,28,0.000134375377412134,6.37609374991055e-05,0.678196611622311
199,0.73,0.74,-1,133,28,0.000203272951651456,4.66016115227327e-05,0.813499978025989
200,0.74,0.75,-1,133,28,7.97633549899089e-05,9.71904977387354e-05,0.450757944853705
201,0.75,0.76,-1,133,28,5.8246970513244e-05,8.0029928498963e-05,0.421234283740352
202,0.76,0.77,-1,134,28,8.58320705275827e-05,0.000109125612401332,0.440260005341152
203,0.77,0.78,-1,133,28,0.000227482829173922,7.07941909938934e-05,0.762656234952114
204,0.78,0.79,-1,134,28,0.000219620100930417,5.22829100470325e-05,0.807714854428851
205,0.79,0.8,-1,133,28,1.85676147192625e-05,9.13844251086889e-05,0.168870125086505
206,0.8,0.81,-1,133,28,0.000156948595869494,4.79577567568319e-05,0.765952806527725
207,0.81,0.82,-1,134,28,2.82981946921387e-05,7.287570982184e-05,0.279698552982393
208,0.82,0.83,-1,133,28,2.23463411818232e-05,7.72823351622412e-05,0.224296276953945
209,0.83,0.84,-1,133,28,0.000102263290208787,7.24869219801456e-05,0.585196944414719
210,0.84,0.85,-1,134,28,0.000150810475203044,5.11487360664766e-05,0.746737295392696
211,0.85,0.86,-1,133,28,0.000166869949173721,7.64712719106404e-05,0.685744685713855
212,0.86,0.87,-1,133,28,9.30689511817787e-05,6.66411026256052e-05,0.582736959653293
213,0.87,0.88,-1,134,28,0.0001817510373208,6.88206443330938e-05,0.725345482462965
214,0.88,0.89,-1,133,28,5.79181997762889e-05,6.53304454553979e-05,0.469929707279235
215,0.89,0.9,-1,133,28,0.000159103981184667,1.74235684890906e-05,0.901298304308357
216,0.9,0.91,-1,134,28,8.0447165075114e-05,4.29806562238008e-05,0.651774974462919
217,0.91,0.92,-1,133,28,0.000339185927346394,5.12958455035651e-05,0.868634468827626
218,0.92,0.93,-1,133,28,0.000168041087810415,6.25139140770467e-05,0.728854661294398
219,0.93,0.94,-1,134,28,0.000191434200109443,8.60267337733985e-05,0.689950103715417
220,0.94,0.95,-1,133,28,0.00036790079383342,5.33986698757585e-05,0.873252461786613
221,0.95,0.96,-1,133,28,0.000544947309519002,0.00010557092812034,0.837712577431426
222,0.96,0.97,-1,134,28,0.000343312550289284,5.37981348557574e-05,0.864526095952044
223,0.97,0.98,-1,133,28,0.000203396546903518,4.6600122069616e-05,0.813597028068306
224,0.98,0.99,-1,133,28,0.000446717887606822,4.33042841802594e-05,0.911627908544768
225,0.99,1,-1,134,28,0.00035658735889928,9.24680833623881e-05,0.794083147290961
226,1,1.01,-1,133,28,0.000342375769776205,0.000111845154276672,0.753764856804236
227,1.01,1.02,-1,133,28,0.00042097012854841,5.72077863540502e-05,0.880362968319606
228,1.02,1.03,-1,134,28,0.000175968558470403,6.34573982136323e-05,0.734960239514149
229,1.03,1.04,-1,133,28,0.000237499353344847,4.51772546426155e-05,0.840180427505982
230,1.04,1.05,-1,133,28,0.000273653945042575,3.13532159611084e-05,0.897204984112718
231,1.05,1.06,-1,134,28,0.000172303458696156,3.52869062032443e-05,0.830016647350928
232,1.06,1.07,-1,133,28,0.000101012477575569,7.15225518085312e-05,0.585460691293554
233,1.07,1.08,-1,133,28,4.71553568016976e-05,0.000128056075069298,0.269134018814578
234,1.08,1.09,-1,134,28,0.000155335904505151,5.83704263762577e-05,0.726866180634354
235,1.09,1.1,-1,133,28,0.000113969805790798,5.86690300428183e-05,0.660163197003009
236,1.1,1.11,-1,133,28,8.46294270480841e-05,7.53216136507763e-05,0.529095820060439
237,1.11,1.12,-1,134,28,0.000104087340696112,7.09388180661038e-05,0.594695909641263
238,1.12,1.13,-1,133,28,0.000198628401300618,5.2811430150011e-05,0.789963945468279
239,1.13,1.14,-1,133,28,5.76173342611043e-05,0.000112643898175878,0.338405481015356
240,1.14,1.15,-1,134,28,9.57691558232547e-05,8.77926195933445e-05,0.521727116693569
241,1.15,1.16,-1,133,28,0.000134871205026918,7.85825951993385e-05,0.631851973981992
242,1.16,1.17,-1,133,28,0.000145521873231811,8.13035222999284e-05,0.641558996913325
243,1.17,1.18,-1,134,28,3.66156452722057e-05,9.30492938643635e-05,0.282386630619094
244,1.18,1.19,-1,133,28,4.65758664601031e-05,7.94169310673724e-05,0.369670865113906
245,1.19,1.2,-1,133,28,6.85448583194724e-05,9.44556690821312e-05,0.420519242557973
246,1.2,1.21,-1,134,28,7.8565091198794e-05,5.10881897711407e-05,0.605963000789872
247,1.21,1.22,-1,133,28,0.000119696356095095,6.98408115894426e-05,0.631519176725884
248,1.22,1.23,-1,133,28,0.000180927663498868,0.000112797685882406,0.615975651675922
249,1.23,1.24,-1,134,28,7.85457307919765e-05,9.09142521363105e-05,0.463506070487543
250,1.24,1.25,-1,211,28,0.000793243163798823,8.23171381965912e-05,0.905983473657966
1,0,0.01,1,212,30,0,0.00098721098560927,0
2,0.01,0.02,1,133,30,0.000257907961563127,0.000143397932555207,0.642671750759478
3,0.02,0.03,1,134,30,0.000228753541715534,6.9119721938676e-05,0.767955938405689
4,0.03,0.04,1,133,30,0.000323424248660817,0.000143091405577273,0.693276304284004
5,0.04,0.05,1,133,30,0.000318101634185136,7.61614822995092e-05,0.806825748808092
6,0.05,0.06,1,133,30,0.000234395976984666,0.000126417154152418,0.649632612443952
7,0.06,0.07,1,134,30,0.000244361016574084,0.000114953601022534,0.680075356267344
8,0.07,0.08,1,133,30,0.00020248519326194,9.97922418751915e-05,0.669865394253065
9,0.08,0.09,1,134,30,0.00023777736037435,0.000114270930615463,0.67541120482596
10,0.09,0.1,1,133,30,0.000430531540758761,6.26279098135941e-05,0.873006773486934
11,0.1,0.11,1,133,30,0.000394964005704025,0.000109521536067087,0.782904509646429
12,0.11,0.12,1,134,30,0.000161763026610302,9.90191180401449e-05,0.620299471910278
13,0.12,0.13,1,133,30,0.000341996160993847,6.47105044442364e-05,0.840891458283494
14,0.13,0.14,1,133,30,0.000497998811023622,7.70969130644851e-05,0.865940729803316
15,0.14,0.15,1,134,30,0.000385178476467133,9.94680180607624e-05,0.794761709444208
16,0.15,0.16,1,133,30,0.000192502026228975,8.45981898895274e-05,0.694701826384181
17,0.16,0.17,1,133,30,0.000133178204834133,8.34948377831168e-05,0.614650550088922
18,0.17,0.18,1,134,30,0.000117459695847035,7.26539718262446e-05,0.617839302584472
19,0.18,0.19,1,133,30,0.000223976919780696,8.19044737790008e-05,0.732234534353866
20,0.19,0.2,1,133,30,0.000352884946125093,7.78807733155377e-05,0.819203873937161
21,0.2,0.21,1,134,30,0.000351255018326216,6.7659576296025e-05,0.838488376474356
22,0.21,0.22,1,133,30,0.000414841439510581,5.71110095320467e-05,0.878989907462291
23,0.22,0.23,1,133,30,0.000184029209461799,6.48830076169371e-05,0.739333776467816
24,0.23,0.24,1,133,30,0.000174476486753162,7.42295810656956e-05,0.701536911758181
25,0.24,0.25,1,134,30,0.000218267980759457,8.39309481882819e-05,0.722265897895367
26,0.25,0.26,1,133,30,0.00024157476843577,7.71745689346455e-05,0.757883201981494
27,0.26,0.27,1,133,30,0.000278487679956738,0.000106801763797386,0.722801219891344
28,0.27,0.28,1,134,30,0.000266600248518557,0.000101716831808691,0.723833519427565
29,0.28,0.29,1,133,30,0.000227307990375494,9.46117283748143e-05,0.706101481629964
30,0.29,0.3,1,134,30,0.000209049159080139,9.16578510062675e-05,0.695192170678262
31,0.3,0.31,1,133,30,0.000197047911990237,9.19814322075582e-05,0.681757461468648
32,0.31,0.32,1,133,30,0.00016024669695679,5.43877545236532e-05,0.746602867580143
33,0.32,0.33,1,134,30,0.000277014202776542,8.34191766597535e-05,0.768558681245843
34,0.33,0.34,1,133,30,0.000343857854028414,7.38437744338744e-05,0.82321406142054
35,0.34,0.35,1,133,30,0.000363903551354897,7.21756104089973e-05,0.834489659819895
36,0.35,0.36,1,134,30,0.000289546377080623,6.57651781196297e-05,0.814908417254923
37,0.36,0.37,1,133,30,0.000418328670365454,5.34143435533844e-05,0.886772369749233
38,0.37,0.38,1,133,30,7.16905324946965e-05,7.67005994965536e-05,0.483118711561037
39,0.38,0.39,1,134,30,8.53588341511407e-05,7.16221281340356e-05,0.543752776824462
40,0.39,0.4,1,133,30,9.69318397293217e-05,0.000106743710433469,0.475912988337811
41,0.4,0.41,1,133,30,0.000168384551254561,6.04337327455034e-05,0.735887658586381
42,0.41,0.42,1,134,30,0.00021536387654303,6.12607636886973e-05,0.778541912834014
43,0.42,0.43,1,133,30,0.000124556505257514,0.000116959860490151,0.515726977225427
44,0.43,0.44,1,133,30,4.85853635964514e-05,7.49117933034673e-05,0.393412810594698
45,0.44,0.45,1,134,30,5.58633665653851e-05,9.73608807782304e-05,0.364585681012404
46,0.45,0.46,1,133,30,0.000170308149005382,5.77490828377423e-05,0.746778111919439
47,0.46,0.47,1,133,30,0.000189017924747792,4.90222657233772e-05,0.794058870368302
48,0.47,0.48,1,134,30,0.000104532346802451,6.25089622315362e-05,0.62578740197242
49,0.48,0.49,1,133,30,9.35634855319428e-05,9.72677272836094e-05,0.490294455249187
50,0.49,0.5,1,133,30,0.000285368588330136,9.03530979359762e-05,0.759521206151561
51,0.5,0.51,1,134,30,0.00017753433376752,9.40806319016393e-05,0.6536250067449
52,0.51,0.52,1,133,30,0.000206993336719804,8.79551050250348e-05,0.701794983202097
53,0.52,0.53,1,133,30,0.00032452138128265,6.88692774574911e-05,0.824934131181332
54,0.53,0.54,1,134,30,0.000122424119479633,5.46989717468991e-05,0.691181023501099
55,0.54,0.55,1,133,30,0.000114077267365763,7.80937955406078e-05,0.593623543734799
56,0.55,0.56,1,133,30,0.000155366928571965,9.97553685629123e-05,0.608990003291738
57,0.56,0.57,1,134,30,0.000443318909409989,6.71817999794063e-05,0.868400182911084
58,0.57,0.58,1,133,30,0.000923229358073344,7.25821293304432e-05,0.927112580796116
59,0.58,0.59,1,133,30,0.000439009609866731,9.78168628773783e-05,0.817786812231212
60,0.59,0.6,1,134,30,0.000560498997026839,4.77881514418874e-05,0.921438170176393
61,0.6,0.61,1,133,30,0.00038276528419513,8.83656258818677e-05,0.812439336940499
62,0.61,0.62,1,133,30,0.000474836771027424,7.49528073091848e-05,0.863670010741282
63,0.62,0.63,1,134,30,0.00046583699265322,6.18778090688824e-05,0.882743844085943
64,0.63,0.64,1,133,30,0.000635379249867019,6.59721683965529e-05,0.905935645557132
65,0.64,0.65,1,133,30,0.000700736752916572,9.28080781874384e-05,0.883046206654361
66,0.65,0.66,1,134,30,0.000696975664016325,5.92605629892696e-05,0.921637497817423
67,0.66,0.67,1,133,30,0.000659348999017281,7.81943030732248e-05,0.893980051270767
68,0.67,0.68,1,133,30,0.000548355118689423,6.79883083694501e-05,0.889690868135183
69,0.68,0.69,1,133,30,0.000235030729522633,7.940892312901e-05,0.747458940183398
70,0.69,0.7,1,134,30,6.48380249771493e-05,7.97020137655817e-05,0.44858176005166
71,0.7,0.71,1,133,30,0.000175622587724133,5.47402353762825e-05,0.76237382994555
72,0.71,0.72,1,134,30,0.000246747733701668,5.3347190422202e-05,0.822232280076214
73,0.72,0.73,1,133,30,0.000173976621762559,5.85907971374958e-05,0.748069624650755
74,0.73,0.74,1,133,30,0.000132342253022877,8.19905820479187e-05,0.617461402865144
75,0.74,0.75,1,134,30,0.000137327969954238,7.34193188981643e-05,0.651623898471197
76,0.75,0.76,1,133,30,9.06408475964425e-05,5.80123619965197e-05,0.609746993318426
77,0.76,0.77,1,133,30,0.000217794360887425,6.37946800121551e-05,0.773447575202667
78,0.77,0.78,1,134,30,0.000137456067231047,7.43821230045916e-05,0.648872930221636
79,0.78,0.79,1,133,30,0.000156794326535444,6.32337058829114e-05,0.712610683339291
80,0.79,0.8,1,133,30,0.000178306904973333,4.45844921197062e-05,0.799972126779322
81,0.8,0.81,1,134,30,9.13696165588326e-05,7.69043988385155e-05,0.542981139084844
82,0.81,0.82,1,133,30,0.000184749627162923,6.21798363699682e-05,0.748187861098699
83,0.82,0.83,1,133,30,6.18917788949592e-05,5.35373696574597e-05,0.536188472938903
84,0.83,0.84,1,134,30,0.000200744708326287,6.7455996632319e-05,0.748486877979198
85,0.84,0.85,1,133,30,0.000118652817304135,7.74053982650836e-05,0.605191763883235
86,0.85,0.86,1,133,30,0.000135098495510929,6.10728255572019e-05,0.688676075459617
87,0.86,0.87,1,134,30,8.93228686048546e-05,6.92582879025493e-05,0.563262814902503
88,0.87,0.88,1,133,30,0.000175477126443024,4.76116091897391e-05,0.786579949656827
89,0.88,0.89,1,133,30,5.31261851380476e-05,6.20153084485097e-05,0.461399131479132
90,0.89,0.9,1,134,30,8.3518253074924e-05,6.24740680772452e-05,0.572072917368525
91,0.9,0.91,1,133,30,0.000170165794204005,5.06156725119866e-05,0.770743109623882
92,0.91,0.92,1,133,30,0.000135446495884224,5.90641977856239e-05,0.696344727010864
93,0.92,0.93,1,134,30,0.000257391911752255,9.99150920147633e-05,0.720366264972761
94,0.93,0.94,1,133,30,0.000432852514182377,6.31787464732776e-05,0.872631522477499
95,0.94,0.95,1,133,30,0.000614501332796988,6.74736429608534e-05,0.90106140934882
96,0.95,0.96,1,134,30,0.000262595031676427,4.87990597016336e-05,0.843288421158939
97,0.96,0.97,1,133,30,0.000499928243517746,5.07895869266466e-05,0.907775662746088
98,0.97,0.98,1,133,30,0.000472298656277805,8.8381184071857e-05,0.842367822576358
99,0.98,0.99,1,134,30,0.000900815536824635,6.77486806828165e-05,0.930052463782769
100,0.99,1,1,133,30,0.000474089716435801,6.05624678200758e-05,0.886725483214165
101,1,1.01,1,133,30,0.000327114047908146,5.4269413364587e-05,0.857703810271473
102,1.01,1.02,1,134,30,0.000642955731390834,6.73303069587682e-05,0.905206771183037
103,1.02,1.03,1,133,30,0.000220023816221064,6.58213181015829e-05,0.769730843040038
104,1.03,1.04,1,133,30,0.000394816841696804,7.16040396419966e-05,0.846481916854866
105,1.04,1.05,1,133,30,0.000393005553401819,8.63494485943845e-05,0.819863257429682
106,1.05,1.06,1,134,30,0.000278351569160119,6.05504758347265e-05,0.821333400818967
107,1.06,1.07,1,133,30,0.000273388192560867,4.00147332787285e-05,0.872321762244145
108,1.07,1.08,1,134,30,0.000149015815764982,8.1052132211098e-05,0.647703502708144
109,1.08,1.09,1,133,30,0.000106961229287187,5.56376554953034e-05,0.657822650077027
110,1.09,1.1,1,133,30,5.46803225505923e-05,6.31222843237155e-05,0.4641690366745
111,1.1,1.11,1,133,30,0.000135532773613565,7.34250238496855e-05,0.648613142265731
112,1.11,1.12,1,134,30,9.34416732734293e-05,0.000108503960205145,0.462707074492617
113,1.12,1.13,1,133,30,0.000124368875113567,0.000109685187034906,0.531368154741416
114,1.13,1.14,1,134,30,0.000102023647757098,4.56394810342818e-05,0.690921617279546
115,1.14,1.15,1,133,30,1.85551951842194e-05,0.000110155609057825,0.144161908500905
116,1.15,1.16,1,133,30,9.81409440806529e-05,5.82039180318298e-05,0.62772094173485
117,1.16,1.17,1,134,30,0.000122730933509111,3.19652727125313e-05,0.79336744259434
118,1.17,1.18,1,133,30,0.000169577277370069,5.56876683265925e-05,0.752790350250141
119,1.18,1.19,1,133,30,0.000105863939350228,3.97911516571867e-05,0.726812489821169
120,1.19,1.2,1,133,30,0.000259117374363094,4.57755980654661e-05,0.849863387467247
121,1.2,1.21,1,134,30,0.000420966527466098,4.67409389145903e-05,0.900063731553634
122,1.21,1.22,1,133,30,9.74462695356191e-05,4.78907652469497e-05,0.67048477823566
123,1.22,1.23,1,133,30,0.00021297948553891,5.19797043832093e-05,0.803819960355072
124,1.23,1.24,1,134,30,0.000172007323361608,3.91364896259227e-05,0.814645340196476
125,1.24,1.25,1,211,30,0.000109223641892217,9.01037555250126e-05,0.547961009412024
126,0,0.01,-1,212,30,0.000114780153181215,0.000126820981800627,0.47508118366183
127,0.01,0.02,-1,133,30,0.000143966515007685,5.03990778851807e-05,0.740699590215225
128,0.02,0.03,-1,133,30,0.000122634772309579,8.45078903347889e-05,0.592030491179521
129,0.03,0.04,-1,133,30,0.000224222368421566,7.91805559892055e-05,0.739025073199346
130,0.04,0.05,-1,134,30,0.000501398627827752,8.18311845609008e-05,0.859693069828245
131,0.05,0.06,-1,133,30,0.000269931798871555,5.90992948420674e-05,0.820383860458169
132,0.06,0.07,-1,133,30,0.000221980918550646,7.49436134068655e-05,0.747600466311117
133,0.07,0.08,-1,134,30,0.000105967269427306,5.60356956009978e-05,0.654106975195128
134,0.08,0.09,-1,133,30,0.000163392732808131,6.58879986088231e-05,0.712631767171906
135,0.09,0.1,-1,134,30,0.000102980486230416,0.000101919456074722,0.502589142153377
136,0.1,0.11,-1,133,30,6.40938204802021e-05,9.6210841618624e-05,0.39982505587198
137,0.11,0.12,-1,133,30,0.000195916786508241,8.75682280576458e-05,0.691101033358878
138,0.12,0.13,-1,134,30,9.34594721516392e-05,0.000106542555109933,0.467292624136295
139,0.13,0.14,-1,133,30,7.32496079327093e-05,0.000102923525409737,0.415781944403101
140,0.14,0.15,-1,133,30,7.56222286908737e-05,8.91680811919369e-05,0.458899729872781
141,0.15,0.16,-1,134,30,0.00023536435279338,9.2087323309509e-05,0.718775837688569
142,0.16,0.17,-1,133,30,0.000167706494254597,9.95814417661971e-05,0.62743757444238
143,0.17,0.18,-1,133,30,9.5876562540803e-05,0.000105013265675143,0.47725941822072
144,0.18,0.19,-1,133,30,0.00018696175163921,0.000102628917151495,0.645606961094219
145,0.19,0.2,-1,134,30,0.000435754475531403,6.08433425075525e-05,0.877479641880385
146,0.2,0.21,-1,133,30,0.000178797846110891,4.97000198980006e-05,0.782492411127959
147,0.21,0.22,-1,134,30,0.000235034256622882,4.40185575796767e-05,0.842257252608373
148,0.22,0.23,-1,133,30,0.000240448389925038,0.000127973557354534,0.652644044961244
149,0.23,0.24,-1,133,30,0.000179029179798701,0.00015684181107456,0.533029599648446
150,0.24,0.25,-1,134,30,0.000331677968866545,0.000110811812921006,0.749572041023516
151,0.25,0.26,-1,133,30,0.000501155198264423,8.11593844910149e-05,0.860626220097427
152,0.26,0.27,-1,133,30,0.00029164179864748,9.93936782566821e-05,0.745819282067232
153,0.27,0.28,-1,134,30,0.000196439382996385,7.99157238501064e-05,0.71082233738312
154,0.28,0.29,-1,133,30,0.000155931228528883,6.18804919247132e-05,0.715899163755531
155,0.29,0.3,-1,133,30,0.000127114783436306,5.10070816934315e-05,0.713639413913167
156,0.3,0.31,-1,134,30,0.000258077658086661,5.09454087140238e-05,0.835140433879382
157,0.31,0.32,-1,133,30,0.000234393108955325,6.55579172877497e-05,0.781437929688486
158,0.32,0.33,-1,133,30,0.000394458077895042,9.92624095634434e-05,0.798950191282492
159,0.33,0.34,-1,133,30,0.000250417125497909,8.1055723514383e-05,0.755467985520053
160,0.34,0.35,-1,134,30,0.00021458074330826,6.27389095327831e-05,0.773766810645965
161,0.35,0.36,-1,133,30,0.000140315064813612,8.16377095057746e-05,0.632184324993842
162,0.36,0.37,-1,134,30,0.000110673999425427,7.33159873106731e-05,0.601521862079203
163,0.37,0.38,-1,133,30,0.000129328049619685,9.95038343007551e-05,0.565166214620029
164,0.38,0.39,-1,133,30,0.000234368822794413,7.46166205562238e-05,0.758510887286205
165,0.39,0.4,-1,134,30,3.92486555797379e-05,0.000142437960848004,0.216023922683085
166,0.4,0.41,-1,133,30,9.21872336157977e-05,8.62279524583979e-05,0.516700599563654
167,0.41,0.42,-1,133,30,0.000117893975965386,6.63670015635457e-05,0.639820636720952
168,0.42,0.43,-1,134,30,0.000154034452943026,5.68148191565477e-05,0.730542967538836
169,0.43,0.44,-1,133,30,0.000111165866693044,4.89320593810257e-05,0.694361691116553
170,0.44,0.45,-1,133,30,0.000126695987187319,8.74106697271489e-05,0.591742400788275
171,0.45,0.46,-1,133,30,0.000121573108390516,6.24086683283475e-05,0.660788859411266
172,0.46,0.47,-1,134,30,0.000195824474414661,6.71448860700944e-05,0.744666504317004
173,0.47,0.48,-1,133,30,0.000153847801382511,5.95844595662296e-05,0.720827304638169
174,0.48,0.49,-1,133,30,8.42437765142819e-05,8.24114570558641e-05,0.505497335484656
175,0.49,0.5,-1,134,30,0.000151416199682333,3.69101810171603e-05,0.804009502651374
176,0.5,0.51,-1,133,30,4.6583040071845e-05,9.16274576527959e-05,0.337044152497397
177,0.51,0.52,-1,134,30,4.17343195926108e-05,7.01536163118486e-05,0.373001068035141
178,0.52,0.53,-1,133,30,8.10455394532644e-05,4.38146113427835e-05,0.649090513959476
179,0.53,0.54,-1,133,30,0.000111449330391097,4.64857016930126e-05,0.705665671006694
180,0.54,0.55,-1,134,30,0.000122957593039459,5.67069820349473e-05,0.684373048991641
181,0.55,0.56,-1,133,30,0.000160411938834458,6.07529466949248e-05,0.72530473565229
182,0.56,0.57,-1,133,30,7.1175124790787e-05,9.11197395005796e-05,0.43855438742046
183,0.57,0.58,-1,134,30,0.00033443101175988,4.07489033728698e-05,0.891388366676154
184,0.58,0.59,-1,133,30,0.000369561354032229,5.79977342728464e-05,0.864351534421218
185,0.59,0.6,-1,133,30,0.000856885005373597,9.77530306344996e-05,0.897601994737961
186,0.6,0.61,-1,133,30,0.000658922619088481,6.07472260719139e-05,0.915590146675695
187,0.61,0.62,-1,134,30,0.000238473460212181,6.14151000783702e-05,0.795206926136604
188,0.62,0.63,-1,133,30,0.000353973997604327,8.78576453479589e-05,0.801151305594817
189,0.63,0.64,-1,133,30,0.000460926150349595,5.76691146424884e-05,0.888797452396005
190,0.64,0.65,-1,134,30,0.000447437323847865,6.98054825939504e-05,0.865043106014075
191,0.65,0.66,-1,133,30,0.000640925034620552,7.89470215727473e-05,0.890331870929647
192,0.66,0.67,-1,134,30,0.00059863412768587,8.88666058054146e-05,0.870739620372287
193,0.67,0.68,-1,133,30,0.000804986417976049,7.96938050363481e-05,0.909917953444257
194,0.68,0.69,-1,133,30,0.000584154997661242,7.21593299182488e-05,0.890053703102331
195,0.69,0.7,-1,134,30,0.00018667271151088,8.82405858428243e-05,0.679023944304543
196,0.7,0.71,-1,133,30,0.000183886458505267,6.04793935164835e-05,0.752504725942231
197,0.71,0.72,-1,133,30,6.28165088319175e-05,6.44531538030469e-05,0.493570168501886
198,0.72,0.73,-1,134,30,8.49282236775188e-05,6.29783324910182e-05,0.574201887174931
199,0.73,0.74,-1,133,30,0.00012354550520636,5.6800306233374e-05,0.685047821294397
200,0.74,0.75,-1,133,30,0.000145294687686283,8.90038724001527e-05,0.620126251022123
201,0.75,0.76,-1,133,30,0.000102753578621566,6.05241659975893e-05,0.629317723987664
202,0.76,0.77,-1,134,30,4.14412112523718e-05,7.22294286778062e-05,0.364572692454507
203,0.77,0.78,-1,133,30,1.72539687331104e-05,7.70577007244112e-05,0.182946276238718
204,0.78,0.79,-1,134,30,0.000149269618229391,5.71598929323054e-05,0.723102125221175
205,0.79,0.8,-1,133,30,0.000137324282233484,6.80950521341521e-05,0.66850709382456
206,0.8,0.81,-1,133,30,0.000237093028159721,6.24814544424562e-05,0.791432655078874
207,0.81,0.82,-1,134,30,0.000152533188766822,6.26177165119176e-05,0.708959084179577
208,0.82,0.83,-1,133,30,8.50301590469412e-05,6.1342170826766e-05,0.580916892696228
209,0.83,0.84,-1,133,30,0.000102379172615397,7.15345314570038e-05,0.588678006494394
210,0.84,0.85,-1,134,30,0.000161073533777912,7.48967610779906e-05,0.682600892100732
211,0.85,0.86,-1,133,30,7.87274369303063e-05,7.1640219999911e-05,0.523566294358382
212,0.86,0.87,-1,133,30,8.56180693318473e-05,8.9059224470639e-05,0.490149964360328
213,0.87,0.88,-1,134,30,6.70789335398091e-05,6.77053168137308e-05,0.497676348415046
214,0.88,0.89,-1,133,30,0.000142737730326106,5.53218125416326e-05,0.720680903628179
215,0.89,0.9,-1,133,30,8.90595022479673e-05,6.49448558201061e-05,0.57829209098486
216,0.9,0.91,-1,134,30,6.80253345616262e-05,6.17985153700044e-05,0.523981799934684
217,0.91,0.92,-1,133,30,0.000394635728176671,3.3427396868239e-05,0.921910122800856
218,0.92,0.93,-1,133,30,0.000348359983828051,5.73085638686813e-05,0.858730571561284
219,0.93,0.94,-1,134,30,0.000477192236431003,4.98022152002136e-05,0.905497647942858
220,0.94,0.95,-1,133,30,0.000514045891006229,2.83372057299306e-05,0.947754260963418
221,0.95,0.96,-1,133,30,0.000437796541349433,9.12348676656537e-05,0.827543570928032
222,0.96,0.97,-1,134,30,0.000807278308889924,5.94414637737734e-05,0.931417898092839
223,0.97,0.98,-1,133,30,0.000968348390521514,9.18638849545483e-05,0.913353309446168
224,0.98,0.99,-1,133,30,0.000863515847166365,4.99831270786445e-05,0.945283871697881
225,0.99,1,-1,134,30,0.000800204777360766,8.17277488993907e-05,0.907331063923951
226,1,1.01,-1,133,30,0.000131843525459669,8.33515514627261e-05,0.612669803348778
227,1.01,1.02,-1,133,30,0.000166583177677,4.86014360726274e-05,0.77414074721357
228,1.02,1.03,-1,134,30,0.000260319346265014,3.32319970503638e-05,0.886793238024256
229,1.03,1.04,-1,133,30,0.000476342011104693,6.36791654329243e-05,0.882080243887457
230,1.04,1.05,-1,133,30,0.000298776598086916,5.76590805863854e-05,0.838234262066582
231,1.05,1.06,-1,134,30,0.000252984708512123,5.4279979683644e-05,0.823344556765141
232,1.06,1.07,-1,133,30,0.000248867961863912,4.01109301031147e-05,0.861197716448815
233,1.07,1.08,-1,133,30,0.00013011132939,6.11381921059433e-05,0.680322378703363
234,1.08,1.09,-1,134,30,0.000176056116564074,5.36767999198383e-05,0.766351288525094
235,1.09,1.1,-1,133,30,3.90494122324284e-05,8.56707591290179e-05,0.313096204135744
236,1.1,1.11,-1,133,30,3.76675960324383e-05,6.69660235795332e-05,0.359995154254691
237,1.11,1.12,-1,134,30,0.000121549503632654,6.46406409978911e-05,0.652824583566672
238,1.12,1.13,-1,133,30,0.000101081238713016,8.82930099722414e-05,0.533764434260619
239,1.13,1.14,-1,133,30,0.000187820946748098,4.15544185200291e-05,0.81883661102205
240,1.14,1.15,-1,134,30,0.00016067344417927,7.51974671372482e-05,0.681192281330784
241,1.15,1.16,-1,133,30,0.000218758667173299,8.97628405339591e-05,0.709054836400154
242,1.16,1.17,-1,133,30,0.000139820330244061,5.20791104689955e-05,0.728612494776009
243,1.17,1.18,-1,134,30,6.13523620124268e-05,8.11862021410326e-05,0.430426406894164
244,1.18,1.19,-1,133,30,0.000197829090259398,5.63941141242978e-05,0.778170862644061
245,1.19,1.2,-1,133,30,0.000118562542023464,7.2828312732747e-05,0.619478617066034
246,1.2,1.21,-1,134,30,0.000126380269765046,0.000104522871491292,0.547330231530911
247,1.21,1.22,-1,133,30,0.000205345771067485,0.000103276246065149,0.665363323638815
248,1.22,1.23,-1,133,30,0.000315935783104112,5.35027009585022e-05,0.855178322598806
249,1.23,1.24,-1,134,30,0.000155612214209695,7.23099307413373e-05,0.682742847313618
250,1.24,1.25,-1,211,30,0.000978694635020487,0.000105796658480701,0.902445820344813
