bin,referenceLeft_m,referenceRight_m,direction,samples,acquisition,signalEnergy,noiseEnergy,gate
1,0,0.01,1,212,2,123.18064822715,0.0582516907251827,0.999527327079648
2,0.01,0.02,1,133,2,21.013003171345,0.00470944414578748,0.999775929748782
3,0.02,0.03,1,134,2,46.0406460268725,0.00179561825169653,0.999961000803008
4,0.03,0.04,1,133,2,20.8260389839371,0.00090563158470641,0.999956516349305
5,0.04,0.05,1,133,2,50.3836006016258,0.000823248871653645,0.999983660647304
6,0.05,0.06,1,133,2,22.9633086411166,0.000740522720625662,0.999967752955268
7,0.06,0.07,1,134,2,47.0617066290456,0.00096430331573732,0.999979510229729
8,0.07,0.08,1,133,2,34.4555342615216,0.000790581705634077,0.999977055541784
9,0.08,0.09,1,134,2,36.2862969244047,0.000826915805543096,0.999977211866965
10,0.09,0.1,1,133,2,44.3176790163241,0.000364966948322023,0.999991764822733
11,0.1,0.11,1,133,2,27.0902406113526,0.000597689623262696,0.999977937573706
12,0.11,0.12,1,134,2,51.0949885298844,0.000818889899282131,0.999983973442428
13,0.12,0.13,1,133,2,22.3106952663886,0.00122637238271958,0.999945035107125
14,0.13,0.14,1,133,2,52.7545676089481,0.000722654373732006,0.999986301764806
15,0.14,0.15,1,134,2,26.772907471558,0.00083061958501204,0.999968976331128
16,0.15,0.16,1,133,2,45.1765006250265,0.000564776270824935,0.999987498606521
17,0.16,0.17,1,133,2,27.8285031186227,0.000540020059564185,0.999980595090644
18,0.17,0.18,1,134,2,27.6949124629907,0.000545923037928654,0.999980288355213
19,0.18,0.19,1,133,2,51.7205477283632,0.000862499881737415,0.999983324122874
20,0.19,0.2,1,133,2,32.318932210877,0.00100493666186118,0.999968906602223
21,0.2,0.21,1,134,2,94.580191831805,0.000428361942145503,0.99999547093325
22,0.21,0.22,1,133,2,29.4658326896391,0.000968832855933067,0.999967121207397
23,0.22,0.23,1,133,2,63.4916559353526,0.000909567377475969,0.999985674427072
24,0.23,0.24,1,133,2,23.7872678656713,0.00057032975144296,0.999976024313485
25,0.24,0.25,1,134,2,56.088256678895,0.000932908041972234,0.999983367418056
26,0.25,0.26,1,133,2,29.7786959485649,0.000813416090363254,0.999972685376364
27,0.26,0.27,1,133,2,92.7093404301391,0.000922858969704519,0.999990045773392
28,0.27,0.28,1,134,2,29.4523587635702,0.000661144745808057,0.99997755256514
29,0.28,0.29,1,133,2,54.3466808649441,0.0010264044937303,0.999981114116026
30,0.29,0.3,1,134,2,32.277307492975,0.000609491849434155,0.999981117373537
31,0.3,0.31,1,133,2,40.8646784556221,0.000760041478037834,0.999981401362472
32,0.31,0.32,1,133,2,39.4905932547813,0.000359987143729959,0.999990884313642
33,0.32,0.33,1,134,2,75.9854269967242,0.000565506220771986,0.999992557757
34,0.33,0.34,1,133,2,33.6635491304626,0.000905840744452168,0.999973092071586
35,0.34,0.35,1,133,2,50.1156828888327,0.000979370252116038,0.99998045819079
36,0.35,0.36,1,134,2,42.8593852477328,0.00173358546968173,0.999959553424715
37,0.36,0.37,1,133,2,42.0427942156815,0.00151230114409921,0.999964030774452
38,0.37,0.38,1,133,2,31.4718494655292,0.00124171993697879,0.999960546616484
39,0.38,0.39,1,134,2,44.9965937725074,0.00071647123902845,0.999984077465183
40,0.39,0.4,1,133,2,29.6923489271561,0.000688990898847975,0.999976796213956
41,0.4,0.41,1,133,2,44.5719233983526,0.000634737396390934,0.999985759457771
42,0.41,0.42,1,134,2,26.9447625607809,0.000816323241284148,0.999969704742852
43,0.42,0.43,1,133,2,45.3858665655904,0.000558673634772062,0.999987690732817
44,0.43,0.44,1,133,2,32.7180908037503,0.000561871751121537,0.999982827173335
45,0.44,0.45,1,134,2,38.3291465219478,0.000701454807910026,0.999981699515001
46,0.45,0.46,1,133,2,37.2407217011846,0.00065420439610674,0.999982433398869
47,0.46,0.47,1,133,2,32.6789203043396,0.000473520165012745,0.999985510130098
48,0.47,0.48,1,134,2,40.8039317572621,0.000649010066566492,0.999984094676275
49,0.48,0.49,1,133,2,27.8698688070149,0.000332483816793717,0.999988070275728
50,0.49,0.5,1,133,2,45.4718509870458,0.000566257117024848,0.999987547239594
51,0.5,0.51,1,134,2,30.4112623640791,0.000390699033789617,0.999987152982675
52,0.51,0.52,1,133,2,41.8205797953739,0.000461128934422288,0.999988973757605
53,0.52,0.53,1,133,2,25.7770222255543,0.00035216869855805,0.999986338069457
54,0.53,0.54,1,134,2,31.9138560113345,0.00055901038191837,0.999982484078698
55,0.54,0.55,1,133,2,52.5328540998151,0.000632886772517313,0.999987952698197
56,0.55,0.56,1,133,2,27.3329993846495,0.000814959141927939,0.999970184946321
57,0.56,0.57,1,134,2,113.078336331186,0.000429829430651915,0.999996198849304
58,0.57,0.58,1,133,2,20.1461571497819,0.000474919934332758,0.999976426832401
59,0.58,0.59,1,133,2,86.9503755497057,0.00056087580161485,0.99999354951396
60,0.59,0.6,1,134,2,31.5635863207618,0.000537451053301932,0.999982972723805
61,0.6,0.61,1,133,2,71.7294724137744,0.000673468686590856,0.999990611078811
62,0.61,0.62,1,133,2,42.9976637021101,0.000939150428617072,0.999978158582691
63,0.62,0.63,1,134,2,97.2524784660472,0.000737618549079183,0.999992415484251
64,0.63,0.64,1,133,2,51.489494509046,0.000516510552441091,0.99998996872321
65,0.64,0.65,1,133,2,62.0893920439499,0.000448164461445827,0.999992782000083
66,0.65,0.66,1,134,2,71.3953512011166,0.000790605593976639,0.99998892649415
67,0.66,0.67,1,133,2,30.3633669599258,0.000453468589777554,0.999985065496259
68,0.67,0.68,1,133,2,63.9016500494048,0.000563564506504178,0.999991180829667
69,0.68,0.69,1,133,2,57.7947751791054,0.000603191561018754,0.999989563325338
70,0.69,0.7,1,134,2,42.1923979158582,0.000268760838291261,0.999993630152833
71,0.7,0.71,1,133,2,40.8673211810297,0.000510683114868707,0.999987504032106
72,0.71,0.72,1,134,2,48.1065685184393,0.000528359086045507,0.999989017024091
73,0.72,0.73,1,133,2,36.7831153634675,0.000503483787848635,0.999986312282379
74,0.73,0.74,1,133,2,36.8737192027513,0.000578142389624074,0.999984321263556
75,0.74,0.75,1,134,2,36.7480363435979,0.000862618742447623,0.999976526677892
76,0.75,0.76,1,133,2,35.1475507913678,0.000767476434635219,0.999978164632834
77,0.76,0.77,1,133,2,39.7093891490539,0.000450706627471775,0.999988650001382
78,0.77,0.78,1,134,2,31.0768671672917,0.0010293465628429,0.999966878499567
79,0.78,0.79,1,133,2,41.1892247444311,0.000419860079691622,0.999989806659326
80,0.79,0.8,1,133,2,31.108223780073,0.000431978631347639,0.999986113876643
81,0.8,0.81,1,134,2,40.5501865122151,0.000635328789991203,0.999984332529869
82,0.81,0.82,1,133,2,31.4447469382314,0.000795611941673627,0.999974698737018
83,0.82,0.83,1,133,2,37.8941892355884,0.000788853598001228,0.999979183162578
84,0.83,0.84,1,134,2,33.8251161760235,0.000779030896394946,0.999976969393075
85,0.84,0.85,1,133,2,35.0078821536274,0.000590030511818485,0.999983146065081
86,0.85,0.86,1,133,2,40.1012517244549,0.000990420953632898,0.999975302604028
87,0.86,0.87,1,134,2,33.6508346871039,0.000763427431437707,0.999977313783766
88,0.87,0.88,1,133,2,40.51947687902,0.000437757706669887,0.999989196480037
89,0.88,0.89,1,133,2,25.3179973333906,0.000726764361849852,0.999971295379694
90,0.89,0.9,1,134,2,32.1452310867503,0.000462626760540429,0.999985608437489
91,0.9,0.91,1,133,2,43.6525110382867,0.000418765593379116,0.999990406930411
92,0.91,0.92,1,133,2,45.3820264701004,0.0010146849769065,0.99997764175888
93,0.92,0.93,1,134,2,78.174540726899,0.000483355457975737,0.999993817009158
94,0.93,0.94,1,133,2,43.3587731134978,0.000663852619584362,0.999984689547051
95,0.94,0.95,1,133,2,54.690512890571,0.000472008976548998,0.999991369528682
96,0.95,0.96,1,134,2,38.9348867523844,0.000853841881289412,0.999978070485671
97,0.96,0.97,1,133,2,73.1134065090828,0.000514938035153254,0.999992957045321
98,0.97,0.98,1,133,2,40.7718883249875,0.000273262567897496,0.999993297815047
99,0.98,0.99,1,134,2,129.667449078556,0.000768148666901484,0.99999407604513
100,0.99,1,1,133,2,29.1847317102777,0.000509606696031601,0.999982538890445
101,1,1.01,1,133,2,88.4402735214128,0.00042923464642305,0.999995146639126
102,1.01,1.02,1,134,2,16.653016917799,0.000828509521254645,0.999950251158216
103,1.02,1.03,1,133,2,70.4854939143833,0.000453716674156194,0.999993563019447
104,1.03,1.04,1,133,2,24.7542232407548,0.000510914798365925,0.999979360925666
105,1.04,1.05,1,133,2,96.4317303443382,0.000774344829884905,0.999991970084855
106,1.05,1.06,1,134,2,25.1790479704294,0.00053428389663768,0.999978781065895
107,1.06,1.07,1,133,2,56.377284207372,0.000829712766762206,0.999985283069811
108,1.07,1.08,1,134,2,42.419157831464,0.000613835737895776,0.999985529489816
109,1.08,1.09,1,133,2,42.8230026661488,0.000649023775606463,0.999984844268296
110,1.09,1.1,1,133,2,31.7964510408881,0.000578287831541127,0.999981813149098
111,1.1,1.11,1,133,2,42.1720339076288,0.000425890168814238,0.999989901225329
112,1.11,1.12,1,134,2,30.8059644081148,0.00059942093843796,0.999980542427849
113,1.12,1.13,1,133,2,41.6572325247118,0.000439280450474992,0.999989454992768
114,1.13,1.14,1,134,2,30.5840675118589,0.000531472669742175,0.999982622866168
115,1.14,1.15,1,133,2,40.4626549739812,0.000324312608308195,0.99999198495479
116,1.15,1.16,1,133,2,33.7424401288992,0.000423906129342428,0.999987437162154
117,1.16,1.17,1,134,2,34.9477990785578,0.000406619869612651,0.99998836507164
118,1.17,1.18,1,133,2,36.7569888196393,0.000800737753929193,0.999978215834968
119,1.18,1.19,1,133,2,30.6579513442608,0.000527386111047931,0.999982798033924
120,1.19,1.2,1,133,2,37.489287078309,0.000595706914206387,0.999984110195339
121,1.2,1.21,1,134,2,29.0433861966249,0.000303758374758252,0.999989541329796
122,1.21,1.22,1,133,2,41.349347773361,0.000443644122611994,0.999989270946542
123,1.22,1.23,1,133,2,30.5798757151357,0.000459589122455777,0.999984971089496
124,1.23,1.24,1,134,2,36.6205234718309,0.000424509948438711,0.9999884080022
125,1.24,1.25,1,211,2,11.7987133848595,0.00224013904751267,0.999810173047205
126,0,0.01,-1,212,2,6.750536534058,0.00111168185543989,0.999835346596877
127,0.01,0.02,-1,133,2,42.8354890758375,0.000480945421973488,0.999988772393347
128,0.02,0.03,-1,133,2,22.526978067518,0.000487462249996183,0.999978361425108
129,0.03,0.04,-1,133,2,49.9632895993142,0.00062526001211578,0.999987485768201
130,0.04,0.05,-1,134,2,19.1280403002563,0.000619896030486835,0.999967593337739
131,0.05,0.06,-1,133,2,51.1872808459003,0.000712837178729679,0.99998607413326
132,0.06,0.07,-1,133,2,23.3946543934367,0.000833130102814001,0.99996438928225
133,0.07,0.08,-1,134,2,44.036423969023,0.00060184630805339,0.999986333175393
134,0.08,0.09,-1,133,2,35.2269932869758,0.000734285000726567,0.999979156049756
135,0.09,0.1,-1,134,2,37.9488847945312,0.000830232324077143,0.999978122831134
136,0.1,0.11,-1,133,2,42.5336075659873,0.000532518608027621,0.9999874802075
137,0.11,0.12,-1,133,2,26.7047323468588,0.00062042848154095,0.999976767635808
138,0.12,0.13,-1,134,2,52.1708509601335,0.000669682692633925,0.999987163826464
139,0.13,0.14,-1,133,2,22.3552151072803,0.000408526481549707,0.999981726008263
140,0.14,0.15,-1,133,2,50.2758905330943,0.000466631855005555,0.999990718662184
141,0.15,0.16,-1,134,2,27.2506380976496,0.000464671016707027,0.999982948542646
142,0.16,0.17,-1,133,2,48.4391299034352,0.00057777036367822,0.999988072381288
143,0.17,0.18,-1,133,2,33.7858829783089,0.000579251153882037,0.999982855525093
144,0.18,0.19,-1,133,2,53.61040382678,0.000782216715612967,0.999985409449532
145,0.19,0.2,-1,134,2,27.107652065288,0.000539320835885967,0.999980104875748
146,0.2,0.21,-1,133,2,81.8919902881997,0.000549710433844314,0.999993287417464
147,0.21,0.22,-1,134,2,32.735902395275,0.000369045152631425,0.999988726720045
148,0.22,0.23,-1,133,2,50.4236946056201,0.000344753559170523,0.999993162912699
149,0.23,0.24,-1,133,2,25.9350405099343,0.000508088581941483,0.999980409568743
150,0.24,0.25,-1,134,2,53.9729712921131,0.00101020305719734,0.999981283517924
151,0.25,0.26,-1,133,2,25.9555089858322,0.000361032292042119,0.99998609053398
152,0.26,0.27,-1,133,2,92.2441534696684,0.000371236023731058,0.999995975522396
153,0.27,0.28,-1,134,2,31.9202779513803,0.000621245986008124,0.999980537954706
154,0.28,0.29,-1,133,2,54.9947060029495,0.000569382724706022,0.999989646697453
155,0.29,0.3,-1,133,2,23.7064139159886,0.000668399688855971,0.999971805906777
156,0.3,0.31,-1,134,2,61.0853514973428,0.000319750581416051,0.999994765538712
157,0.31,0.32,-1,133,2,25.4314238709475,0.000611311672101298,0.999975962927555
158,0.32,0.33,-1,133,2,86.3974722227357,0.000501505345076317,0.999994195403857
159,0.33,0.34,-1,133,2,32.9696451404135,0.000871107032121611,0.999973579211633
160,0.34,0.35,-1,134,2,49.9408451383492,0.000550670089532639,0.999988973674432
161,0.35,0.36,-1,133,2,26.376265023485,0.000565269496169271,0.99997856946836
162,0.36,0.37,-1,134,2,28.5892582108396,0.00058587459390748,0.999979507597448
163,0.37,0.38,-1,133,2,41.1467768413761,0.000591402203718083,0.999985627216783
164,0.38,0.39,-1,133,2,30.1178189686991,0.000513914498744528,0.999982936821213
165,0.39,0.4,-1,134,2,45.5826082548932,0.000487738070958584,0.99998930002317
166,0.4,0.41,-1,133,2,26.960959384819,0.0004992661674235,0.999981482227134
167,0.41,0.42,-1,133,2,46.400315146655,0.000544127512458378,0.99998827333112
168,0.42,0.43,-1,134,2,28.2075635311701,0.000362790744568036,0.999987138694974
169,0.43,0.44,-1,133,2,40.7335020495103,0.000811464452415193,0.999980079093462
170,0.44,0.45,-1,133,2,33.4273120080348,0.000794865288524043,0.999976221648102
171,0.45,0.46,-1,133,2,38.463374843473,0.000617461093671219,0.999983947035742
172,0.46,0.47,-1,134,2,36.1251246757356,0.000569645766007688,0.999984231562141
173,0.47,0.48,-1,133,2,31.0620078133671,0.00051857961114157,0.999983305298333
174,0.48,0.49,-1,133,2,43.2228217572289,0.000409260817960522,0.999990531461709
175,0.49,0.5,-1,134,2,27.1923210804336,0.000434301632312987,0.999984028774348
176,0.5,0.51,-1,133,2,41.5569202103228,0.000539259985654692,0.999987023749947
177,0.51,0.52,-1,134,2,31.1753642695237,0.000435529345492292,0.999986029890226
178,0.52,0.53,-1,133,2,45.0137468636965,0.000514432571790935,0.999988571786874
179,0.53,0.54,-1,133,2,38.6382076831653,0.00031620295574355,0.999991816381064
180,0.54,0.55,-1,134,2,41.3649451516468,0.000336073219142457,0.999991875476023
181,0.55,0.56,-1,133,2,43.3184756983723,0.000519321968961979,0.999988011680125
182,0.56,0.57,-1,133,2,49.5811856385733,0.000590280949715603,0.999988094800181
183,0.57,0.58,-1,134,2,69.1438085795498,0.000585457456513159,0.999991532828298
184,0.58,0.59,-1,133,2,18.8027614766361,0.000459145644253492,0.999975581542467
185,0.59,0.6,-1,133,2,79.2202531879221,0.000503838755664083,0.999993640066384
186,0.6,0.61,-1,133,2,34.8422784679429,0.000914993689671362,0.999973739671977
187,0.61,0.62,-1,134,2,69.0058419638733,0.000497369886290371,0.999992792402972
188,0.62,0.63,-1,133,2,66.5399548275366,0.000378456551661289,0.999994312373669
189,0.63,0.64,-1,133,2,68.9026057057082,0.000683238630535402,0.999990084092632
190,0.64,0.65,-1,134,2,50.5878968017507,0.00075749098724472,0.999985026464969
191,0.65,0.66,-1,133,2,53.2426258969946,0.000675042059461622,0.999987321558815
192,0.66,0.67,-1,134,2,75.0260314924107,0.000890139486607898,0.999988135732251
193,0.67,0.68,-1,133,2,33.9529237569994,0.000768409894610576,0.999977368885515
194,0.68,0.69,-1,133,2,93.1803666325718,0.000672463670865809,0.999992783256364
195,0.69,0.7,-1,134,2,32.5495199297646,0.000474661419748869,0.99998541746548
196,0.7,0.71,-1,133,2,45.8565842152019,0.000716846710283599,0.999984367882678
197,0.71,0.72,-1,133,2,28.298350286719,0.000648393742795899,0.999977087749637
198,0.72,0.73,-1,134,2,28.1719706017909,0.000710400444809595,0.999974784066708
199,0.73,0.74,-1,133,2,36.9529250811054,0.000824591031709366,0.999977685863031
200,0.74,0.75,-1,133,2,32.3966483705126,0.00082090823866078,0.999974661346799
201,0.75,0.76,-1,133,2,36.0429731559014,0.00082079844229828,0.999977227745688
202,0.76,0.77,-1,134,2,31.7629879041159,0.000485057208962,0.999984729087731
203,0.77,0.78,-1,133,2,37.7965161169215,0.000524001630560792,0.999986136437432
204,0.78,0.79,-1,134,2,33.3103040353179,0.00049626728701803,0.999985101910416
205,0.79,0.8,-1,133,2,34.3725326494856,0.000497206729095567,0.999985534975207
206,0.8,0.81,-1,133,2,33.2276379153943,0.00045935944277962,0.999986175571867
207,0.81,0.82,-1,134,2,36.7076396678457,0.000574519213870103,0.999984349028505
208,0.82,0.83,-1,133,2,33.346317158659,0.000338979030313585,0.999989834692003
209,0.83,0.84,-1,133,2,34.7551302811282,0.000584367660125312,0.999983186429454
210,0.84,0.85,-1,134,2,35.4487019178824,0.000457935398719588,0.999987081911091
211,0.85,0.86,-1,133,2,33.0109076394715,0.000242982012445817,0.999992639395844
212,0.86,0.87,-1,133,2,33.6956431004234,0.000521670970727578,0.999984518387352
213,0.87,0.88,-1,134,2,34.8287995909772,0.00054527605162768,0.999984344349464
214,0.88,0.89,-1,133,2,40.2819316996252,0.000416802185706188,0.999989652981983
215,0.89,0.9,-1,133,2,39.1784474248122,0.000757376081269824,0.999980668926664
216,0.9,0.91,-1,134,2,55.9558423188345,0.000585430718481009,0.999989537739594
217,0.91,0.92,-1,133,2,22.435334188364,0.000732842454540306,0.99996733641179
218,0.92,0.93,-1,133,2,100.023356074498,0.000813824659372381,0.999991863719937
219,0.93,0.94,-1,134,2,20.9040748395827,0.000540544344869179,0.999974142344409
220,0.94,0.95,-1,133,2,77.8803706298308,0.000427573091727974,0.999994509903576
221,0.95,0.96,-1,133,2,12.1176486749572,0.000805276861543811,0.999933549538188
222,0.96,0.97,-1,134,2,87.2052527969415,0.000558277755032944,0.999993598158791
223,0.97,0.98,-1,133,2,25.7008284023451,0.00054567052644538,0.999978768818939
224,0.98,0.99,-1,133,2,126.885758707667,0.000628561118995206,0.999995046268299
225,0.99,1,-1,134,2,36.6122698407849,0.000509327152612935,0.999986088814775
226,1,1.01,-1,133,2,71.7321145333568,0.000730377755131649,0.999989818084644
227,1.01,1.02,-1,133,2,30.6946436538564,0.000762948799090172,0.99997514452866
228,1.02,1.03,-1,134,2,58.1429381439089,0.000357535746978959,0.999993850782918
229,1.03,1.04,-1,133,2,36.4089341785703,0.000314327634645906,0.999991366818939
230,1.04,1.05,-1,133,2,77.3039418754978,0.000338309647845892,0.999995623662143
231,1.05,1.06,-1,134,2,37.9877292559479,0.000259649944387844,0.999993164946293
232,1.06,1.07,-1,133,2,42.9434559383643,0.000754425873029282,0.99998243241949
233,1.07,1.08,-1,133,2,24.2797952720784,0.00101399922245271,0.999958238656252
234,1.08,1.09,-1,134,2,24.4261723706513,0.000445335982024411,0.999981768413975
235,1.09,1.1,-1,133,2,41.9986174894202,0.000758695794549701,0.999981935546109
236,1.1,1.11,-1,133,2,27.3716676007315,0.000503535221013436,0.999981604118339
237,1.11,1.12,-1,134,2,41.4835879709171,0.000704000078116362,0.999983029719331
238,1.12,1.13,-1,133,2,27.8601679760997,0.000875546040252721,0.999968574542459
239,1.13,1.14,-1,133,2,41.4902379115553,0.000796690463512444,0.999980798491261
240,1.14,1.15,-1,134,2,32.3103523604187,0.000504921510016223,0.999984373007946
241,1.15,1.16,-1,133,2,34.0664272045775,0.00047147555342254,0.99998616030306
242,1.16,1.17,-1,133,2,34.8270736418824,0.000790528850408105,0.999977301828027
243,1.17,1.18,-1,134,2,31.1154453764746,0.000491850357908478,0.999984192976277
244,1.18,1.19,-1,133,2,35.7862332275083,0.000339742502997729,0.999990506425321
245,1.19,1.2,-1,133,2,27.2257830058295,0.000446677208316697,0.999983593864684
246,1.2,1.21,-1,134,2,38.3741574404938,0.000586254381645393,0.999984722910821
247,1.21,1.22,-1,133,2,25.75221364871,0.000421587437317358,0.999983629347698
248,1.22,1.23,-1,133,2,31.594038759983,0.000413559361271034,0.999986910380434
249,1.23,1.24,-1,134,2,28.6231207129968,0.000596862377255849,0.999979147978396
250,1.24,1.25,-1,211,2,118.673994074351,0.000906015181510958,0.999992365570303
1,0,0.01,1,212,4,5.26298813524267,0.0180130283481442,0.99658908835841
2,0.01,0.02,1,133,4,1.17709361704655,0.00113709240145462,0.999034915324871
3,0.02,0.03,1,134,4,0.640528137151963,0.000945947595444387,0.998525353372901
4,0.03,0.04,1,133,4,1.5846724353875,0.000555324960810316,0.999649687587676
5,0.04,0.05,1,133,4,0.28488773419159,0.000606650319283877,0.997875088435371
6,0.05,0.06,1,133,4,1.80941123316038,0.000241776558009121,0.999866396178322
7,0.06,0.07,1,134,4,0.720218882410025,0.000531232880233049,0.999262944439462
8,0.07,0.08,1,133,4,1.41028938582537,0.000438271821614941,0.999689329248463
9,0.08,0.09,1,134,4,1.35419486116828,0.000536774143017355,0.999603778247273
10,0.09,0.1,1,133,4,0.686518609071208,0.000281868933493114,0.99958959123862
11,0.1,0.11,1,133,4,1.86924972436239,0.000341897644824098,0.999817127098346
12,0.11,0.12,1,134,4,0.294250441719666,0.00030675461916418,0.998958590647328
13,0.12,0.13,1,133,4,1.96396651873335,0.000500891097714084,0.99974502448083
14,0.13,0.14,1,133,4,0.325670745029787,0.000471387495208655,0.998554656242788
15,0.14,0.15,1,134,4,1.79460534980087,0.000391438170490545,0.999781928205603
16,0.15,0.16,1,133,4,0.823274818916305,0.00035028988936647,0.999574697413154
17,0.16,0.17,1,133,4,1.20962825438092,0.000388523848981854,0.999678910362259
18,0.17,0.18,1,134,4,1.09972266135494,0.00040147434701325,0.999635064504101
19,0.18,0.19,1,133,4,0.451957589189196,0.00043672951871508,0.999034626429522
20,0.19,0.2,1,133,4,2.33187825704928,0.000343920579962871,0.999852535241598
21,0.2,0.21,1,134,4,0.376307216270539,0.000274115462025327,0.999272094926309
22,0.21,0.22,1,133,4,3.79967373874949,0.000342971385893802,0.999909744769022
23,0.22,0.23,1,133,4,0.303141394746145,0.000650134496893489,0.997859932110308
24,0.23,0.24,1,133,4,2.76945870674801,0.000333924484654246,0.999879440619168
25,0.24,0.25,1,134,4,0.312445322058565,0.000305465221947035,0.999023295114288
26,0.25,0.26,1,133,4,2.03404883390834,0.000468428341313139,0.999769759465793
27,0.26,0.27,1,133,4,0.489065335150909,0.00047027283270755,0.999039349078927
28,0.27,0.28,1,134,4,3.45163811896319,0.000387747171023517,0.999887675473458
29,0.28,0.29,1,133,4,0.406992528812568,0.000256128298729832,0.99937107638231
30,0.29,0.3,1,134,4,2.02449852040754,0.000451522243321299,0.999777020551712
31,0.3,0.31,1,133,4,0.712394530292292,0.000276894149413419,0.999611470111026
32,0.31,0.32,1,133,4,1.07102891227535,0.000318506894209912,0.99970270438094
33,0.32,0.33,1,134,4,0.938752185471701,0.000278457768316767,0.999703462533069
34,0.33,0.34,1,133,4,2.32870065625503,0.000432268906147945,0.999814407798937
35,0.34,0.35,1,133,4,0.420644345413507,0.00032772682554253,0.999221499840121
36,0.35,0.36,1,134,4,1.71028775462255,0.000468226826322365,0.999726304141912
37,0.36,0.37,1,133,4,0.748098945167762,0.000439502117564835,0.999412852981489
38,0.37,0.38,1,133,4,1.06084682714806,0.000415096941581792,0.999608864756042
39,0.38,0.39,1,134,4,0.511766324236768,0.0002870399292317,0.999439433564314
40,0.39,0.4,1,133,4,1.43749053910995,0.000421038898155674,0.999707187211929
41,0.4,0.41,1,133,4,0.450251387709936,0.000444258864897019,0.999014281881191
42,0.41,0.42,1,134,4,1.36968154542335,0.000368923989404112,0.99973072233641
43,0.42,0.43,1,133,4,0.523295339116582,0.000357010698048495,0.999318229550245
44,0.43,0.44,1,133,4,1.31603988846914,0.000262320442845091,0.999800714120915
45,0.44,0.45,1,134,4,0.840586856650867,0.000203272376825302,0.999758236485173
46,0.45,0.46,1,133,4,0.85944333444986,0.000194131520077838,0.999774170475622
47,0.46,0.47,1,133,4,1.15541798994616,0.000258369832651458,0.999776434093797
48,0.47,0.48,1,134,4,0.556217776601371,0.0002430120639078,0.999563289869012
49,0.48,0.49,1,133,4,1.30935793122178,0.000255661441761612,0.999804781010831
50,0.49,0.5,1,133,4,0.425672414526551,0.000157837545356955,0.999629341634163
51,0.5,0.51,1,134,4,1.41685984828514,0.000336379077336516,0.999762644670624
52,0.51,0.52,1,133,4,0.608442076652234,0.000277464822226631,0.999544182824237
53,0.52,0.53,1,133,4,1.10391155603189,0.000275378041511659,0.999750605596739
54,0.53,0.54,1,134,4,0.641695771355054,0.000263219524018521,0.999589974550153
55,0.54,0.55,1,133,4,0.765573869810304,0.00026191558537241,0.999658000330662
56,0.55,0.56,1,133,4,1.80256573366374,0.000286196997347023,0.99984125318753
57,0.56,0.57,1,134,4,0.400136345269906,0.00025808707653209,0.999355417918727
58,0.57,0.58,1,133,4,4.16631207953585,0.000259768058481514,0.999937654247189
59,0.58,0.59,1,133,4,0.868506139829212,0.000435345670411163,0.999498993110956
60,0.59,0.6,1,134,4,4.18270328672318,0.000321900625930059,0.99992304597474
61,0.6,0.61,1,133,4,2.34631076024972,0.000303349375054912,0.999870728905187
62,0.61,0.62,1,133,4,2.26111974017197,0.000296863796610885,0.999868726622025
63,0.62,0.63,1,134,4,1.75092794744982,0.000264024855829634,0.999849231346417
64,0.63,0.64,1,133,4,2.65658697377257,0.000311589317499678,0.999882724420936
65,0.64,0.65,1,133,4,3.0122851612393,0.000296319502422849,0.999901639340108
66,0.65,0.66,1,134,4,2.62521032172775,0.000296755114192382,0.999886972266497
67,0.66,0.67,1,133,4,4.626072009099,0.000550491533741356,0.999881016544214
68,0.67,0.68,1,133,4,0.458726747149293,0.000365491468323402,0.999203882275545
69,0.68,0.69,1,133,4,2.7268606087158,0.000360111301832773,0.999867956671351
70,0.69,0.7,1,134,4,0.982542849958977,0.000270177629980642,0.99972509763058
71,0.7,0.71,1,133,4,1.01596445365626,0.000397011686147368,0.999609379438629
72,0.71,0.72,1,134,4,0.771160156510528,0.000695476074872177,0.999098955756088
73,0.72,0.73,1,133,4,1.58227380609772,0.000474864785378575,0.999699974611185
74,0.73,0.74,1,133,4,0.652683145080074,0.000272480407542548,0.999582696898677
75,0.74,0.75,1,134,4,0.852175148362329,0.000325616905048214,0.999618045029032
76,0.75,0.76,1,133,4,0.96819779096341,0.000289052898643298,0.999701541739596
77,0.76,0.77,1,133,4,0.666685601630949,0.000357758479510032,0.999463665331365
78,0.77,0.78,1,134,4,1.07754261528071,0.000437952690735669,0.99959372858496
79,0.78,0.79,1,133,4,0.571938994150527,0.000188461318208316,0.999670595570258
80,0.79,0.8,1,133,4,1.13292004873241,0.000343748530437213,0.99969667386246
81,0.8,0.81,1,134,4,0.616763174001531,0.000455361269891616,0.999262236559874
82,0.81,0.82,1,133,4,1.03331126188702,0.000287214871430515,0.9997221214254
83,0.82,0.83,1,133,4,0.742485285140218,0.000451456400455029,0.999392335342685
84,0.83,0.84,1,134,4,0.846309980691761,0.000399379633932871,0.999528315555908
85,0.84,0.85,1,133,4,0.93558544226699,0.000303384552505254,0.999675832701694
86,0.85,0.86,1,133,4,0.705339502049467,0.000262105619689864,0.999628535965847
87,0.86,0.87,1,134,4,1.12943782056463,0.00032323978447896,0.99971388659441
88,0.87,0.88,1,133,4,0.65776389762016,0.00027148662682022,0.999587428528436
89,0.88,0.89,1,133,4,1.08811211531802,0.00048387473766101,0.999555505676963
90,0.89,0.9,1,134,4,0.416172385121622,0.000500727449718002,0.998798272711604
91,0.9,0.91,1,133,4,0.85348681806952,0.000467135307604377,0.999452973657705
92,0.91,0.92,1,133,4,1.4308263608042,0.000509795897174835,0.999643832167036
93,0.92,0.93,1,134,4,0.793822196701474,0.000527748520334316,0.999335622135422
94,0.93,0.94,1,133,4,2.89916926790259,0.000310006743509093,0.999893081924668
95,0.94,0.95,1,133,4,0.544355922549095,0.000254108484177376,0.999533412038527
96,0.95,0.96,1,134,4,2.63464676311917,0.000288551672639249,0.999890490035554
97,0.96,0.97,1,133,4,0.620964361503879,0.000565892982333744,0.999089516595131
98,0.97,0.98,1,133,4,4.22712297121518,0.000435853038023204,0.99989690195781
99,0.98,0.99,1,134,4,0.403320840315988,0.000466695484500283,0.998844205323042
100,0.99,1,1,133,4,6.47817993269,0.00032856505148453,0.999949283843403
101,1,1.01,1,133,4,0.843783663615021,0.000526242614259539,0.999376718654635
102,1.01,1.02,1,134,4,5.33024809227627,0.000341870249867449,0.999935866338947
103,1.02,1.03,1,133,4,0.351702441512699,0.000284410654278049,0.999191985005897
104,1.03,1.04,1,133,4,3.22550150828094,0.000353204187005126,0.999890508340118
105,1.04,1.05,1,133,4,0.278689150960749,0.000201380266533965,0.999277923615234
106,1.05,1.06,1,134,4,3.68818826684192,0.000434398840926776,0.999882232778926
107,1.06,1.07,1,133,4,0.294335787472989,0.000580148687605926,0.998032833711333
108,1.07,1.08,1,134,4,2.21838025484709,0.000559775904400038,0.999747728241123
109,1.08,1.09,1,133,4,0.771030939122382,0.000216455689393217,0.999719343376912
110,1.09,1.1,1,133,4,1.05341261417478,0.000276612041914415,0.999737482328725
111,1.1,1.11,1,133,4,0.570152880265852,0.000373280791763867,0.999345725372046
112,1.11,1.12,1,134,4,1.19698376967185,0.000480339414368067,0.999598869468635
113,1.12,1.13,1,133,4,0.5811664445595,0.000434202685395123,0.999253435003121
114,1.13,1.14,1,134,4,1.08961712560365,0.000500279442392701,0.999541077465531
115,1.14,1.15,1,133,4,0.735892215871875,0.000330561065536034,0.9995510040223
116,1.15,1.16,1,133,4,0.943004257863266,0.000219222013248892,0.999767582107607
117,1.16,1.17,1,134,4,0.908828986103021,0.000224260980452058,0.999753302701276
118,1.17,1.18,1,133,4,0.678572365503759,0.00031139644474469,0.999541311101843
119,1.18,1.19,1,133,4,1.11532606041949,0.000465975154486082,0.999582381716637
120,1.19,1.2,1,133,4,0.486104006581476,0.000353298675187021,0.999273731381214
121,1.2,1.21,1,134,4,1.13432139945363,0.000279672119968722,0.999753506208503
122,1.21,1.22,1,133,4,0.555919573388222,0.00032174928354486,0.999421565298314
123,1.22,1.23,1,133,4,1.12435402022877,0.000234857103997417,0.999791161811457
124,1.23,1.24,1,134,4,0.732924055927626,0.000278020500598338,0.99962081326617
125,1.24,1.25,1,211,4,0.752699496256328,0.000586327814916566,0.999221639653661
126,0,0.01,-1,212,4,1.21360297162968,0.000811085964313409,0.999332117444424
127,0.01,0.02,-1,133,4,0.680553388893406,0.000487957487241609,0.999283512682696
128,0.02,0.03,-1,133,4,1.78997173109427,0.000626760971608249,0.99964997123901
129,0.03,0.04,-1,133,4,0.270118124353187,0.00040676426663139,0.998496388747421
130,0.04,0.05,-1,134,4,1.98868356032712,0.000402003658592751,0.999797895240973
131,0.05,0.06,-1,133,4,0.20563684947123,0.000462584550565837,0.997755527312526
132,0.06,0.07,-1,133,4,1.86824288104315,0.000365359077565742,0.999804475293579
133,0.07,0.08,-1,134,4,0.606593366940383,0.00039521813279331,0.999348887042504
134,0.08,0.09,-1,133,4,1.63294652070258,0.000297055429514369,0.99981811933391
135,0.09,0.1,-1,134,4,1.10193364079899,0.000726236228917176,0.99934137784094
136,0.1,0.11,-1,133,4,0.851526140469368,0.000502410762137122,0.999410335767022
137,0.11,0.12,-1,133,4,1.68758283791609,0.000325740351130519,0.999807015406329
138,0.12,0.13,-1,134,4,0.404503090471243,0.000346218406741752,0.999144821544339
139,0.13,0.14,-1,133,4,1.7557725379573,0.000441449602523259,0.999748635641414
140,0.14,0.15,-1,133,4,0.279369874841044,0.000249785170399669,0.999106696680808
141,0.15,0.16,-1,134,4,1.63144416904358,0.000326887977575524,0.999799672891507
142,0.16,0.17,-1,133,4,0.410309803423281,0.00030342269175636,0.999261049882326
143,0.17,0.18,-1,133,4,2.15818662799947,0.000333951413679938,0.999845286898413
144,0.18,0.19,-1,133,4,0.251448499583303,0.000434312866048093,0.998275734410678
145,0.19,0.2,-1,134,4,3.01227565690444,0.000534409733837398,0.999822620835029
146,0.2,0.21,-1,133,4,0.466182112702315,0.000490667481497567,0.998948583456476
147,0.21,0.22,-1,134,4,1.67866609929355,0.000403707635143516,0.999759564710486
148,0.22,0.23,-1,133,4,0.441552985914115,0.000542000865722028,0.998774017163891
149,0.23,0.24,-1,133,4,1.95807310296651,0.000474997089045677,0.999757474892226
150,0.24,0.25,-1,134,4,0.32894130667437,0.000370561058433378,0.998874741256716
151,0.25,0.26,-1,133,4,3.21051029328751,0.00022463594441314,0.999930035973269
152,0.26,0.27,-1,133,4,0.500370991488925,0.000190040692220675,0.999620344613338
153,0.27,0.28,-1,134,4,1.81644679721452,0.000491984494450624,0.999729223406202
154,0.28,0.29,-1,133,4,0.401443769320456,0.000223624023210256,0.99944326070048
155,0.29,0.3,-1,133,4,2.375072229039,0.000428310295313661,0.999819696822534
156,0.3,0.31,-1,134,4,0.329981900151844,0.000309825074251526,0.999061965376095
157,0.31,0.32,-1,133,4,3.12562891856696,0.000205277902094336,0.999934328601841
158,0.32,0.33,-1,133,4,0.521439560677609,0.000321864692477842,0.999383119033283
159,0.33,0.34,-1,133,4,1.79891100600303,0.000509191488005111,0.999717024690111
160,0.34,0.35,-1,134,4,0.568701188964944,0.000239227399552815,0.999579521171863
161,0.35,0.36,-1,133,4,0.654189285309005,0.000228829613278006,0.999650331175039
162,0.36,0.37,-1,134,4,1.08606670584385,0.00021811850753555,0.999799206890637
163,0.37,0.38,-1,133,4,0.662979105217445,0.000401605826292368,0.999394607320342
164,0.38,0.39,-1,133,4,1.40161655875513,0.000279275856478678,0.999800787013141
165,0.39,0.4,-1,134,4,0.422315186190311,0.000228285488174409,0.999459734906642
166,0.4,0.41,-1,133,4,1.54633507305811,0.000306164403431441,0.999802045622465
167,0.41,0.42,-1,133,4,0.379177023752281,0.000180396090707296,0.999524469322936
168,0.42,0.43,-1,134,4,1.41382881938893,0.000402353127159972,0.999715496918058
169,0.43,0.44,-1,133,4,0.593968964288115,0.000260545018479708,0.999561541434077
170,0.44,0.45,-1,133,4,1.29494224643535,0.000378177729306063,0.999708043104817
171,0.45,0.46,-1,133,4,0.827530901418602,0.000356650014680077,0.999569204762093
172,0.46,0.47,-1,134,4,0.767322458105193,0.000183407953257098,0.999761033809163
173,0.47,0.48,-1,133,4,1.25569046798478,0.000343540794474103,0.999726487665085
174,0.48,0.49,-1,133,4,0.486838882483246,0.000343171473464524,0.999295599107813
175,0.49,0.5,-1,134,4,1.20325763897615,0.000528108784910505,0.9995612933731
176,0.5,0.51,-1,133,4,0.480327264734747,0.000232024948472311,0.999517177269375
177,0.51,0.52,-1,134,4,1.2567292317303,0.000346815718072251,0.999724109198663
178,0.52,0.53,-1,133,4,0.778829983372662,0.000302334485089615,0.999611960025069
179,0.53,0.54,-1,133,4,1.18183538860059,0.000424187383031076,0.999641206219304
180,0.54,0.55,-1,134,4,0.867538572462564,0.000175175187334565,0.99979811869086
181,0.55,0.56,-1,133,4,1.24927980619647,0.000305623673074111,0.999755419945073
182,0.56,0.57,-1,133,4,2.81270041023035,0.000368252432053301,0.999869092270323
183,0.57,0.58,-1,134,4,0.64898380761217,0.000283065523645102,0.999564022845832
184,0.58,0.59,-1,133,4,4.63952389818719,0.000302933116504602,0.99993471025374
185,0.59,0.6,-1,133,4,1.37927942858243,0.000454277235088392,0.999670750063456
186,0.6,0.61,-1,133,4,3.60606552548756,0.00039446153162989,0.999890623621765
187,0.61,0.62,-1,134,4,1.3520174994781,0.000385229910123481,0.999715151484279
188,0.62,0.63,-1,133,4,2.7536221538897,0.000375542767578762,0.999863637225247
189,0.63,0.64,-1,133,4,1.28653880999284,0.000177550587385848,0.99986201264488
190,0.64,0.65,-1,134,4,3.95735801786752,0.000263667504296932,0.999933377284324
191,0.65,0.66,-1,133,4,3.37351992925389,0.000434621291205482,0.999871183418539
192,0.66,0.67,-1,134,4,2.13296519756526,0.000313456914710858,0.999853063305137
193,0.67,0.68,-1,133,4,2.84801429871822,0.00024045725862288,0.999915577334465
194,0.68,0.69,-1,133,4,0.677946350427762,0.000323038906606648,0.999523730671491
195,0.69,0.7,-1,134,4,1.23274924944133,0.000402274033661401,0.999673783775957
196,0.7,0.71,-1,133,4,0.727006142407896,0.000282881181230854,0.999611047091245
197,0.71,0.72,-1,133,4,0.51036580011236,0.000574559753525378,0.998875485675713
198,0.72,0.73,-1,134,4,0.929759703315503,0.000488975956449176,0.999474359956273
199,0.73,0.74,-1,133,4,0.684101262635484,0.000260956451293337,0.999618686648656
200,0.74,0.75,-1,133,4,0.914649006062103,0.000313057851815475,0.999657846085469
201,0.75,0.76,-1,133,4,0.69023506042927,0.000329284858671477,0.999523165566079
202,0.76,0.77,-1,134,4,0.95238813531925,0.000223599239062123,0.9997652776772
203,0.77,0.78,-1,133,4,0.782188289426648,0.000337049403564194,0.999569279885469
204,0.78,0.79,-1,134,4,0.86542631543036,0.000310807529721061,0.99964099087185
205,0.79,0.8,-1,133,4,0.7066732855134,0.000210786991138139,0.999701808260595
206,0.8,0.81,-1,133,4,0.963507100386264,0.000359490140211995,0.999627033301346
207,0.81,0.82,-1,134,4,0.74945592317262,0.000311017280561494,0.999585181389335
208,0.82,0.83,-1,133,4,0.816216366522292,0.000292632590044798,0.999641605187006
209,0.83,0.84,-1,133,4,0.791709946524893,0.000267698655307287,0.999661987106661
210,0.84,0.85,-1,134,4,0.818274025657491,0.000312398213387454,0.999618368684995
211,0.85,0.86,-1,133,4,0.739148914414268,0.000278690524487184,0.999623099648125
212,0.86,0.87,-1,133,4,0.844084622778221,0.000326790265133822,0.999612996390046
213,0.87,0.88,-1,134,4,0.849425392368265,0.000260370050210156,0.999693569009007
214,0.88,0.89,-1,133,4,0.933830289126121,0.000232110772111101,0.999751503997874
215,0.89,0.9,-1,133,4,1.998631967096,0.000206990280829978,0.999896444743552
216,0.9,0.91,-1,134,4,0.42765980144298,0.000261979916144237,0.999387785507641
217,0.91,0.92,-1,133,4,3.78014780424669,0.000342070030966274,0.99990951700908
218,0.92,0.93,-1,133,4,0.312952605639963,0.000314255175305553,0.998996845135525
219,0.93,0.94,-1,134,4,3.67416207592817,0.000319438266950161,0.999913065757518
220,0.94,0.95,-1,133,4,0.523146615221592,0.000359495607195374,0.99931329243392
221,0.95,0.96,-1,133,4,5.17229221677617,0.000333760568302218,0.999935475603733
222,0.96,0.97,-1,134,4,0.904880372603312,0.000341502981251769,0.999622741130696
223,0.97,0.98,-1,133,4,6.42210012995591,0.000247971322178657,0.99996138930524
224,0.98,0.99,-1,133,4,0.358544226070008,0.000496160925741932,0.998618091602748
225,0.99,1,-1,134,4,4.22290255513918,0.000368695961936253,0.999912698962483
226,1,1.01,-1,133,4,0.502585058884619,0.000301668394428324,0.999400126553229
227,1.01,1.02,-1,133,4,2.61588448519952,0.000348349375391342,0.999866850774599
228,1.02,1.03,-1,134,4,0.417265237799087,0.000184984967194922,0.999556869401173
229,1.03,1.04,-1,133,4,2.87017010742407,0.000525852579624918,0.999816820524726
230,1.04,1.05,-1,133,4,0.523879419453573,0.000122744002676321,0.999765756687212
231,1.05,1.06,-1,134,4,1.67314629263729,0.000349541350654357,0.999791131030293
232,1.06,1.07,-1,133,4,0.515033812541848,0.000469013747645634,0.999090182005361
233,1.07,1.08,-1,133,4,0.492218140831458,0.000462975831693711,0.999060293126659
234,1.08,1.09,-1,134,4,1.18959050436394,0.00050294626410644,0.999577389268178
235,1.09,1.1,-1,133,4,0.493365673696751,0.000418328884314712,0.999152809969282
236,1.1,1.11,-1,133,4,1.29872973293251,0.000765678295088748,0.999410787996269
237,1.11,1.12,-1,134,4,0.421386700917005,0.000280682194765023,0.999334351657238
238,1.12,1.13,-1,133,4,1.30644419737951,0.00046755347954824,0.999642245561538
239,1.13,1.14,-1,133,4,0.598156799044735,0.000578982758679748,0.999032991218704
240,1.14,1.15,-1,134,4,1.09946384292915,0.000466230595493746,0.999576127058696
241,1.15,1.16,-1,133,4,0.698864361511766,0.000317884906495007,0.999545347571218
242,1.16,1.17,-1,133,4,0.904229525490853,0.000515910235403451,0.999429773044404
243,1.17,1.18,-1,134,4,0.942952507108786,0.000351549487326078,0.999627321132706
244,1.18,1.19,-1,133,4,0.55675581846066,0.000254499351292583,0.999543097599534
245,1.19,1.2,-1,133,4,1.18213303407905,0.000252021354843898,0.999786853399672
246,1.2,1.21,-1,134,4,0.56237725771671,0.00021417334645853,0.999619309263112
247,1.21,1.22,-1,133,4,0.757680254350359,0.000282965449563751,0.999626676542909
248,1.22,1.23,-1,133,4,1.14685647781645,0.000444988688037462,0.999612143189014
249,1.23,1.24,-1,134,4,1.17780058306019,0.000429313674963971,0.999635628262232
250,1.24,1.25,-1,211,4,4.0748938674095,0.000590260340344408,0.999855168043392
1,0,0.01,1,212,6,0.286283254145048,0.0079053640752995,0.973128246350515
2,0.01,0.02,1,133,6,0.244025356462137,0.000556003932891221,0.997726711749443
3,0.02,0.03,1,134,6,0.0264592705802256,0.000501430111007035,0.981401443651274
4,0.03,0.04,1,133,6,0.1213108005399,0.000422049804835069,0.996532983466337
5,0.04,0.05,1,133,6,0.065732309808765,0.000239131605281264,0.996375225398208
6,0.05,0.06,1,133,6,0.0559665461901113,0.00035290065736772,0.993733946671681
7,0.06,0.07,1,134,6,0.0870577081280985,0.000305809074010796,0.996499579185859
8,0.07,0.08,1,133,6,0.0889806462459704,0.00024521672786851,0.997251730387406
9,0.08,0.09,1,134,6,0.0646131682827323,0.000306258302729931,0.995282486016312
10,0.09,0.1,1,133,6,0.119350214352054,0.00037133844631454,0.996898315820043
11,0.1,0.11,1,133,6,0.0366110847358613,0.000212740622500266,0.994222745181145
12,0.11,0.12,1,134,6,0.117022307774979,0.000434615405349221,0.99629978894746
13,0.12,0.13,1,133,6,0.0367538857306461,0.000381291859594109,0.989732327018834
14,0.13,0.14,1,133,6,0.115162354941161,0.000243075378773212,0.997893726680804
15,0.14,0.15,1,134,6,0.0547540932406211,0.000399549415942277,0.992755702131403
16,0.15,0.16,1,133,6,0.0867598266181294,0.00030970547448017,0.996443009775787
17,0.16,0.17,1,133,6,0.0753821821094516,0.000399413764866651,0.994729409426412
18,0.17,0.18,1,134,6,0.0468535796314544,0.000165702406566607,0.996475862680493
19,0.18,0.19,1,133,6,0.074471130604997,0.000296557851459278,0.996033609469791
20,0.19,0.2,1,133,6,0.0397329329416086,0.000276660543706008,0.993085144846384
21,0.2,0.21,1,134,6,0.130987610279911,0.000286139988863202,0.997820280229084
22,0.21,0.22,1,133,6,0.0784630895226768,0.000269822530535967,0.996572938514536
23,0.22,0.23,1,133,6,0.145137019364704,0.00015241429404222,0.998950960918464
24,0.23,0.24,1,133,6,0.0364764376035412,0.000337346488717362,0.990836408235786
25,0.24,0.25,1,134,6,0.159374689031916,0.000603869513475521,0.996225309697961
26,0.25,0.26,1,133,6,0.0816771064875786,0.000289016125342342,0.996473956359907
27,0.26,0.27,1,133,6,0.100579424289557,0.00022449319682852,0.997772971503227
28,0.27,0.28,1,134,6,0.105998308271182,0.000256566656835943,0.997585365781949
29,0.28,0.29,1,133,6,0.128895161097532,0.000364237466362242,0.997182120059284
30,0.29,0.3,1,134,6,0.0336198777907563,0.000296232307702006,0.991265734577402
31,0.3,0.31,1,133,6,0.127379955839057,0.000242822354861306,0.998097343136565
32,0.31,0.32,1,133,6,0.0845953129420494,0.000247458694167732,0.997083326140867
33,0.32,0.33,1,134,6,0.0764724490309704,0.000185036662581415,0.997586189255918
34,0.33,0.34,1,133,6,0.120615964770579,0.000378622738844728,0.996870746480166
35,0.34,0.35,1,133,6,0.106288030331634,0.000269546018683602,0.997470419017438
36,0.35,0.36,1,134,6,0.0416381456624387,0.00017824949140975,0.995737330041149
37,0.36,0.37,1,133,6,0.149316367720165,0.000164877551467797,0.998897001753175
38,0.37,0.38,1,133,6,0.0646727231186449,0.000197973767436779,0.996948178808924
39,0.38,0.39,1,134,6,0.0656624771703202,0.000163122039388582,0.997521905742644
40,0.39,0.4,1,133,6,0.0567076195921854,0.000133561383946523,0.997650270778107
41,0.4,0.41,1,133,6,0.0890868060253291,0.000319330310933256,0.996428317741724
42,0.41,0.42,1,134,6,0.0470942926876131,0.000225454889824159,0.99523550100399
43,0.42,0.43,1,133,6,0.0852760102286513,0.000256744826969802,0.996998286483315
44,0.43,0.44,1,133,6,0.0554540046333453,0.000242754384008056,0.995641498925774
45,0.44,0.45,1,134,6,0.0776174554663172,0.000302231863280402,0.996121238757004
46,0.45,0.46,1,133,6,0.0803815583758637,0.00019994186265767,0.997518762221281
47,0.46,0.47,1,133,6,0.0539256668992342,0.000289945508317565,0.99465199237928
48,0.47,0.48,1,134,6,0.0863332834569844,0.000166116466197558,0.998079565102821
49,0.48,0.49,1,133,6,0.0441715821803807,0.000182976389997302,0.995874688061499
50,0.49,0.5,1,133,6,0.088731130971424,0.000300215089998791,0.996627984375394
51,0.5,0.51,1,134,6,0.0430071215485712,0.000248859815940868,0.994246811467673
52,0.51,0.52,1,133,6,0.0905947522273432,0.000138210913968676,0.998476728752334
53,0.52,0.53,1,133,6,0.0563585857788282,0.000159512445359795,0.997177674932956
54,0.53,0.54,1,134,6,0.0547051946554883,0.000268215756587684,0.995120991137767
55,0.54,0.55,1,133,6,0.0673423141170878,0.00020734102053278,0.996930539169884
56,0.55,0.56,1,133,6,0.0889624981412128,0.000239492338587089,0.997315168223277
57,0.56,0.57,1,134,6,0.091601477124347,0.000397577596444152,0.99567845998363
58,0.57,0.58,1,133,6,0.108128182564538,0.0003192397516417,0.997056271649215
59,0.58,0.59,1,133,6,0.150499941360834,0.000284793472377897,0.998111257928776
60,0.59,0.6,1,134,6,0.0385328147661593,0.000217955916424323,0.994375443053516
61,0.6,0.61,1,133,6,0.154012158465965,0.000519408171157487,0.996638821553028
62,0.61,0.62,1,133,6,0.181102930269202,0.000338403872644722,0.998134913005103
63,0.62,0.63,1,134,6,0.045166905132964,0.000365240216495201,0.991978409677559
64,0.63,0.64,1,133,6,0.209661519028433,0.000301789978176244,0.998562653734102
65,0.64,0.65,1,133,6,0.063663887183046,0.000349532843388163,0.99453969428217
66,0.65,0.66,1,134,6,0.135947624715569,0.000345205228627331,0.9974671798306
67,0.66,0.67,1,133,6,0.0670029129046191,0.000229316649660498,0.996589185704821
68,0.67,0.68,1,133,6,0.26620452125104,0.00016591324952816,0.999377133390051
69,0.68,0.69,1,133,6,0.03431927632499,0.000240008137819936,0.993055176299202
70,0.69,0.7,1,134,6,0.231258828837169,0.000219554299758224,0.999051512729686
71,0.7,0.71,1,133,6,0.0664887250116914,0.00022828926392763,0.996578245198675
72,0.71,0.72,1,134,6,0.0734902855359,0.0002147625849422,0.99708618893254
73,0.72,0.73,1,133,6,0.0645039824139352,0.000132842596929875,0.997944784619177
74,0.73,0.74,1,133,6,0.103411510398074,0.000210022499477522,0.997973177064605
75,0.74,0.75,1,134,6,0.0455828728022588,0.000168281422874916,0.996321810329706
76,0.75,0.76,1,133,6,0.068035907304811,0.000321389434202744,0.995298388767043
77,0.76,0.77,1,133,6,0.0735932448838496,0.00023804303763974,0.996775851480569
78,0.77,0.78,1,134,6,0.0580869342188219,0.000249422960926021,0.995724399448572
79,0.78,0.79,1,133,6,0.0770015215337511,0.000214244105664676,0.997225383911038
80,0.79,0.8,1,133,6,0.064659505634785,0.000240390120554775,0.996295986029608
81,0.8,0.81,1,134,6,0.0708404930052424,0.000221158936884974,0.996887787845615
82,0.81,0.82,1,133,6,0.0631028505998597,0.000223704975467827,0.996467438131832
83,0.82,0.83,1,133,6,0.0623393003649014,0.000158033165050249,0.997471361478574
84,0.83,0.84,1,134,6,0.0658236907195891,0.000209657568699131,0.996824974438918
85,0.84,0.85,1,133,6,0.0602974893854827,0.000260267067349406,0.995702167936949
86,0.85,0.86,1,133,6,0.0681077588752068,0.000175572252313356,0.99742876849424
87,0.86,0.87,1,134,6,0.0557276728332583,0.00022351288480259,0.996005216298205
88,0.87,0.88,1,133,6,0.0811596142299817,0.000200893563335672,0.997530822154576
89,0.88,0.89,1,133,6,0.0577442728690786,0.000178890689201909,0.996911586346248
90,0.89,0.9,1,134,6,0.0588400636934509,0.000264680359952884,0.995521842380136
91,0.9,0.91,1,133,6,0.0482901476796542,0.000237193075640815,0.995112176518452
92,0.91,0.92,1,133,6,0.0815079227979916,0.000164687094656873,0.997983570074798
93,0.92,0.93,1,134,6,0.094940806647087,0.000322559660654858,0.99661402201962
94,0.93,0.94,1,133,6,0.0833034267901396,0.000259739486111476,0.996891698846681
95,0.94,0.95,1,133,6,0.12743070114176,0.000308738362708314,0.997583061551656
96,0.95,0.96,1,134,6,0.0291729957981166,0.000231977547754658,0.99211094174356
97,0.96,0.97,1,133,6,0.139347170179547,0.00034749039179442,0.997512500546741
98,0.97,0.98,1,133,6,0.0387669816541344,0.000405293841922308,0.989653553775218
99,0.98,0.99,1,134,6,0.177959253943825,0.000252415987111257,0.998583616958367
100,0.99,1,1,133,6,0.0548395681962323,0.000387278470272172,0.992987496233294
101,1,1.01,1,133,6,0.221354066609691,0.0004759293049896,0.997854531335913
102,1.01,1.02,1,134,6,0.0420605675642617,0.000228052659969317,0.99460723337011
103,1.02,1.03,1,133,6,0.262244267412357,0.000313581776897868,0.998805665959459
104,1.03,1.04,1,133,6,0.0997128640170977,0.000325269626534049,0.996748543633443
105,1.04,1.05,1,133,6,0.129600910961888,0.000256736677816922,0.998022937559063
106,1.05,1.06,1,134,6,0.112639013163354,0.000230629833279685,0.997956670835872
107,1.06,1.07,1,133,6,0.105470004340363,0.000208457668346241,0.998027434688356
108,1.07,1.08,1,134,6,0.0568939519231202,0.00028660263490592,0.994987760487438
109,1.08,1.09,1,133,6,0.146418472469632,0.000163488194465573,0.998884663612597
110,1.09,1.1,1,133,6,0.0698632675601472,0.000205523067557393,0.997066838663601
111,1.1,1.11,1,133,6,0.0635945323537434,0.000252290709719349,0.996048500181934
112,1.11,1.12,1,134,6,0.0621752983780327,0.000161821038233861,0.997404098236345
113,1.12,1.13,1,133,6,0.0749998394285058,0.000251416237502617,0.996658976182158
114,1.13,1.14,1,134,6,0.0685513970663542,0.00024029416344447,0.996506930427953
115,1.14,1.15,1,133,6,0.0680633177172066,0.00018396932651358,0.99730437158043
116,1.15,1.16,1,133,6,0.0766323677302643,0.000165604331612212,0.997843636659067
117,1.16,1.17,1,134,6,0.0558446642146868,0.000115847975946532,0.99792982638272
118,1.17,1.18,1,133,6,0.0753822386207754,0.000202767791455806,0.997317354312971
119,1.18,1.19,1,133,6,0.0521648593162129,0.000175524363048232,0.996646483065087
120,1.19,1.2,1,133,6,0.077197610833537,0.000230654949729984,0.9970210497756
121,1.2,1.21,1,134,6,0.0475649462727074,0.000178584756392185,0.996259498354168
122,1.21,1.22,1,133,6,0.0795506096762781,0.000185868326362947,0.997668967441015
123,1.22,1.23,1,133,6,0.0594718029318192,0.000219150551913723,0.996328580142828
124,1.23,1.24,1,134,6,0.0682022888900928,0.00024080717050701,0.996481644104852
125,1.24,1.25,1,211,6,0.0620496192938437,0.000280205530339384,0.995504471075769
126,0,0.01,-1,212,6,0.0566842305303602,0.000430633781745082,0.992460215270899
127,0.01,0.02,-1,133,6,0.0877956286467789,0.000397118394747946,0.9954971535861
128,0.02,0.03,-1,133,6,0.0479423018571932,0.00051484445482459,0.989375262597812
129,0.03,0.04,-1,133,6,0.0969183516586254,0.000314613528669512,0.996764332671913
130,0.04,0.05,-1,134,6,0.0367480646244047,0.000247721843898482,0.993304052500391
131,0.05,0.06,-1,133,6,0.105786001671216,0.000203016754828401,0.998084549155722
132,0.06,0.07,-1,133,6,0.0330612160115581,0.000299757149183196,0.99101473605884
133,0.07,0.08,-1,134,6,0.115442183823094,0.000265815696290886,0.997702702514995
134,0.08,0.09,-1,133,6,0.0522087927119333,0.000211527952918709,0.995964771862593
135,0.09,0.1,-1,134,6,0.0831165429464559,0.00033883258127568,0.995939954986326
136,0.1,0.11,-1,133,6,0.0843933976916427,0.000176565739077277,0.997912193266798
137,0.11,0.12,-1,133,6,0.0582912917949297,0.000308063947149694,0.994742878257815
138,0.12,0.13,-1,134,6,0.0865902595210725,0.000239185344705539,0.99724534292399
139,0.13,0.14,-1,133,6,0.0462220937144988,0.000206143856197868,0.995559946554422
140,0.14,0.15,-1,133,6,0.0784632681379604,0.000238449620372851,0.996970210725196
141,0.15,0.16,-1,134,6,0.0567283270111928,0.000264177219592747,0.995364702373439
142,0.16,0.17,-1,133,6,0.137413245806053,0.000314906293403149,0.997713566263666
143,0.17,0.18,-1,133,6,0.0432641507763214,0.000286148507448798,0.993429470930055
144,0.18,0.19,-1,133,6,0.107328556639818,0.000279052842190962,0.99740675549309
145,0.19,0.2,-1,134,6,0.0937172560108994,0.00032396889706788,0.996555033206076
146,0.2,0.21,-1,133,6,0.0786986674973458,0.000298815063940404,0.996217410299011
147,0.21,0.22,-1,134,6,0.0892688391680189,0.000271888747180081,0.996963518685736
148,0.22,0.23,-1,133,6,0.103032089626656,0.000375935740794345,0.996364539991374
149,0.23,0.24,-1,133,6,0.0419842716416284,0.000287880590632516,0.993189828872427
150,0.24,0.25,-1,134,6,0.118098021887558,0.000375297762698528,0.996832217044256
151,0.25,0.26,-1,133,6,0.10774419278783,0.000323553879753557,0.99700600882566
152,0.26,0.27,-1,133,6,0.0790763692461606,0.000215776909591792,0.997278710186909
153,0.27,0.28,-1,134,6,0.0914717694822575,0.000258263133597556,0.997184530232545
154,0.28,0.29,-1,133,6,0.121977809096239,0.000276099648200108,0.997741588379172
155,0.29,0.3,-1,133,6,0.0415671466655696,0.00033290252183459,0.992054841741459
156,0.3,0.31,-1,134,6,0.130362301165787,0.000166171282707509,0.998726934594496
157,0.31,0.32,-1,133,6,0.080538581055362,0.000233992321251759,0.997103072101458
158,0.32,0.33,-1,133,6,0.105013374318825,0.000207075098802949,0.998031988078847
159,0.33,0.34,-1,133,6,0.0700213744123949,0.000206922921190239,0.99705356773485
160,0.34,0.35,-1,134,6,0.0515069618282475,0.000218436867040733,0.995776990172129
161,0.35,0.36,-1,133,6,0.0619317961259536,0.000294675471479904,0.995264467614583
162,0.36,0.37,-1,134,6,0.0642071494959638,0.000226528806736278,0.996484310492533
163,0.37,0.38,-1,133,6,0.0897713620551547,0.000374752062471158,0.995842837307638
164,0.38,0.39,-1,133,6,0.0502726044912509,0.000297621393396917,0.994114691239944
165,0.39,0.4,-1,134,6,0.0882970429668277,0.000285836462078072,0.996773231306988
166,0.4,0.41,-1,133,6,0.0446252925462552,0.000154020929531985,0.996560444598704
167,0.41,0.42,-1,133,6,0.0937089024584697,0.000184738476832748,0.99803247083623
168,0.42,0.43,-1,134,6,0.044887355358063,0.000238573106485424,0.994713170130719
169,0.43,0.44,-1,133,6,0.0947947318553679,0.000282231564934073,0.997031546288595
170,0.44,0.45,-1,133,6,0.0623611105802553,0.000222121988351856,0.996450774764497
171,0.45,0.46,-1,133,6,0.0582960296358305,0.00018553207824008,0.996827511564291
172,0.46,0.47,-1,134,6,0.0714340380232115,0.000218297757880724,0.996953375552925
173,0.47,0.48,-1,133,6,0.0429615494938673,0.000251505844755473,0.994179864330706
174,0.48,0.49,-1,133,6,0.0728023392093427,0.000228621771849054,0.996869522613732
175,0.49,0.5,-1,134,6,0.0551781350226424,0.000166639509425156,0.996989065167686
176,0.5,0.51,-1,133,6,0.074373650974761,0.000228013996787794,0.996943580322574
177,0.51,0.52,-1,134,6,0.0691727140411808,0.000259442378615012,0.996263368560147
178,0.52,0.53,-1,133,6,0.104274055131419,0.000305594248836963,0.997077880346244
179,0.53,0.54,-1,133,6,0.0522993378188035,0.000177421703466115,0.996619042313563
180,0.54,0.55,-1,134,6,0.0954894450218975,0.000226525426092713,0.997633358100717
181,0.55,0.56,-1,133,6,0.228910735111565,0.000201676999069335,0.999119746515645
182,0.56,0.57,-1,133,6,0.056993774981766,0.000325571482677457,0.994320041962108
183,0.57,0.58,-1,134,6,0.29703782294226,0.000432290501487319,0.998546776694698
184,0.58,0.59,-1,133,6,0.0368853379640474,0.000344391427127713,0.990749558679055
185,0.59,0.6,-1,133,6,0.154828798780715,0.000423994335952845,0.997269006711949
186,0.6,0.61,-1,133,6,0.0393692156241422,0.000442562255349003,0.988883634971324
187,0.61,0.62,-1,134,6,0.234173381878946,0.000366584062859382,0.998437008117626
188,0.62,0.63,-1,133,6,0.0319818595202105,0.000251104458121492,0.992209700035954
189,0.63,0.64,-1,133,6,0.247676205867007,0.000329893109388912,0.99866981856192
190,0.64,0.65,-1,134,6,0.10004183518654,0.000365926682124827,0.996355593678072
191,0.65,0.66,-1,133,6,0.0943721824214227,0.000257832674300783,0.997275360528687
192,0.66,0.67,-1,134,6,0.108004673832019,0.000506432163542002,0.9953329001774
193,0.67,0.68,-1,133,6,0.112367825507653,0.00042920622987092,0.996194880102256
194,0.68,0.69,-1,133,6,0.0681880387619301,0.000415173468220689,0.993948192005531
195,0.69,0.7,-1,134,6,0.0816419354330558,0.00018844312424179,0.997697149548076
196,0.7,0.71,-1,133,6,0.0471280688735399,0.000112725196418116,0.997613816646452
197,0.71,0.72,-1,133,6,0.0516607782955403,0.000172115080387856,0.996679423640514
198,0.72,0.73,-1,134,6,0.0600987779835742,0.000113771849265155,0.998110496074639
199,0.73,0.74,-1,133,6,0.0568042914781848,0.000164544054071197,0.99711168303628
200,0.74,0.75,-1,133,6,0.058622215498821,0.000186788318851215,0.996823814267789
201,0.75,0.76,-1,133,6,0.0629159382240617,0.000153924615355308,0.997559458536525
202,0.76,0.77,-1,134,6,0.0683432111879942,0.00029513732971907,0.995700110272279
203,0.77,0.78,-1,133,6,0.0714413151782676,0.000207144860418174,0.997108872119424
204,0.78,0.79,-1,134,6,0.0585953151551997,0.000270481906655386,0.995405109245847
205,0.79,0.8,-1,133,6,0.0705457516979677,0.000214803357009905,0.996964363029049
206,0.8,0.81,-1,133,6,0.0595701384897676,0.000235957640274819,0.996054622261889
207,0.81,0.82,-1,134,6,0.0602434470047335,0.000169732249943913,0.997190476448386
208,0.82,0.83,-1,133,6,0.0631183752144213,0.000180005340014713,0.997156240990085
209,0.83,0.84,-1,133,6,0.0616329963192156,0.000164706430541392,0.997334748328617
210,0.84,0.85,-1,134,6,0.0587904038961607,0.00022386798456562,0.996206545002909
211,0.85,0.86,-1,133,6,0.0723115016114639,0.000212409917010773,0.99707117400959
212,0.86,0.87,-1,133,6,0.0524230077208409,0.000160836650809171,0.99694132955224
213,0.87,0.88,-1,134,6,0.0874848209790831,0.000202923432634984,0.997685840433046
214,0.88,0.89,-1,133,6,0.117343596171828,0.000484561880358105,0.995887554483
215,0.89,0.9,-1,133,6,0.0729459533033803,0.000265607280799617,0.996372058201188
216,0.9,0.91,-1,134,6,0.12206936062419,0.000179648861760158,0.998530467751718
217,0.91,0.92,-1,133,6,0.114886867779141,0.000310144711884667,0.997307701778214
218,0.92,0.93,-1,133,6,0.142452762696027,0.000333960027661989,0.997661126880065
219,0.93,0.94,-1,134,6,0.1098403432361,0.000245909014477596,0.997766215040931
220,0.94,0.95,-1,133,6,0.256710820698517,0.000169306546901511,0.999340912242932
221,0.95,0.96,-1,133,6,0.0451681035483312,0.000193851133015843,0.995726570109741
222,0.96,0.97,-1,134,6,0.222241855135989,0.000319521332060232,0.998564345093785
223,0.97,0.98,-1,133,6,0.0513457516661294,0.000315811115310156,0.993886922920891
224,0.98,0.99,-1,133,6,0.174738580805456,0.000275377466708932,0.998426539977567
225,0.99,1,-1,134,6,0.0431846262476652,0.000374942927238444,0.991392409650955
226,1,1.01,-1,133,6,0.115157000058656,0.000238045649526752,0.997937124180108
227,1.01,1.02,-1,133,6,0.0362032949960014,0.000194596369097106,0.994653636191582
228,1.02,1.03,-1,134,6,0.11540869899567,0.000189960036470951,0.998356728027285
229,1.03,1.04,-1,133,6,0.0748548659391115,0.000237442624737365,0.996837990078099
230,1.04,1.05,-1,133,6,0.100105297587567,0.000194041661160846,0.998065374481883
231,1.05,1.06,-1,134,6,0.0647154089144161,0.000274624501520534,0.995774359742779
232,1.06,1.07,-1,133,6,0.0373065745524964,0.00025976562192584,0.993085149612133
233,1.07,1.08,-1,133,6,0.0674009556703236,0.000251283235572941,0.996285662682613
234,1.08,1.09,-1,134,6,0.0590948910919308,0.000255232226956471,0.995699550183154
235,1.09,1.1,-1,133,6,0.0792624362301301,0.000178045788003171,0.997758752420932
236,1.1,1.11,-1,133,6,0.0506652042325693,0.000312029484133883,0.993879042439456
237,1.11,1.12,-1,134,6,0.0792571769068691,0.000185186524378854,0.997668919750366
238,1.12,1.13,-1,133,6,0.0504355589380941,0.000237654740973673,0.995310051924497
239,1.13,1.14,-1,133,6,0.085287098603574,0.000425810500391816,0.995032131042533
240,1.14,1.15,-1,134,6,0.0466318388564603,0.00018851388004655,0.995973676637862
241,1.15,1.16,-1,133,6,0.0696973430202154,0.000336232404820115,0.995198982733931
242,1.16,1.17,-1,133,6,0.0601063139246565,0.000239018399819267,0.996039156789558
243,1.17,1.18,-1,134,6,0.0503048870346443,0.000224580353758649,0.995555457728609
244,1.18,1.19,-1,133,6,0.0705660313395202,0.00016055879307795,0.997729866620504
245,1.19,1.2,-1,133,6,0.0598073959733559,0.000208133596073215,0.996532004340103
246,1.2,1.21,-1,134,6,0.0458567916753482,0.00014497297371253,0.996848534511263
247,1.21,1.22,-1,133,6,0.134061777417064,0.000200791294160815,0.998504487914329
248,1.22,1.23,-1,133,6,0.0201430614973406,0.00016947362359954,0.991656697571696
249,1.23,1.24,-1,134,6,0.248978128069533,0.000303732489345941,0.998781570032152
250,1.24,1.25,-1,211,6,0.0936537594388869,0.000296706386830594,0.996841884878134
1,0,0.01,1,212,8,0.036020169749061,0.000274278307941451,0.992442967929677
2,0.01,0.02,1,133,8,0.0388159714052174,0.000301998297400475,0.992279806449662
3,0.02,0.03,1,134,8,0.00901482037905465,0.00016373623017513,0.982161004486209
4,0.03,0.04,1,133,8,0.00904803019168043,0.000100631441381952,0.98900041935989
5,0.04,0.05,1,133,8,0.0150570588931547,0.000163343588603235,0.989268116345871
6,0.05,0.06,1,133,8,0.00955013000147177,0.000231589291052413,0.976324275505492
7,0.06,0.07,1,134,8,0.00942575231292399,0.000162714994560664,0.983030135125595
8,0.07,0.08,1,133,8,0.0151337611536289,0.000155408135046996,0.989835410144742
9,0.08,0.09,1,134,8,0.0077955110728892,0.000173956572683942,0.978172121348586
10,0.09,0.1,1,133,8,0.0104925427003089,0.000193867711657896,0.981858481549539
11,0.1,0.11,1,133,8,0.00746305926469308,0.000163136445507806,0.978608410837189
12,0.11,0.12,1,134,8,0.0110620816603129,0.000200912953470432,0.982161675437138
13,0.12,0.13,1,133,8,0.00954162721930871,0.000125075103579198,0.98706124390703
14,0.13,0.14,1,133,8,0.00897682535402675,0.000205137201285589,0.977658675903998
15,0.14,0.15,1,134,8,0.0112691334718158,0.000220432731457805,0.980814529673453
16,0.15,0.16,1,133,8,0.00925579196955507,0.000173158993353262,0.981635391462482
17,0.16,0.17,1,133,8,0.011694979124669,0.00020365347551934,0.982884295837816
18,0.17,0.18,1,134,8,0.00522084924046524,0.000223784690536423,0.958898119988895
19,0.18,0.19,1,133,8,0.00909874767742581,0.000212919630081122,0.977134102513578
20,0.19,0.2,1,133,8,0.00867981728923916,0.000115297566302709,0.986890726477544
21,0.2,0.21,1,134,8,0.0181110178858635,0.000220347451260293,0.987979757797197
22,0.21,0.22,1,133,8,0.0114132471645362,0.000188609355267645,0.983743174642291
23,0.22,0.23,1,133,8,0.0172779601166383,0.000196035775681054,0.988781285237269
24,0.23,0.24,1,133,8,0.00791825597871967,0.000131779314043561,0.983629970645964
25,0.24,0.25,1,134,8,0.0137007241622899,7.70331717475683e-05,0.994408874399518
26,0.25,0.26,1,133,8,0.00849832109113796,0.000161114097266304,0.981394387305762
27,0.26,0.27,1,133,8,0.0144292608378117,0.000158033835709914,0.989166336922173
28,0.27,0.28,1,134,8,0.0133663052336621,0.000166221461193141,0.987716893900063
29,0.28,0.29,1,133,8,0.018018232694997,0.000144654712102038,0.992035698462487
30,0.29,0.3,1,134,8,0.00627879051885612,0.000144768058799282,0.977462950318089
31,0.3,0.31,1,133,8,0.0111306641973294,0.000137637184391327,0.987785454104502
32,0.31,0.32,1,133,8,0.0118998752722791,0.000131506854497415,0.989069680182068
33,0.32,0.33,1,134,8,0.0148180984343343,0.000211266326032853,0.985943096770798
34,0.33,0.34,1,133,8,0.0147887889813254,0.000301780173896553,0.980002068126627
35,0.34,0.35,1,133,8,0.0220966526567799,0.000179828113548246,0.991927445120157
36,0.35,0.36,1,134,8,0.00802654437668214,0.000141577536821486,0.982667063699499
37,0.36,0.37,1,133,8,0.0149905633438176,0.000220419128314673,0.985509211602965
38,0.37,0.38,1,133,8,0.0129131573287509,0.000236019070091626,0.982050657552027
39,0.38,0.39,1,134,8,0.00899779261203187,8.51843840976521e-05,0.990621534752983
40,0.39,0.4,1,133,8,0.00865989755513092,0.00015081387279097,0.982882894982461
41,0.4,0.41,1,133,8,0.0106249019258435,0.000116753764074635,0.989130747861876
42,0.41,0.42,1,134,8,0.00914094055873667,0.000132793235906387,0.985680715141608
43,0.42,0.43,1,133,8,0.00932336174006437,0.000155151706201515,0.983631219485938
44,0.43,0.44,1,133,8,0.0102585047002916,0.000218666861151933,0.979129208692484
45,0.44,0.45,1,134,8,0.00906754018606707,0.000180699351330266,0.980461216364523
46,0.45,0.46,1,133,8,0.0114698483941451,0.000122128024130373,0.989464434732818
47,0.46,0.47,1,133,8,0.0102631988157732,0.000117001585202366,0.98872838859726
48,0.47,0.48,1,134,8,0.0104390896142699,0.000169438386289151,0.984028096425798
49,0.48,0.49,1,133,8,0.00929006106777337,0.000101466210464483,0.989195984054734
50,0.49,0.5,1,133,8,0.0105035706271304,0.000180653947822019,0.983091524653503
51,0.5,0.51,1,134,8,0.010382936928588,0.00019061466498661,0.981972503439389
52,0.51,0.52,1,133,8,0.00953896299652977,0.00017792523165764,0.981689072933709
53,0.52,0.53,1,133,8,0.0120402459040159,0.000126015920806484,0.989642182404017
54,0.53,0.54,1,134,8,0.00708129838692643,0.000159117161517142,0.978023752856099
55,0.54,0.55,1,133,8,0.00880613819671701,0.000146074564872652,0.983682853752158
56,0.55,0.56,1,133,8,0.0125138671659596,0.000148521008965725,0.98827069531324
57,0.56,0.57,1,134,8,0.0139050741507609,0.000186204225295941,0.986785852899455
58,0.57,0.58,1,133,8,0.0173681753267763,0.000161128634510942,0.990808041502002
59,0.58,0.59,1,133,8,0.0182672386039928,0.00017881391006587,0.990306115092669
60,0.59,0.6,1,134,8,0.0121723055449425,0.000230081963046666,0.981448574889435
61,0.6,0.61,1,133,8,0.0090595737597277,0.000174090161929055,0.981146144866639
62,0.61,0.62,1,133,8,0.0232391940805548,0.000164218967111402,0.99298311888198
63,0.62,0.63,1,134,8,0.00620973002470195,0.000184284000480193,0.971178668086368
64,0.63,0.64,1,133,8,0.0225173189061613,0.000184336307591043,0.991880049897006
65,0.64,0.65,1,133,8,0.0100079191622248,0.000304415399475762,0.970480457392612
66,0.65,0.66,1,134,8,0.015487921770412,0.000203462797110467,0.987033470740907
67,0.66,0.67,1,133,8,0.00509126708474097,0.000159309512093233,0.969658663357223
68,0.67,0.68,1,133,8,0.0164740405200534,0.000143064366187099,0.991390536006933
69,0.68,0.69,1,133,8,0.00939882876317974,0.000138247406023162,0.985504214963744
70,0.69,0.7,1,134,8,0.0146527535420824,8.52437639393699e-05,0.994216055128159
71,0.7,0.71,1,133,8,0.0123763310833291,0.000158667211531027,0.98734206357283
72,0.71,0.72,1,134,8,0.0105325527380845,0.000185093671334874,0.98273000766547
73,0.72,0.73,1,133,8,0.00883366210448393,0.000150073832005139,0.983294941762971
74,0.73,0.74,1,133,8,0.013725932428841,0.000105893837204923,0.99234418975715
75,0.74,0.75,1,134,8,0.00969348334997882,0.000188888479619245,0.98088632133295
76,0.75,0.76,1,133,8,0.00723940437383457,0.000165001845163499,0.977715722195233
77,0.76,0.77,1,133,8,0.010667675611322,0.000147657856183528,0.986347359826938
78,0.77,0.78,1,134,8,0.00787180655711368,0.000224429737290524,0.972279744670293
79,0.78,0.79,1,133,8,0.00844060174869378,0.000145654428880188,0.983036328538552
80,0.79,0.8,1,133,8,0.00939586383645239,0.000152912643014664,0.983986153268592
81,0.8,0.81,1,134,8,0.0081449252215902,0.000125643717252153,0.984808334446972
82,0.81,0.82,1,133,8,0.00835233661238305,0.000158117732965755,0.981420764797103
83,0.82,0.83,1,133,8,0.00871834853018001,0.000127096863319382,0.985631377769537
84,0.83,0.84,1,134,8,0.00859623606541302,0.000130191530048375,0.985080775767155
85,0.84,0.85,1,133,8,0.00884252894751855,0.000190626294713476,0.978897042107474
86,0.85,0.86,1,133,8,0.00883574728442345,0.00019066243178284,0.978877268174464
87,0.86,0.87,1,134,8,0.0096822966088404,6.96399629033032e-05,0.992858858095418
88,0.87,0.88,1,133,8,0.0103242654165968,0.000150773887002748,0.985606365510157
89,0.88,0.89,1,133,8,0.00803867280891673,0.000193408476743174,0.976505519074491
90,0.89,0.9,1,134,8,0.00765017367270891,0.000144375339582716,0.981477396658223
91,0.9,0.91,1,133,8,0.00648934351868577,0.000148221874708289,0.977669240764723
92,0.91,0.92,1,133,8,0.0104245071332668,0.000154278643298057,0.985416223888395
93,0.92,0.93,1,134,8,0.0173644441864,0.000203442465111576,0.988419639245904
94,0.93,0.94,1,133,8,0.00859505999864807,0.00013665743837434,0.98434930592292
95,0.94,0.95,1,133,8,0.0201058995396776,0.000208471591027979,0.989737728542683
96,0.95,0.96,1,134,8,0.00407332153257942,0.000135322932822343,0.967846432756485
97,0.96,0.97,1,133,8,0.0174429676505265,0.00010630801537076,0.993942313210263
98,0.97,0.98,1,133,8,0.0055095700230783,0.000219466966972336,0.961692171414939
99,0.98,0.99,1,134,8,0.0260986858920639,0.000186700388067956,0.992897179212882
100,0.99,1,1,133,8,0.00759768082037469,0.000287184457893991,0.963577759700537
101,1,1.01,1,133,8,0.0284863828246324,0.000266793994025434,0.990721234188901
102,1.01,1.02,1,134,8,0.00369308984022117,0.000214848375582206,0.945022576172424
103,1.02,1.03,1,133,8,0.0171767907007278,0.000177904803207266,0.9897488951525
104,1.03,1.04,1,133,8,0.00707563732189625,0.000153429034460893,0.978776092665691
105,1.04,1.05,1,133,8,0.0188003368409439,0.000208172041869764,0.989048481227374
106,1.05,1.06,1,134,8,0.00972101403843468,0.000182241416133886,0.98159782740434
107,1.06,1.07,1,133,8,0.0185255073156705,0.000183364096550619,0.99019908296388
108,1.07,1.08,1,134,8,0.00634568213976175,0.000137457819339833,0.978797647404348
109,1.08,1.09,1,133,8,0.0171251922236885,7.56194745323872e-05,0.995603726390412
110,1.09,1.1,1,133,8,0.0095581030769673,0.000114232462651747,0.988189774622289
111,1.1,1.11,1,133,8,0.0107875851985073,0.000106263155701424,0.990245581520293
112,1.11,1.12,1,134,8,0.00748545271013978,0.00014613730208716,0.98085100197298
113,1.12,1.13,1,133,8,0.010826400418558,0.00019559315048142,0.982254285555851
114,1.13,1.14,1,134,8,0.00875780227853774,0.00015148454548437,0.982997006553216
115,1.14,1.15,1,133,8,0.00768213977432189,0.000109923227973833,0.985892923614523
116,1.15,1.16,1,133,8,0.00953410661701096,0.000144266796765654,0.98509390053495
117,1.16,1.17,1,134,8,0.0089557667206913,0.0001070755654548,0.98818521142992
118,1.17,1.18,1,133,8,0.00881490070504369,0.000137863074080156,0.984601059797688
119,1.18,1.19,1,133,8,0.0089114483319769,0.000157080391116468,0.982678514242729
120,1.19,1.2,1,133,8,0.00937210090471919,0.00012608752560383,0.986725097472135
121,1.2,1.21,1,134,8,0.00788103263766871,0.000113655469173585,0.985783626871408
122,1.21,1.22,1,133,8,0.0103636606323885,9.27698599766308e-05,0.991127960918942
123,1.22,1.23,1,133,8,0.00951694199724388,0.000122344932129449,0.987307678148201
124,1.23,1.24,1,134,8,0.00899797967718192,0.000122953233130548,0.986519664782148
125,1.24,1.25,1,211,8,0.0106313105091072,0.000176826665768581,0.983639487276343
126,0,0.01,-1,212,8,0.00728444235491965,0.000191533112567721,0.974380184445403
127,0.01,0.02,-1,133,8,0.0121224616264667,0.000181794295412784,0.98522508824857
128,0.02,0.03,-1,133,8,0.00614928564500506,0.000257957400269234,0.959739719806713
129,0.03,0.04,-1,133,8,0.00954360691727864,0.000173756403138946,0.982118976371516
130,0.04,0.05,-1,134,8,0.00851245746352845,0.000181053408078511,0.979173729606777
131,0.05,0.06,-1,133,8,0.00676899021803694,0.000165104309058365,0.976189492598751
132,0.06,0.07,-1,133,8,0.00984866628282947,9.79976674409719e-05,0.990147684899086
133,0.07,0.08,-1,134,8,0.00792161888591971,0.000142937834857097,0.9822757976903
134,0.08,0.09,-1,133,8,0.0116309788592465,9.44293573528455e-05,0.991946603853061
135,0.09,0.1,-1,134,8,0.00566553036709327,0.000104013145058133,0.981972032130607
136,0.1,0.11,-1,133,8,0.0109101737813379,0.000160677560058975,0.985486431431144
137,0.11,0.12,-1,133,8,0.00680082185897824,9.10188645011499e-05,0.98679324317652
138,0.12,0.13,-1,134,8,0.0112894906510243,0.00012306353625412,0.989216827869146
139,0.13,0.14,-1,133,8,0.00663138270472389,0.000143474742449546,0.978822470647053
140,0.14,0.15,-1,133,8,0.0114826121543304,0.000158187752810843,0.986410920720852
141,0.15,0.16,-1,134,8,0.0108876812325145,0.000107526016053176,0.990220646721581
142,0.16,0.17,-1,133,8,0.0121707823096345,0.00010776403012399,0.991223388572062
143,0.17,0.18,-1,133,8,0.00751187762801344,0.000203618832369817,0.973609108186967
144,0.18,0.19,-1,133,8,0.0134190444098026,0.000160482497854048,0.988182025858091
145,0.19,0.2,-1,134,8,0.0131413420642205,0.000194490433157393,0.985415951107992
146,0.2,0.21,-1,133,8,0.0132250503649383,0.000128202411868387,0.99039916236057
147,0.21,0.22,-1,134,8,0.0126515883810781,0.000177251657346868,0.986183344962135
148,0.22,0.23,-1,133,8,0.00819724506347503,0.000230450233472898,0.972655604485801
149,0.23,0.24,-1,133,8,0.00780098079446033,0.000141985319767634,0.982124395631841
150,0.24,0.25,-1,134,8,0.0209422368757881,0.000190489999877447,0.990986018936496
151,0.25,0.26,-1,133,8,0.0152308944329293,0.000133020594885078,0.991342011808562
152,0.26,0.27,-1,133,8,0.0163654061538716,0.00016989866442024,0.989725096314385
153,0.27,0.28,-1,134,8,0.011482925178872,0.000118824883431519,0.989758020747438
154,0.28,0.29,-1,133,8,0.0105037485125945,0.00012638965293419,0.988110253040356
155,0.29,0.3,-1,133,8,0.00785705369165907,0.000193341094363677,0.975983650553466
156,0.3,0.31,-1,134,8,0.0184899318758692,0.000199099547392009,0.989346716644491
157,0.31,0.32,-1,133,8,0.0151570034543562,0.00017407820494554,0.988645406187637
158,0.32,0.33,-1,133,8,0.0152918264819507,0.00020659748512852,0.986669774580476
159,0.33,0.34,-1,133,8,0.0113428289548856,0.000175067625343545,0.984800382246524
160,0.34,0.35,-1,134,8,0.00593905012001174,0.000130796797910868,0.978451384412239
161,0.35,0.36,-1,133,8,0.00992513605434622,0.000166855463152594,0.983466547423937
162,0.36,0.37,-1,134,8,0.00957354762628014,9.95417787548437e-05,0.989709411896572
163,0.37,0.38,-1,133,8,0.0127815143057605,0.00019948594768689,0.984632467160309
164,0.38,0.39,-1,133,8,0.00819757264480325,0.000126998076364217,0.984744189145839
165,0.39,0.4,-1,134,8,0.0089677603902521,0.000113592149863582,0.987491714547827
166,0.4,0.41,-1,133,8,0.00947827691879214,9.8618166582135e-05,0.989702490660805
167,0.41,0.42,-1,133,8,0.00724214759093829,0.000131221266035284,0.982203349841751
168,0.42,0.43,-1,134,8,0.010809209311548,9.76313406385409e-05,0.991048614007305
169,0.43,0.44,-1,133,8,0.010134221213271,0.000124091250884573,0.987903346547673
170,0.44,0.45,-1,133,8,0.00869471131391267,9.60326156296694e-05,0.989075712317482
171,0.45,0.46,-1,133,8,0.00790374885249063,0.000141227114290838,0.982445303146463
172,0.46,0.47,-1,134,8,0.0106259335865164,7.76078241925519e-05,0.992749332093497
173,0.47,0.48,-1,133,8,0.0086790164118522,0.000127401187045757,0.985533142663857
174,0.48,0.49,-1,133,8,0.0107851675031943,0.000111383066928511,0.989778135180328
175,0.49,0.5,-1,134,8,0.00939535509040536,0.000135695519330052,0.985762795216778
176,0.5,0.51,-1,133,8,0.00915206850093308,0.000144032173740598,0.984506173203029
177,0.51,0.52,-1,134,8,0.0139346018165057,8.57936554223938e-05,0.993880796330305
178,0.52,0.53,-1,133,8,0.00871766223140516,0.000160185790505113,0.981956687013589
179,0.53,0.54,-1,133,8,0.00863973566477315,9.31353749541579e-05,0.989335079548242
180,0.54,0.55,-1,134,8,0.0152005395794266,9.82114446684823e-05,0.993580427283652
181,0.55,0.56,-1,133,8,0.0135331144786114,0.000205052562182925,0.985074241594673
182,0.56,0.57,-1,133,8,0.0110403871360497,0.000214022228500911,0.980983255400764
183,0.57,0.58,-1,134,8,0.0146104446405519,0.000177215560505022,0.988015983725921
184,0.58,0.59,-1,133,8,0.00847487766728416,0.000192087521610339,0.977836818606763
185,0.59,0.6,-1,133,8,0.0128363917500118,0.000152030320589123,0.988294935307558
186,0.6,0.61,-1,133,8,0.0218049528750087,0.000211094530719977,0.990411787964035
187,0.61,0.62,-1,134,8,0.0148078713601379,0.000186047932039506,0.987591774477766
188,0.62,0.63,-1,133,8,0.0148775345415683,0.00015672573298421,0.989575427714958
189,0.63,0.64,-1,133,8,0.0102514327754579,0.00019341581711685,0.981482180866236
190,0.64,0.65,-1,134,8,0.0114830122344109,0.000180111475520957,0.984557183821382
191,0.65,0.66,-1,133,8,0.00824867593646396,0.000189239826845162,0.977572681198355
192,0.66,0.67,-1,134,8,0.0227479183704557,0.000203360982538559,0.991139448942656
193,0.67,0.68,-1,133,8,0.0105516824516,0.000165840506706423,0.984526227995818
194,0.68,0.69,-1,133,8,0.014501275605375,0.000212217327872283,0.985576686050343
195,0.69,0.7,-1,134,8,0.00853490097849953,0.000164707284841507,0.981067275691532
196,0.7,0.71,-1,133,8,0.00606322610934109,0.000139319664280113,0.977538309370867
197,0.71,0.72,-1,133,8,0.00839611575904436,0.000156089180825406,0.981748662254604
198,0.72,0.73,-1,134,8,0.00963172210109669,0.00015480692457942,0.984181631283853
199,0.73,0.74,-1,133,8,0.00680171798853296,0.000113496545023443,0.98358741518825
200,0.74,0.75,-1,133,8,0.0094427054414231,0.000177718043878999,0.981527004071025
201,0.75,0.76,-1,133,8,0.00872210878643145,0.000180684170222724,0.979704776792807
202,0.76,0.77,-1,134,8,0.00958060861157709,0.000113084035322191,0.988334266471883
203,0.77,0.78,-1,133,8,0.00777188935054746,0.000138831084039563,0.982450260353966
204,0.78,0.79,-1,134,8,0.00961357033579221,0.000140206418331396,0.985625422657729
205,0.79,0.8,-1,133,8,0.0107776779839397,0.000116378522504144,0.989317246295234
206,0.8,0.81,-1,133,8,0.0103161630958898,9.86903713966179e-05,0.990524074898739
207,0.81,0.82,-1,134,8,0.00905783112065283,0.000133992399233766,0.985422653193474
208,0.82,0.83,-1,133,8,0.0112758358522937,0.000138087669522835,0.98790182278172
209,0.83,0.84,-1,133,8,0.0097251763419827,0.000127881001516577,0.987021185703243
210,0.84,0.85,-1,134,8,0.0117008054384699,0.000150608162927716,0.987291966343158
211,0.85,0.86,-1,133,8,0.00751904738020865,0.000102430719564026,0.986560255343766
212,0.86,0.87,-1,133,8,0.0115192203055098,0.000107363873898091,0.990765656340557
213,0.87,0.88,-1,134,8,0.0108140218929661,0.000103221930599418,0.990545055852228
214,0.88,0.89,-1,133,8,0.0159112419122694,0.000134516641670708,0.991616685417613
215,0.89,0.9,-1,133,8,0.00612531886299139,0.000141787206060864,0.977375968349885
216,0.9,0.91,-1,134,8,0.0202330665963103,0.000160576436893804,0.992126152417576
217,0.91,0.92,-1,133,8,0.013117658248572,0.000182577055307142,0.986272644721264
218,0.92,0.93,-1,133,8,0.0199757324223204,0.000227886211869376,0.988720524971515
219,0.93,0.94,-1,134,8,0.0115265672340155,0.000222211730370941,0.981086397910411
220,0.94,0.95,-1,133,8,0.00870911239469458,0.000138118063517186,0.984388553664386
221,0.95,0.96,-1,133,8,0.00759543756529743,0.000176790459684033,0.97725356755929
222,0.96,0.97,-1,134,8,0.0216265123425898,0.000190255360121517,0.991279397447227
223,0.97,0.98,-1,133,8,0.0146113027995226,0.000161747636004745,0.989051168767707
224,0.98,0.99,-1,133,8,0.0159956204520556,0.000245497397005442,0.984884205675557
225,0.99,1,-1,134,8,0.0128185730768091,0.000211859553525767,0.98374117271958
226,1,1.01,-1,133,8,0.00862443129795155,0.000180195065015254,0.979534047489718
227,1.01,1.02,-1,133,8,0.00954868369853187,8.77564057106624e-05,0.990893275445978
228,1.02,1.03,-1,134,8,0.0120743255391615,0.000174696453593609,0.985737926366943
229,1.03,1.04,-1,133,8,0.0170395111564685,0.000239967886459941,0.986112550855048
230,1.04,1.05,-1,133,8,0.010529729182469,0.000185060877783384,0.98272846441762
231,1.05,1.06,-1,134,8,0.012479686820892,0.000170139808735004,0.986550028414103
232,1.06,1.07,-1,133,8,0.00386847649668688,0.000194174703056675,0.952204928872818
233,1.07,1.08,-1,133,8,0.0101182740734339,0.000139321512490464,0.986417722230964
234,1.08,1.09,-1,134,8,0.0102558551697587,0.000113286811705711,0.989074620454786
235,1.09,1.1,-1,133,8,0.0115988326281355,0.00016269193363237,0.986167445148972
236,1.1,1.11,-1,133,8,0.00862333486438341,0.000160364808032155,0.981742908567814
237,1.11,1.12,-1,134,8,0.00967189335683956,0.000132018028899576,0.986534147065873
238,1.12,1.13,-1,133,8,0.0100749755960871,0.000182190080230752,0.982237775426461
239,1.13,1.14,-1,133,8,0.00957297855367966,0.000137400071948337,0.985850183886166
240,1.14,1.15,-1,134,8,0.010536616296295,0.000103356840085816,0.99028598674442
241,1.15,1.16,-1,133,8,0.00807927316114615,0.000160555625702892,0.980514689096557
242,1.16,1.17,-1,133,8,0.00866300747023352,0.000135011295121739,0.984654352448828
243,1.17,1.18,-1,134,8,0.0069751695371466,0.000173085801065855,0.975786287299981
244,1.18,1.19,-1,133,8,0.00974929697586012,0.000157747260407107,0.984077262940885
245,1.19,1.2,-1,133,8,0.00745570329513327,0.000137994673926872,0.981827737356803
246,1.2,1.21,-1,134,8,0.0107634942131109,8.69160261132278e-05,0.991989609222421
247,1.21,1.22,-1,133,8,0.00799328783946628,0.00014293103496344,0.982432744599259
248,1.22,1.23,-1,133,8,0.0075770225571466,7.97818183385916e-05,0.989580272078776
249,1.23,1.24,-1,134,8,0.0311211895027012,0.00012416094952584,0.996026258379925
250,1.24,1.25,-1,211,8,0.00955132087671178,0.000127033221931099,0.986874501528218
1,0,0.01,1,212,10,0.00580267659166682,0.000279860080437288,0.953989577782442
2,0.01,0.02,1,133,10,0.00624616130978584,0.000135120173862345,0.978825542454351
3,0.02,0.03,1,134,10,0.00457424200583774,9.54323330275265e-05,0.979563385773339
4,0.03,0.04,1,133,10,0.00179560327982696,8.69867954636627e-05,0.953794085815398
5,0.04,0.05,1,133,10,0.00255593468976203,7.78502883793873e-05,0.970441668919259
6,0.05,0.06,1,133,10,0.00188880822171914,0.000107293381215931,0.94624853711947
7,0.06,0.07,1,134,10,0.00178731540258416,7.60168002492805e-05,0.95920383915778
8,0.07,0.08,1,133,10,0.00360615547290217,0.000172623785580841,0.95431757883361
9,0.08,0.09,1,134,10,0.00132405729751692,8.92155084293945e-05,0.936873116036747
10,0.09,0.1,1,133,10,0.00333453969999146,0.000150924575066589,0.956698860422526
11,0.1,0.11,1,133,10,0.00179707584784111,0.000102740261327778,0.945920944226163
12,0.11,0.12,1,134,10,0.00296619444395607,6.26997995770984e-05,0.979299442457932
13,0.12,0.13,1,133,10,0.00190477401401148,9.12413652182756e-05,0.954288245387425
14,0.13,0.14,1,133,10,0.00210010279063554,0.000209481292862125,0.909299126903886
15,0.14,0.15,1,134,10,0.00292861772489447,0.000158556271861331,0.948640318936363
16,0.15,0.16,1,133,10,0.00123856251250552,9.42178971617003e-05,0.929307261362563
17,0.16,0.17,1,133,10,0.00316877272379228,0.000113915767358641,0.965298027008739
18,0.17,0.18,1,134,10,0.00123581336159262,0.000124351780935811,0.908575968426414
19,0.18,0.19,1,133,10,0.00246646761363272,7.83251370843656e-05,0.969221408280775
20,0.19,0.2,1,133,10,0.0013773382746916,0.000133863042335205,0.911419450984484
21,0.2,0.21,1,134,10,0.00501513025569108,0.000147884687335042,0.971356912779268
22,0.21,0.22,1,133,10,0.00223427548928967,0.000119807533187355,0.94910649622659
23,0.22,0.23,1,133,10,0.00299796770334804,0.000162060604272646,0.948715458060353
24,0.23,0.24,1,133,10,0.00181844661574845,0.00017484103651273,0.91228509527243
25,0.24,0.25,1,134,10,0.00341835067855117,0.000123929110284127,0.965014307826634
26,0.25,0.26,1,133,10,0.00264851545646094,0.000123671898506578,0.955388333229005
27,0.26,0.27,1,133,10,0.00398720499006783,0.000122927796434342,0.970091526765743
28,0.27,0.28,1,134,10,0.00290727032750542,0.000162769379472515,0.94698134388863
29,0.28,0.29,1,133,10,0.00439503619054601,0.000119948162435371,0.973433316029951
30,0.29,0.3,1,134,10,0.00209182345079151,0.000105685644402893,0.951906617982146
31,0.3,0.31,1,133,10,0.00258839073826334,0.000132346186631173,0.951356492639837
32,0.31,0.32,1,133,10,0.00223247504406705,9.12580788212482e-05,0.960727814256132
33,0.32,0.33,1,134,10,0.00383186118067912,0.000160098480826507,0.959894764876927
34,0.33,0.34,1,133,10,0.00207801791054946,6.89937730679536e-05,0.967865208375714
35,0.34,0.35,1,133,10,0.00425030521269776,0.000248045000488283,0.944858672906083
36,0.35,0.36,1,134,10,0.00197331303775459,0.000228936000759095,0.896044454212315
37,0.36,0.37,1,133,10,0.00233640261208522,9.10402299406195e-05,0.962495417661558
38,0.37,0.38,1,133,10,0.00231576212293434,0.000131037631386772,0.94644529812652
39,0.38,0.39,1,134,10,0.0024389717177051,9.51294414713589e-05,0.962460282563355
40,0.39,0.4,1,133,10,0.00141892356969553,7.0705723832369e-05,0.952534684877929
41,0.4,0.41,1,133,10,0.00276103797746158,0.000108174731786381,0.962298113542535
42,0.41,0.42,1,134,10,0.00267119976584053,0.000132420726508219,0.952767955980632
43,0.42,0.43,1,133,10,0.00216471708399036,0.000123370189403341,0.946081519338046
44,0.43,0.44,1,133,10,0.0023176820865246,8.22793016205734e-05,0.965716406094282
45,0.44,0.45,1,134,10,0.00235273847051867,0.000113491424871175,0.953981814475882
46,0.45,0.46,1,133,10,0.00251845051430367,9.61767253069961e-05,0.96321589408618
47,0.46,0.47,1,133,10,0.00188246721340321,0.000104607316193614,0.947356118436665
48,0.47,0.48,1,134,10,0.00215071569748103,0.000125429686198611,0.944893816055001
49,0.48,0.49,1,133,10,0.00147736677743164,8.34913532587692e-05,0.946509326109069
50,0.49,0.5,1,133,10,0.00181350869402438,0.000151068267728266,0.923103919739803
51,0.5,0.51,1,134,10,0.00247200973148822,0.000165908559276252,0.937106255391947
52,0.51,0.52,1,133,10,0.00173696278235032,0.000123569539742433,0.933583771550155
53,0.52,0.53,1,133,10,0.00275999583006963,9.84444563756036e-05,0.965560079445273
54,0.53,0.54,1,134,10,0.00167185879244753,0.000172179187748251,0.906629261654377
55,0.54,0.55,1,133,10,0.00210796835306976,0.000184322896290225,0.919590106038363
56,0.55,0.56,1,133,10,0.00336456738827938,0.000139466246635279,0.960198371029999
57,0.56,0.57,1,134,10,0.00388769797046938,0.00016956387212616,0.958207313527074
58,0.57,0.58,1,133,10,0.0040013827008792,9.2820380306541e-05,0.977328828476271
59,0.58,0.59,1,133,10,0.00420183219415929,0.000227241575883834,0.948693205920203
60,0.59,0.6,1,134,10,0.00488175147897138,0.000119926079170757,0.976022828785608
61,0.6,0.61,1,133,10,0.000929180795627254,0.000191183366445948,0.829356049650706
62,0.61,0.62,1,133,10,0.00489809849795825,0.000150975561488715,0.970098366609173
63,0.62,0.63,1,134,10,0.00114322016275851,0.000192114029746174,0.856130374834613
64,0.63,0.64,1,133,10,0.00579571285805949,0.000124172007925994,0.979024590724819
65,0.64,0.65,1,133,10,0.000905534121426169,0.000320064130609235,0.738850695913044
66,0.65,0.66,1,134,10,0.00559851804866441,0.000135026113180009,0.976449799745403
67,0.66,0.67,1,133,10,0.000676568427601427,0.000147670490666494,0.820840186754573
68,0.67,0.68,1,133,10,0.00368934161865795,0.000147796762377042,0.961482556087233
69,0.68,0.69,1,133,10,0.0023195735044284,0.000148743759776425,0.93973880022091
70,0.69,0.7,1,134,10,0.00363037455098877,7.8552151959376e-05,0.978820786105874
71,0.7,0.71,1,133,10,0.00314106880018927,9.7765063804942e-05,0.969814733354561
72,0.71,0.72,1,134,10,0.00286706627624946,0.000111357249730785,0.962612016471319
73,0.72,0.73,1,133,10,0.00205324565230318,9.48412735487411e-05,0.955848493649238
74,0.73,0.74,1,133,10,0.00264018907864226,8.82526149490775e-05,0.967654571781259
75,0.74,0.75,1,134,10,0.00269787788412204,7.14318149336265e-05,0.974205913134965
76,0.75,0.76,1,133,10,0.00151588320950992,9.8868567736705e-05,0.938771661917419
77,0.76,0.77,1,133,10,0.00271676565299284,0.000111907145172511,0.960438285670547
78,0.77,0.78,1,134,10,0.0021085457915261,8.79720983880832e-05,0.95994929119766
79,0.78,0.79,1,133,10,0.00194463989296912,0.000121012794824845,0.941416678834775
80,0.79,0.8,1,133,10,0.00267273298096395,7.45650057011309e-05,0.972858784863143
81,0.8,0.81,1,134,10,0.00183776323745393,9.1780900429483e-05,0.95243389429269
82,0.81,0.82,1,133,10,0.00222269085714713,7.89790924008566e-05,0.965686178239253
83,0.82,0.83,1,133,10,0.00193062213336803,5.51471020840494e-05,0.972228846585241
84,0.83,0.84,1,134,10,0.00260252951613904,0.000153199466616633,0.944406918250925
85,0.84,0.85,1,133,10,0.00146390554707435,7.97014816318209e-05,0.948366727962734
86,0.85,0.86,1,133,10,0.00158885180643325,7.31010688709199e-05,0.956014956887667
87,0.86,0.87,1,134,10,0.0020247413496169,0.000100357503099037,0.952775136567987
88,0.87,0.88,1,133,10,0.00176822084233412,9.53853137365073e-05,0.948816806906442
89,0.88,0.89,1,133,10,0.00188875392790961,8.82894122930698e-05,0.95534270266224
90,0.89,0.9,1,134,10,0.00140984122197398,0.000112528344710251,0.926083424699995
91,0.9,0.91,1,133,10,0.00188561201534456,8.77136774721868e-05,0.955550329177044
92,0.91,0.92,1,133,10,0.00127124727202699,0.000111441316245389,0.919402447383593
93,0.92,0.93,1,134,10,0.00574340248225423,0.000107768407792329,0.981581736404989
94,0.93,0.94,1,133,10,0.000960366724814832,0.000119572731281233,0.889278301106357
95,0.94,0.95,1,133,10,0.00652290740169682,0.000103530198733315,0.984376190499916
96,0.95,0.96,1,134,10,0.000868741551214312,0.000112084349053784,0.885724521525026
97,0.96,0.97,1,133,10,0.00565801542937555,0.000155295183411912,0.973286274593635
98,0.97,0.98,1,133,10,0.00125828450995898,0.000156518666606432,0.889370713044059
99,0.98,0.99,1,134,10,0.00924564976662414,0.000160503977254722,0.98293627962873
100,0.99,1,1,133,10,0.00123287527187449,0.000169954352008007,0.878848900027048
101,1,1.01,1,133,10,0.00821289228412929,0.00015513008306506,0.981461559702179
102,1.01,1.02,1,134,10,0.00110029162580345,8.972029317876e-05,0.924605550795243
103,1.02,1.03,1,133,10,0.0042772270101067,7.06135686392923e-05,0.98375893334625
104,1.03,1.04,1,133,10,0.00128998296631227,0.000152724566793956,0.894140313757749
105,1.04,1.05,1,133,10,0.00605850866931779,0.000129448215328192,0.979080620996344
106,1.05,1.06,1,134,10,0.00196204202500657,0.000108591004902478,0.947556615134625
107,1.06,1.07,1,133,10,0.00399551419083984,0.000143605833190222,0.965305226145532
108,1.07,1.08,1,134,10,0.00175532722165818,8.28959894206455e-05,0.954904285333229
109,1.08,1.09,1,133,10,0.00319715199962836,9.96734338240214e-05,0.969766845155752
110,1.09,1.1,1,133,10,0.00214785927335642,6.49252753327037e-05,0.970659016318979
111,1.1,1.11,1,133,10,0.0021716766804307,9.99258181157739e-05,0.956010869780381
112,1.11,1.12,1,134,10,0.00197792165643298,0.000140906747768012,0.93349780119587
113,1.12,1.13,1,133,10,0.00282247097838443,0.000150215121423713,0.949468219522604
114,1.13,1.14,1,134,10,0.00324913544099961,0.000137236433521719,0.95947390345571
115,1.14,1.15,1,133,10,0.0015185111672635,0.000142665876365325,0.914117596969873
116,1.15,1.16,1,133,10,0.00282520867636443,8.97480496999537e-05,0.969211189690241
117,1.16,1.17,1,134,10,0.00192428295681919,0.000104279831097439,0.948594230497279
118,1.17,1.18,1,133,10,0.00259118735281655,0.000108276998772645,0.959889450398224
119,1.18,1.19,1,133,10,0.00193991320153638,0.000103459681946529,0.949368182976872
120,1.19,1.2,1,133,10,0.00237308655091014,9.05748702987372e-05,0.963235666427616
121,1.2,1.21,1,134,10,0.00206183571119939,8.16984270070225e-05,0.961886108762708
122,1.21,1.22,1,133,10,0.0024906057512592,0.00013756565003994,0.947657276092442
123,1.22,1.23,1,133,10,0.00238573649357617,9.69524034180968e-05,0.960948629715356
124,1.23,1.24,1,134,10,0.00222158157415795,0.000101520084087979,0.956299766853668
125,1.24,1.25,1,211,10,0.00239981720001699,0.000156500450151843,0.938778950205384
126,0,0.01,-1,212,10,0.00169108140229932,0.000225103941801775,0.882524964250066
127,0.01,0.02,-1,133,10,0.00345798604066275,0.000102317686244715,0.971261528764685
128,0.02,0.03,-1,133,10,0.00159898798363966,0.000141958318976597,0.918459105393851
129,0.03,0.04,-1,133,10,0.00282672380407964,0.000118497307488776,0.959766244027202
130,0.04,0.05,-1,134,10,0.00287924684207867,6.9038245379359e-05,0.976583592382892
131,0.05,0.06,-1,133,10,0.00237154861935503,9.266060054591e-05,0.962397429651028
132,0.06,0.07,-1,133,10,0.00309044396552039,0.000122777808463762,0.96178981187734
133,0.07,0.08,-1,134,10,0.00207568792188931,8.37749437266386e-05,0.961205656711887
134,0.08,0.09,-1,133,10,0.00284524169265745,0.000130981841071227,0.95599059022723
135,0.09,0.1,-1,134,10,0.0015057722428438,0.000139239267163172,0.915356660840274
136,0.1,0.11,-1,133,10,0.00248807924039579,9.24359971348849e-05,0.964179247698092
137,0.11,0.12,-1,133,10,0.00196553961695849,7.82217514679096e-05,0.961726573035219
138,0.12,0.13,-1,134,10,0.00195538462257572,9.82471946371429e-05,0.952159294663402
139,0.13,0.14,-1,133,10,0.002167464077553,0.000112331661522666,0.950727313154726
140,0.14,0.15,-1,133,10,0.00327244784847165,0.000129673803972333,0.961884430593721
141,0.15,0.16,-1,134,10,0.003971349527905,7.86561961004258e-05,0.980578744460974
142,0.16,0.17,-1,133,10,0.00262833065869334,4.31341838890447e-05,0.983853733277153
143,0.17,0.18,-1,133,10,0.00272070018179844,5.73880266549269e-05,0.979342618970736
144,0.18,0.19,-1,133,10,0.00266610953949221,7.97864374364166e-05,0.970943386746332
145,0.19,0.2,-1,134,10,0.00457156975363122,0.000112816856172168,0.975916407937793
146,0.2,0.21,-1,133,10,0.00243182991803598,9.98383924749139e-05,0.960564189210566
147,0.21,0.22,-1,134,10,0.00379218958198019,0.00011906145598368,0.96955923953026
148,0.22,0.23,-1,133,10,0.00168475842785231,0.000101706299050921,0.943068397870231
149,0.23,0.24,-1,133,10,0.00253392034060792,0.000127882403165807,0.951956468801102
150,0.24,0.25,-1,134,10,0.00445645045596677,0.00017355928073178,0.962514273057331
151,0.25,0.26,-1,133,10,0.00521404021516865,0.000116088194083031,0.978220375726496
152,0.26,0.27,-1,133,10,0.00403158218541296,0.000115254016668709,0.972206759309458
153,0.27,0.28,-1,134,10,0.00268105439562501,0.000122119304766692,0.956435341573864
154,0.28,0.29,-1,133,10,0.00190321516083046,0.000134630546286042,0.933934867681155
155,0.29,0.3,-1,133,10,0.00266435627865783,0.000103734861817485,0.962524766507626
156,0.3,0.31,-1,134,10,0.00488183472637608,0.000120076487552712,0.975993878656155
157,0.31,0.32,-1,133,10,0.00428230797354754,7.36576320893939e-05,0.983090400898924
158,0.32,0.33,-1,133,10,0.00332339086440295,7.04913137607652e-05,0.979229887762661
159,0.33,0.34,-1,133,10,0.00290495546815288,7.63049829678144e-05,0.974405126885465
160,0.34,0.35,-1,134,10,0.00100575663434098,9.79407537478211e-05,0.911261225400363
161,0.35,0.36,-1,133,10,0.00360273374609295,7.57244949811684e-05,0.979414066976316
162,0.36,0.37,-1,134,10,0.0027927788951083,9.06365367283252e-05,0.968566258012085
163,0.37,0.38,-1,133,10,0.00280781731882861,0.000114757392190474,0.960734145902994
164,0.38,0.39,-1,133,10,0.00210405446405722,0.000113028191416749,0.949019405687162
165,0.39,0.4,-1,134,10,0.0032218459200812,6.30658476499218e-05,0.980801357202516
166,0.4,0.41,-1,133,10,0.00289394390580027,9.7144505405367e-05,0.967522021401497
167,0.41,0.42,-1,133,10,0.00252807733625734,6.75209099248425e-05,0.973986378660812
168,0.42,0.43,-1,134,10,0.00356915929178185,7.45386752607522e-05,0.979543124612699
169,0.43,0.44,-1,133,10,0.00253509156450749,9.005581956691e-05,0.965694947219635
170,0.44,0.45,-1,133,10,0.00178178112361495,7.97089477567803e-05,0.957180030674006
171,0.45,0.46,-1,133,10,0.00277078353172009,8.77476789923083e-05,0.969303228642923
172,0.46,0.47,-1,134,10,0.00297194799014803,6.88665897552274e-05,0.977352584991414
173,0.47,0.48,-1,133,10,0.00237697624255306,7.64964525192605e-05,0.968821151882839
174,0.48,0.49,-1,133,10,0.00253004148101901,6.95379219794882e-05,0.973250318147898
175,0.49,0.5,-1,134,10,0.00246518259790863,6.1646692589563e-05,0.975603143108489
176,0.5,0.51,-1,133,10,0.00255103643869496,0.000100885030600229,0.96195776090344
177,0.51,0.52,-1,134,10,0.00366111620488752,0.000123079528547021,0.967475379917699
178,0.52,0.53,-1,133,10,0.00180398225444428,0.00015712653284782,0.919878726837597
179,0.53,0.54,-1,133,10,0.00283675778634911,6.37759159743549e-05,0.978012351339594
180,0.54,0.55,-1,134,10,0.00401341695785344,0.000116332070865282,0.971830716574713
181,0.55,0.56,-1,133,10,0.00291340644746965,8.02119400269022e-05,0.973205689689132
182,0.56,0.57,-1,133,10,0.00302553204061404,0.000128137904696293,0.959368638152245
183,0.57,0.58,-1,134,10,0.00227702763065721,7.97797426647254e-05,0.966149230705997
184,0.58,0.59,-1,133,10,0.00241676529935088,7.74436337573802e-05,0.968950622889129
185,0.59,0.6,-1,133,10,0.00234424504597774,0.000114005682405069,0.953623248805027
186,0.6,0.61,-1,133,10,0.00759023988992238,0.000150198914196967,0.980595555627023
187,0.61,0.62,-1,134,10,0.0020360557489865,0.000119477028071623,0.944571927022754
188,0.62,0.63,-1,133,10,0.00540413204406751,8.00002838350152e-05,0.985412408189353
189,0.63,0.64,-1,133,10,0.00160375745663324,9.51517523102445e-05,0.943992444205175
190,0.64,0.65,-1,134,10,0.00496796747223637,0.000138387157044968,0.972899031287131
191,0.65,0.66,-1,133,10,0.00161767739147114,0.000183133063105729,0.898305197729009
192,0.66,0.67,-1,134,10,0.0089584473384806,0.000124046836001177,0.986342205828251
193,0.67,0.68,-1,133,10,0.00283995765813193,0.000122355029300927,0.95869611272976
194,0.68,0.69,-1,133,10,0.0052360979278162,9.68487649737032e-05,0.981839540023034
195,0.69,0.7,-1,134,10,0.00258544872958346,0.000145419671161163,0.94674965988053
196,0.7,0.71,-1,133,10,0.00252743450854203,8.93224636867093e-05,0.96586520466567
197,0.71,0.72,-1,133,10,0.0015177889668567,9.49838992297494e-05,0.941105222423393
198,0.72,0.73,-1,134,10,0.00322053964161674,0.000126793581370509,0.962121016067425
199,0.73,0.74,-1,133,10,0.00389533486060369,0.000112684671379286,0.971885199041549
200,0.74,0.75,-1,133,10,0.00248634435569155,8.27631937620487e-05,0.967785235857623
201,0.75,0.76,-1,133,10,0.00251283885400124,0.000119111288670777,0.954744093841439
202,0.76,0.77,-1,134,10,0.00312822290621517,0.00014930886420617,0.954444724059235
203,0.77,0.78,-1,133,10,0.00275296670467532,0.000152704119997151,0.947446173633806
204,0.78,0.79,-1,134,10,0.00213777625514065,9.41077427338609e-05,0.957834841405968
205,0.79,0.8,-1,133,10,0.0029288375762,9.16950147238916e-05,0.969642765981265
206,0.8,0.81,-1,133,10,0.00270770800221616,0.000106470238276739,0.962166490826789
207,0.81,0.82,-1,134,10,0.00253468380696639,0.000113979482693445,0.956967167877317
208,0.82,0.83,-1,133,10,0.00225568162307961,9.0995522928736e-05,0.961223671912637
209,0.83,0.84,-1,133,10,0.00163181807318523,0.000130892442307454,0.92574365378942
210,0.84,0.85,-1,134,10,0.00307043401588225,5.33072218235921e-05,0.982934815092833
211,0.85,0.86,-1,133,10,0.00203809181549277,7.35733101923059e-05,0.965158627995792
212,0.86,0.87,-1,133,10,0.00256433460961591,0.000124334312557639,0.953756183391622
213,0.87,0.88,-1,134,10,0.00252640002480348,0.000113472089919827,0.957016065555994
214,0.88,0.89,-1,133,10,0.00340063197545261,6.4728453676669e-05,0.981321292546492
215,0.89,0.9,-1,133,10,0.00204421790775061,5.16481543964349e-05,0.975357130243559
216,0.9,0.91,-1,134,10,0.00457735499992002,8.82575179289792e-05,0.981083401677414
217,0.91,0.92,-1,133,10,0.00486132325864705,8.61395350675081e-05,0.982589149497608
218,0.92,0.93,-1,133,10,0.00450941660571308,0.000122446839533073,0.973564238026329
219,0.93,0.94,-1,134,10,0.00417786536795492,0.00017416193503766,0.959981424078406
220,0.94,0.95,-1,133,10,0.00199007551075828,0.000147967580987495,0.930792984688314
221,0.95,0.96,-1,133,10,0.00348378373444576,0.000102000491484208,0.971554202635337
222,0.96,0.97,-1,134,10,0.00440663271420239,0.000147625112031933,0.967585253697857
223,0.97,0.98,-1,133,10,0.00635848341983146,0.000119127351708267,0.981609368653073
224,0.98,0.99,-1,133,10,0.00388074956688028,0.000228858957302972,0.944311251070208
225,0.99,1,-1,134,10,0.00496894762728396,0.000137099386248994,0.973149603619859
226,1,1.01,-1,133,10,0.00116885339287781,0.000120918035213036,0.906248477381747
227,1.01,1.02,-1,133,10,0.0046270145516954,0.000123286058947979,0.974046682714827
228,1.02,1.03,-1,134,10,0.00318444233176292,0.00011441866084441,0.965315707118057
229,1.03,1.04,-1,133,10,0.00625142037829624,0.000145440091484609,0.977263832442231
230,1.04,1.05,-1,133,10,0.00179078726716688,0.000150084833472632,0.922671445777813
231,1.05,1.06,-1,134,10,0.00417914421483827,0.000141955028912571,0.967148398843682
232,1.06,1.07,-1,133,10,0.0011885791044053,0.000148488378531975,0.88894473882068
233,1.07,1.08,-1,133,10,0.002435670969145,0.00014825802101801,0.94262302811632
234,1.08,1.09,-1,134,10,0.00293364627746372,0.000144749351275836,0.952978964131682
235,1.09,1.1,-1,133,10,0.00255723883341481,6.67642357712672e-05,0.974556342347581
236,1.1,1.11,-1,133,10,0.00286908096253299,8.25441187743991e-05,0.972034348367227
237,1.11,1.12,-1,134,10,0.00272543086466078,6.76122636235606e-05,0.975792617400401
238,1.12,1.13,-1,133,10,0.00322906700631722,0.000129480332673438,0.961447518940629
239,1.13,1.14,-1,133,10,0.00251091413933524,6.69036950505252e-05,0.974046383666801
240,1.14,1.15,-1,134,10,0.00240268802756596,0.000117416273019016,0.953408169260391
241,1.15,1.16,-1,133,10,0.00209962436999085,0.000109105709165071,0.950602515810005
242,1.16,1.17,-1,133,10,0.00209807710576669,0.00013620198335493,0.939039852264617
243,1.17,1.18,-1,134,10,0.00216043517226381,0.000102137953092723,0.954857612358218
244,1.18,1.19,-1,133,10,0.00303118064011383,7.03897925094123e-05,0.977305112349205
245,1.19,1.2,-1,133,10,0.00211389098726278,0.0001017020197041,0.954097156208608
246,1.2,1.21,-1,134,10,0.00283675421075127,0.000121136202949941,0.959046419573616
247,1.21,1.22,-1,133,10,0.0024733075929105,0.000155550970912884,0.940829463762915
248,1.22,1.23,-1,133,10,0.00276815223645519,7.31664902451726e-05,0.974249108501058
249,1.23,1.24,-1,134,10,0.00694383989650103,0.000113256112753526,0.983951456434063
250,1.24,1.25,-1,211,10,0.00250447998033494,0.000188201931943538,0.930106140244287
1,0,0.01,1,212,12,0,0.00160664325302288,0
2,0.01,0.02,1,133,12,0.00301590557310089,0.000285330181983669,0.913568674535224
3,0.02,0.03,1,134,12,0.00251020373361909,0.000105587401915293,0.959634620485965
4,0.03,0.04,1,133,12,0.000634575179410849,0.000148675319767568,0.810181646965409
5,0.04,0.05,1,133,12,0.00123198779589648,0.000126023111943654,0.907200221135123
6,0.05,0.06,1,133,12,0.00063046694198489,0.000115707996697021,0.844931810626856
7,0.06,0.07,1,134,12,0.00118800974893496,0.000140514132332391,0.894232889364136
8,0.07,0.08,1,133,12,0.000746624211690074,8.69930378267865e-05,0.895643908667671
9,0.08,0.09,1,134,12,0.000697148548790988,0.000118413375575873,0.854807621545354
10,0.09,0.1,1,133,12,0.000624660137991547,0.000111390761332726,0.848664322759489
11,0.1,0.11,1,133,12,0.000980375252726687,5.79285023820184e-05,0.944208520775355
12,0.11,0.12,1,134,12,0.00057231991852954,0.00010416523739636,0.846019921525417
13,0.12,0.13,1,133,12,0.000611100710166013,7.0915040438918e-05,0.896021403646444
14,0.13,0.14,1,133,12,0.00115086838409323,0.000141745265353058,0.890342125496063
15,0.14,0.15,1,134,12,0.000660864078859791,9.84047895215438e-05,0.870395332115578
16,0.15,0.16,1,133,12,0.000869102225050306,8.98576892650271e-05,0.906296720098897
17,0.16,0.17,1,133,12,0.000927500171966558,8.4707298830407e-05,0.916314292006053
18,0.17,0.18,1,134,12,0.000487070617592575,0.000107958068702157,0.818566615041006
19,0.18,0.19,1,133,12,0.000409160182269103,7.08014625135271e-05,0.852485165672785
20,0.19,0.2,1,133,12,0.00105563894847236,5.74135437688676e-05,0.948417937007391
21,0.2,0.21,1,134,12,0.00157837312577433,7.83168043453333e-05,0.952726938866782
22,0.21,0.22,1,133,12,0.00135781645928538,0.000100479652168113,0.931097908457039
23,0.22,0.23,1,133,12,0.0013329684541188,0.000120658140475135,0.916995092877452
24,0.23,0.24,1,133,12,0.000740913750644325,7.09593370282178e-05,0.912597993324742
25,0.24,0.25,1,134,12,0.000804011724638344,7.03641590475362e-05,0.919526418374075
26,0.25,0.26,1,133,12,0.00133491254757428,7.85913307289491e-05,0.944399635589759
27,0.26,0.27,1,133,12,0.0012473185119251,9.55719131576395e-05,0.92883119026502
28,0.27,0.28,1,134,12,0.00108772154886408,0.000116023069171807,0.90361488023837
29,0.28,0.29,1,133,12,0.00156705360846634,6.45559152621673e-05,0.96043421276762
30,0.29,0.3,1,134,12,0.000475113723747522,8.95137781112089e-05,0.841464013324655
31,0.3,0.31,1,133,12,0.00059694773733663,4.66107993923514e-05,0.927573333687313
32,0.31,0.32,1,133,12,0.000562344154402657,0.000132894250428215,0.808850820805068
33,0.32,0.33,1,134,12,0.00108969714490843,7.81801982164707e-05,0.933057868896332
34,0.33,0.34,1,133,12,0.000651871213210475,9.87636235189761e-05,0.868426538862367
35,0.34,0.35,1,133,12,0.00150529255184052,0.00015558061904985,0.906326008646136
36,0.35,0.36,1,134,12,0.000767220528156416,0.000113401824602736,0.871225362100533
37,0.36,0.37,1,133,12,0.00065316919047261,9.84950777641636e-05,0.86896400171421
38,0.37,0.38,1,133,12,0.000885645668910131,6.44666618989854e-05,0.932148378872122
39,0.38,0.39,1,134,12,0.000591528314705228,5.42202359028892e-05,0.916035063722824
40,0.39,0.4,1,133,12,0.000642732332952661,5.87799407122351e-05,0.91620967598307
41,0.4,0.41,1,133,12,0.000691400647904472,6.99604648495266e-05,0.908111323683889
42,0.41,0.42,1,134,12,0.00121353511177503,5.26677098869728e-05,0.958404997220081
43,0.42,0.43,1,133,12,0.000672292018878415,8.45132117581133e-05,0.88832898038108
44,0.43,0.44,1,133,12,0.000608206584556902,9.13350202345461e-05,0.86943589972497
45,0.44,0.45,1,134,12,0.00113470235192301,7.17785047025585e-05,0.940505890078258
46,0.45,0.46,1,133,12,0.000659658519744744,9.08550013124743e-05,0.878942885419985
47,0.46,0.47,1,133,12,0.00101729670910619,0.000124555873759842,0.890917728234928
48,0.47,0.48,1,134,12,0.00054209952747242,8.13058413143157e-05,0.869577893638369
49,0.48,0.49,1,133,12,0.000566297221478515,9.47225054906085e-05,0.856702452852768
50,0.49,0.5,1,133,12,0.000445692704449241,5.95546168650591e-05,0.882127792958626
51,0.5,0.51,1,134,12,0.000625304841322619,0.000101783225902152,0.86001252050436
52,0.51,0.52,1,133,12,0.00042903439363243,9.15463719472332e-05,0.824145688814882
53,0.52,0.53,1,133,12,0.000477329556742742,6.89931869456394e-05,0.873713500412144
54,0.53,0.54,1,134,12,0.000618029530223672,0.00012951651105169,0.826744435927015
55,0.54,0.55,1,133,12,0.000451750634169191,6.32810466719569e-05,0.877131739607539
56,0.55,0.56,1,133,12,0.000541708539226088,9.29161966496424e-05,0.85358875663517
57,0.56,0.57,1,134,12,0.000969068508832523,8.16211809039825e-05,0.92231656815396
58,0.57,0.58,1,133,12,0.000894192022915399,8.49860579680031e-05,0.913206739787997
59,0.58,0.59,1,133,12,0.00165431585057709,6.53885595726264e-05,0.961976861147356
60,0.59,0.6,1,134,12,0.00052812588929414,6.83227026067343e-05,0.885450810791605
61,0.6,0.61,1,133,12,0.000888084546663757,6.21833631116049e-05,0.934562282413278
62,0.61,0.62,1,133,12,0.000540489190135825,6.84224183464837e-05,0.887631607948772
63,0.62,0.63,1,134,12,0.00127377460378527,7.65911689231346e-05,0.943281168353729
64,0.63,0.64,1,133,12,0.000673917526823998,8.08415162199762e-05,0.892890960413089
65,0.64,0.65,1,133,12,0.00164478279066635,0.000137196565821316,0.923008891589106
66,0.65,0.66,1,134,12,0.000827910598826744,0.000110062744955903,0.882658984196668
67,0.66,0.67,1,133,12,0.000888543106707395,0.000138561703552276,0.865094874283331
68,0.67,0.68,1,133,12,0.00068738278420664,7.96020294883443e-05,0.896214334277549
69,0.68,0.69,1,133,12,0.00134474320405695,8.37399172397551e-05,0.941378434234672
70,0.69,0.7,1,134,12,0.00116282585109457,8.40768285378323e-05,0.932571458934855
71,0.7,0.71,1,133,12,0.00122312663978179,6.35404254165409e-05,0.950616264972364
72,0.71,0.72,1,134,12,0.000968995378017501,8.94953470636475e-05,0.915450041324843
73,0.72,0.73,1,133,12,0.000536263738450928,7.52614015783614e-05,0.876928360500834
74,0.73,0.74,1,133,12,0.000602689636698013,7.38859502433117e-05,0.890794241368749
75,0.74,0.75,1,134,12,0.00107260002739722,5.55787446600465e-05,0.950735870912819
76,0.75,0.76,1,133,12,0.000817980403197379,5.51213063279139e-05,0.936867256441539
77,0.76,0.77,1,133,12,0.000532039848603338,9.39666645181859e-05,0.849895068903309
78,0.77,0.78,1,134,12,0.000767763518052028,7.78305404931122e-05,0.907957559887517
79,0.78,0.79,1,133,12,0.000687156138886257,5.14467081120656e-05,0.930345911444635
80,0.79,0.8,1,133,12,0.000663170705393306,6.12139275193592e-05,0.915495270415628
81,0.8,0.81,1,134,12,0.000648365947023882,0.000113125474468564,0.851442220784511
82,0.81,0.82,1,133,12,0.000511225026188042,5.87381725188603e-05,0.896943920849413
83,0.82,0.83,1,133,12,0.000668345847537143,5.87733537459483e-05,0.919169575439301
84,0.83,0.84,1,134,12,0.000912824057096308,6.94610725946487e-05,0.929286242359688
85,0.84,0.85,1,133,12,0.000639975266524309,0.000109374448022282,0.854040849153507
86,0.85,0.86,1,133,12,0.000448900565994256,6.40646993107388e-05,0.875109088969898
87,0.86,0.87,1,134,12,0.000756996081596818,7.75691152914285e-05,0.907054457122521
88,0.87,0.88,1,133,12,0.000760099807618968,0.000104416966317565,0.879219270851035
89,0.88,0.89,1,133,12,0.000729473368418736,4.6248410265845e-05,0.94038015750406
90,0.89,0.9,1,134,12,0.000548273839400113,8.20000425831304e-05,0.869897762025128
91,0.9,0.91,1,133,12,0.000611964043136539,6.9533061048779e-05,0.897970129848313
92,0.91,0.92,1,133,12,0.000636438205438247,0.000119228796668607,0.842220453802814
93,0.92,0.93,1,134,12,0.00100532867570308,9.55626629957442e-05,0.913195190445687
94,0.93,0.94,1,133,12,0.00082662231998071,9.27025200990912e-05,0.89916238955205
95,0.94,0.95,1,133,12,0.00129959527306497,4.41693445702334e-05,0.967130147653416
96,0.95,0.96,1,134,12,0.00123189373515554,0.000107336017764436,0.919852424477273
97,0.96,0.97,1,133,12,0.00100303326257737,0.000113438076465471,0.898395890249433
98,0.97,0.98,1,133,12,0.00078561748516275,8.52424939743481e-05,0.902116877550382
99,0.98,0.99,1,134,12,0.00196722334684739,9.81908041331523e-05,0.952459508381631
100,0.99,1,1,133,12,0.00120256223307156,0.000126400964570419,0.904887535791288
101,1,1.01,1,133,12,0.00169192436717897,0.000122366954815549,0.93255385541886
102,1.01,1.02,1,134,12,0.000606228743646505,0.000126314023252574,0.827567714869027
103,1.02,1.03,1,133,12,0.000753418285467087,0.000100707038713722,0.882093369833859
104,1.03,1.04,1,133,12,0.000540837514992855,6.70137917796284e-05,0.889752985585484
105,1.04,1.05,1,133,12,0.00124422546842685,0.000121742925353585,0.910874273586484
106,1.05,1.06,1,134,12,0.000939088073342984,6.88865829944922e-05,0.931658417638401
107,1.06,1.07,1,133,12,0.000918535729261642,9.08414623270054e-05,0.910002461830913
108,1.07,1.08,1,134,12,0.000886789245502238,7.36865937074371e-05,0.923281158464049
109,1.08,1.09,1,133,12,0.00153988164325252,6.06267150264853e-05,0.96212033838319
110,1.09,1.1,1,133,12,0.000965201786808095,6.35844650571714e-05,0.938194678494305
111,1.1,1.11,1,133,12,0.000995430618483699,8.76007535966648e-05,0.919115220616006
112,1.11,1.12,1,134,12,0.00138762077202688,7.31359534053161e-05,0.949932831297643
113,1.12,1.13,1,133,12,0.00105663068490354,8.36351667266917e-05,0.92665292343262
114,1.13,1.14,1,134,12,0.00098483894112493,8.4969455748203e-05,0.920575071202886
115,1.14,1.15,1,133,12,0.000867416774086778,7.35423165851212e-05,0.921843237060808
116,1.15,1.16,1,133,12,0.000709373616007075,6.04635973025694e-05,0.9214592432566
117,1.16,1.17,1,134,12,0.000894905128376338,7.1174977860936e-05,0.926326008162873
118,1.17,1.18,1,133,12,0.000656754882885485,9.4285644608822e-05,0.874459977648095
119,1.18,1.19,1,133,12,0.00069643031129832,5.98203062534768e-05,0.920898833184252
120,1.19,1.2,1,133,12,0.000652344039111715,7.93289872178126e-05,0.891578636408437
121,1.2,1.21,1,134,12,0.000625294364088073,5.04650041125898e-05,0.925321044017544
122,1.21,1.22,1,133,12,0.000677947799980947,0.000107487786643266,0.863148820254954
123,1.22,1.23,1,133,12,0.000647849766309707,6.48585153732029e-05,0.908997107175389
124,1.23,1.24,1,134,12,0.000978003831479775,7.26054848308867e-05,0.930892022654197
125,1.24,1.25,1,211,12,0.000388920984727003,0.000161603077471708,0.706455923422694
126,0,0.01,-1,212,12,0.00104845851412085,0.000183399426578242,0.85111966200083
127,0.01,0.02,-1,133,12,0.000588604377808537,8.2369859589311e-05,0.877238416919321
128,0.02,0.03,-1,133,12,0.000382966399262003,9.43709035485593e-05,0.802297237209614
129,0.03,0.04,-1,133,12,0.000808029957143351,7.70786346468713e-05,0.912916182983862
130,0.04,0.05,-1,134,12,0.000891387412350469,7.08060518712414e-05,0.926411834517589
131,0.05,0.06,-1,133,12,0.000532725396519298,9.93800011100888e-05,0.842779382231511
132,0.06,0.07,-1,133,12,0.000442879301352154,8.0522084578885e-05,0.846156149480479
133,0.07,0.08,-1,134,12,0.00119527289943939,5.48821437992852e-05,0.956099730112589
134,0.08,0.09,-1,133,12,0.000723122767131183,5.50429925667674e-05,0.929265722783623
135,0.09,0.1,-1,134,12,0.00125872093637069,5.58859660850623e-05,0.957488458351569
136,0.1,0.11,-1,133,12,0.000533307895198224,8.44799328076421e-05,0.86325413195606
137,0.11,0.12,-1,133,12,0.00098764033252521,7.70598129267831e-05,0.927622990138628
138,0.12,0.13,-1,134,12,0.00045173974358072,4.22648549442631e-05,0.914444409889181
139,0.13,0.14,-1,133,12,0.000601201714646406,5.69619560027693e-05,0.913453205421404
140,0.14,0.15,-1,133,12,0.000633739776518101,9.14013354583184e-05,0.873953725766288
141,0.15,0.16,-1,134,12,0.000723992597789577,4.94286340981468e-05,0.936090926832324
142,0.16,0.17,-1,133,12,0.000912624744087676,4.49777472753904e-05,0.953030879011845
143,0.17,0.18,-1,133,12,0.000706442646515105,6.71514251058665e-05,0.913195527771873
144,0.18,0.19,-1,133,12,0.00127664729435642,5.79085614663911e-05,0.956608364338046
145,0.19,0.2,-1,134,12,0.00147391577177681,7.68072066563239e-05,0.950470066075934
146,0.2,0.21,-1,133,12,0.00131887622145478,5.47824971583143e-05,0.960119281146029
147,0.21,0.22,-1,134,12,0.000988260897964108,7.97956891101524e-05,0.925288893794721
148,0.22,0.23,-1,133,12,0.000715037607112775,6.11541974405252e-05,0.921212518501507
149,0.23,0.24,-1,133,12,0.000487312017747424,6.99035227416433e-05,0.874548504730703
150,0.24,0.25,-1,134,12,0.000996992890507919,8.71438675291898e-05,0.919619119190305
151,0.25,0.26,-1,133,12,0.00106621459011189,6.8609624877747e-05,0.939541627706302
152,0.26,0.27,-1,133,12,0.000937164391869135,9.27025505494723e-05,0.909985895525723
153,0.27,0.28,-1,134,12,0.00078916279324794,9.97130583159019e-05,0.88782116406867
154,0.28,0.29,-1,133,12,0.00078787043242603,6.72223778420098e-05,0.921385869422831
155,0.29,0.3,-1,133,12,0.00085325584834363,0.000128157118671896,0.869415706762443
156,0.3,0.31,-1,134,12,0.00117675660383215,8.61929346120284e-05,0.931752669454863
157,0.31,0.32,-1,133,12,0.000762199505048443,9.39614379912583e-05,0.890252599403029
158,0.32,0.33,-1,133,12,0.00136991789935765,5.79876223268561e-05,0.959389734512373
159,0.33,0.34,-1,133,12,0.000318906547741137,7.8554810512634e-05,0.802358622086532
160,0.34,0.35,-1,134,12,0.000593912247499374,5.54221320857578e-05,0.914647778050551
161,0.35,0.36,-1,133,12,0.000766886750181749,7.58544302561946e-05,0.909990834651303
162,0.36,0.37,-1,134,12,0.00114159117699805,4.49796968300082e-05,0.962092701058052
163,0.37,0.38,-1,133,12,0.000988968098344904,8.22631352608062e-05,0.923206929857793
164,0.38,0.39,-1,133,12,0.000708216140106353,4.42330268629956e-05,0.941214597869576
165,0.39,0.4,-1,134,12,0.000886145898262152,8.6195134434559e-05,0.911352980553023
166,0.4,0.41,-1,133,12,0.00100534877053658,7.61101849136199e-05,0.929622678207019
167,0.41,0.42,-1,133,12,0.000924616266371528,7.78614244332319e-05,0.922331015295984
168,0.42,0.43,-1,134,12,0.000836006056419982,5.69588767237399e-05,0.936213758671112
169,0.43,0.44,-1,133,12,0.00101403841955364,5.92660878660901e-05,0.944781664982877
170,0.44,0.45,-1,133,12,0.000299383970356677,5.59808031361079e-05,0.842469464303151
171,0.45,0.46,-1,133,12,0.000986746202569471,3.47676282709488e-05,0.965964603492109
172,0.46,0.47,-1,134,12,0.000559047019375186,5.8167593153168e-05,0.905757913094619
173,0.47,0.48,-1,133,12,0.000776636009610799,5.64158941966861e-05,0.932278056218543
174,0.48,0.49,-1,133,12,0.000650715595407914,6.46429604487258e-05,0.909635580759475
175,0.49,0.5,-1,134,12,0.000642371528421438,7.91019515671353e-05,0.890360555500407
176,0.5,0.51,-1,133,12,0.000599652632528908,6.79541967538225e-05,0.898212250424652
177,0.51,0.52,-1,134,12,0.000945457623362274,5.0521815222771e-05,0.949274238738758
178,0.52,0.53,-1,133,12,0.000838535342305757,6.55876433106057e-05,0.92745716638772
179,0.53,0.54,-1,133,12,0.000825136873505413,5.60070823840346e-05,0.936438215333952
180,0.54,0.55,-1,134,12,0.000972945176309378,6.75548255408357e-05,0.935074651205469
181,0.55,0.56,-1,133,12,0.000633448378963703,5.44023219501478e-05,0.920909694679571
182,0.56,0.57,-1,133,12,0.000942487990280443,4.80358932878685e-05,0.951504558259795
183,0.57,0.58,-1,134,12,0.000687471516784375,3.44353096129466e-05,0.952299509640605
184,0.58,0.59,-1,133,12,0.00059507784991742,0.000100323492242037,0.855732961442814
185,0.59,0.6,-1,133,12,0.000904479212618252,9.45468887899991e-05,0.905360942365046
186,0.6,0.61,-1,133,12,0.000741087682808466,7.27114110920414e-05,0.910651889837406
187,0.61,0.62,-1,134,12,0.0014959867985366,7.89054512280353e-05,0.949897873178417
188,0.62,0.63,-1,133,12,0.000524104921201663,5.29470287574902e-05,0.908245646234731
189,0.63,0.64,-1,133,12,0.000986406060929185,6.81785075688748e-05,0.935350364868344
190,0.64,0.65,-1,134,12,0.000564517395783827,0.000108617881257829,0.838638851710178
191,0.65,0.66,-1,133,12,0.00052873593974841,0.000148276824307459,0.780983709348169
192,0.66,0.67,-1,134,12,0.0011275588376988,9.47352875059991e-05,0.922493869885756
193,0.67,0.68,-1,133,12,0.00135094808008508,9.8672738179429e-05,0.93193203564946
194,0.68,0.69,-1,133,12,0.00087974977097254,8.03260203643616e-05,0.916333667519615
195,0.69,0.7,-1,134,12,0.000735073970576495,4.43912086347885e-05,0.943049144697257
196,0.7,0.71,-1,133,12,0.000695887301619162,7.09514968026247e-05,0.907475342994319
197,0.71,0.72,-1,133,12,0.00100700096646261,6.25087582765751e-05,0.941553819632806
198,0.72,0.73,-1,134,12,0.00150264498697649,5.15300743242215e-05,0.966844099093254
199,0.73,0.74,-1,133,12,0.000721796792040644,5.47198972093694e-05,0.929531588996214
200,0.74,0.75,-1,133,12,0.000661270114674055,6.42014374277926e-05,0.911503852574526
201,0.75,0.76,-1,133,12,0.000622163046908747,6.96031414898862e-05,0.899383429463342
202,0.76,0.77,-1,134,12,0.000493778552101369,7.02337842740563e-05,0.875474737440306
203,0.77,0.78,-1,133,12,0.000410626168751076,6.34955743379777e-05,0.86607748903418
204,0.78,0.79,-1,134,12,0.00040824008407923,4.20691082883754e-05,0.906577282894921
205,0.79,0.8,-1,133,12,0.000960136640299864,6.49306148009675e-05,0.936657214950661
206,0.8,0.81,-1,133,12,0.000392238587894508,6.1864413833269e-05,0.86376567959717
207,0.81,0.82,-1,134,12,0.000944211295859037,5.57764512380655e-05,0.94422286533012
208,0.82,0.83,-1,133,12,0.00107625304862004,5.88315512428539e-05,0.948169897424421
209,0.83,0.84,-1,133,12,0.000716050132612399,6.07189302570651e-05,0.921831425632783
210,0.84,0.85,-1,134,12,0.000680015598134017,7.79481894917859e-05,0.897161063939551
211,0.85,0.86,-1,133,12,0.000612545586854633,8.30939900396171e-05,0.880550226295924
212,0.86,0.87,-1,133,12,0.000308381654783948,6.06107234151132e-05,0.835739904138574
213,0.87,0.88,-1,134,12,0.000920185467469847,4.84252804215703e-05,0.950005427332922
214,0.88,0.89,-1,133,12,0.000855314633076201,4.97559360043939e-05,0.945025351940305
215,0.89,0.9,-1,133,12,0.00070198510157376,3.97605547475488e-05,0.946395972246415
216,0.9,0.91,-1,134,12,0.000934678832920975,6.43619617943534e-05,0.935576242597087
217,0.91,0.92,-1,133,12,0.00128625363622243,7.51724169523165e-05,0.944784061699848
218,0.92,0.93,-1,133,12,0.00110272919838328,0.000101044712136788,0.916060058077573
219,0.93,0.94,-1,134,12,0.000716030232694647,7.86634374164981e-05,0.901014138686299
220,0.94,0.95,-1,133,12,0.000763536539890878,7.40726247328118e-05,0.911566601869632
221,0.95,0.96,-1,133,12,0.000856985279914435,6.07790744138945e-05,0.933774858298592
222,0.96,0.97,-1,134,12,0.00182066183517322,9.13574370428464e-05,0.952219395290424
223,0.97,0.98,-1,133,12,0.00104595786291129,8.92292790780586e-05,0.921396855392768
224,0.98,0.99,-1,133,12,0.00163764820136616,6.06339510662182e-05,0.96429689202152
225,0.99,1,-1,134,12,0.000724388633603352,7.70936100215788e-05,0.90381120650546
226,1,1.01,-1,133,12,0.00120798215951284,8.5353209689964e-05,0.934005354123599
227,1.01,1.02,-1,133,12,0.000513166054069016,0.000109851287799345,0.823678603439973
228,1.02,1.03,-1,134,12,0.00125038980200426,7.36842523403454e-05,0.944350354046611
229,1.03,1.04,-1,133,12,0.000901678283421565,6.65969215613336e-05,0.931221081342768
230,1.04,1.05,-1,133,12,0.00120630148537516,6.88986464422607e-05,0.945970326756424
231,1.05,1.06,-1,134,12,0.00055763758089722,7.3316100445911e-05,0.883801136891949
232,1.06,1.07,-1,133,12,0.000609942786997463,4.57817765860333e-05,0.93018139150402
233,1.07,1.08,-1,133,12,0.00029135414660051,6.83576305406928e-05,0.809965547739463
234,1.08,1.09,-1,134,12,0.000747385429882407,8.29770181371888e-05,0.900071326280363
235,1.09,1.1,-1,133,12,0.000780583652967913,4.8007820342266e-05,0.942060928830854
236,1.1,1.11,-1,133,12,0.00071528230688311,6.7093256757458e-05,0.914244181598339
237,1.11,1.12,-1,134,12,0.000905332259150523,4.07711364279934e-05,0.956906257161182
238,1.12,1.13,-1,133,12,0.000837773335457413,5.23927997606361e-05,0.941142672487982
239,1.13,1.14,-1,133,12,0.000670512403823202,9.52605651398956e-05,0.875602079205167
240,1.14,1.15,-1,134,12,0.000753887645074589,5.82623649958255e-05,0.928261572033011
241,1.15,1.16,-1,133,12,0.000921655436510405,0.000101481433848472,0.900813432895957
242,1.16,1.17,-1,133,12,0.000652514533215212,4.37928538179559e-05,0.937107009585883
243,1.17,1.18,-1,134,12,0.000637498134006457,6.79938463501871e-05,0.903622084668043
244,1.18,1.19,-1,133,12,0.000665013785680309,7.19070241247998e-05,0.902422318425481
245,1.19,1.2,-1,133,12,0.000501903111947724,5.85965060287112e-05,0.895456653047755
246,1.2,1.21,-1,134,12,0.000821049967633055,5.58829152991524e-05,0.936274581114696
247,1.21,1.22,-1,133,12,0.00078152389988864,8.44232617051786e-05,0.902507606180274
248,1.22,1.23,-1,133,12,0.00097799830903439,0.000108367661004257,0.90024755561848
249,1.23,1.24,-1,134,12,0.00114916580262064,0.000113972041464205,0.90977070159213
250,1.24,1.25,-1,211,12,0.00119607206763698,0.000112351275588662,0.914132321033279
1,0,0.01,1,212,14,0.000910393520723491,0.000138852610536719,0.867664405519467
2,0.01,0.02,1,133,14,0.000818513455894791,0.000103181843958637,0.888052110089912
3,0.02,0.03,1,134,14,0.00228088210153951,7.54867771159657e-05,0.967964787771668
4,0.03,0.04,1,133,14,0.000676895409992846,4.68719970053803e-05,0.935238867414908
5,0.04,0.05,1,133,14,0.000532537330287802,7.97666945917395e-05,0.869726979816224
6,0.05,0.06,1,133,14,0.000711565360447107,7.53110091053011e-05,0.904291179632018
7,0.06,0.07,1,134,14,0.000199568764414713,7.23109966035748e-05,0.73403317579527
8,0.07,0.08,1,133,14,0.000771886914270588,4.25211546448761e-05,0.947788883401535
9,0.08,0.09,1,134,14,0.000281441392623456,6.40622293412117e-05,0.8145830455353
10,0.09,0.1,1,133,14,0.000764667794901335,9.30171028705198e-05,0.891548629208506
11,0.1,0.11,1,133,14,0.00035768148660512,6.56445622403866e-05,0.844931436609176
12,0.11,0.12,1,134,14,0.000451364322187444,5.65688219184739e-05,0.888629394291549
13,0.12,0.13,1,133,14,0.000360383146901334,5.3090559963592e-05,0.871598703660894
14,0.13,0.14,1,133,14,0.000347108797852537,6.82792850748656e-05,0.835625315503337
15,0.14,0.15,1,134,14,0.000378953127566877,5.31634809780071e-05,0.876969595875913
16,0.15,0.16,1,133,14,0.00030610642172756,3.76412074402491e-05,0.890497550393653
17,0.16,0.17,1,133,14,0.000540867398976673,6.85904658830553e-05,0.887456590786892
18,0.17,0.18,1,134,14,0.000238223274906337,5.85803362548472e-05,0.802629300817253
19,0.18,0.19,1,133,14,0.000588713367077441,5.44546926338312e-05,0.915333649095888
20,0.19,0.2,1,133,14,0.000327840309411479,6.31003699393704e-05,0.838593491871586
21,0.2,0.21,1,134,14,0.00173027061217312,7.86266063499945e-05,0.956533403034259
22,0.21,0.22,1,133,14,0.000236749963636407,0.000101356370533717,0.70022339042392
23,0.22,0.23,1,133,14,0.000592810662258222,8.33364089802214e-05,0.876748103297141
24,0.23,0.24,1,133,14,0.000461886965582669,9.12142761585995e-05,0.835085750537389
25,0.24,0.25,1,134,14,0.000643179536100012,6.77739118516117e-05,0.904671800879678
26,0.25,0.26,1,133,14,0.000492421720049168,7.50698888439349e-05,0.867716301584865
27,0.26,0.27,1,133,14,0.00103822661126407,5.96359006491461e-05,0.945679991800412
28,0.27,0.28,1,134,14,0.000518926966574927,8.26040043611674e-05,0.862677055127153
29,0.28,0.29,1,133,14,0.000574085142730343,5.93843172800644e-05,0.906255437666894
30,0.29,0.3,1,134,14,0.000547751749980204,5.39768589552114e-05,0.91029700407513
31,0.3,0.31,1,133,14,0.000444097106059929,5.35438280283548e-05,0.892404695111243
32,0.31,0.32,1,133,14,0.000400969203697868,3.6783501752533e-05,0.915971960208249
33,0.32,0.33,1,134,14,0.000558110505379848,5.00164471192626e-05,0.917753280110807
34,0.33,0.34,1,133,14,0.000372611446238115,6.85422843696002e-05,0.844629480351035
35,0.34,0.35,1,133,14,0.000928233149458452,3.80192596581648e-05,0.960652869478563
36,0.35,0.36,1,134,14,0.000411335006694523,6.99136212526303e-05,0.854724528668563
37,0.36,0.37,1,133,14,0.000453858273074797,5.15524311649703e-05,0.897998932882684
38,0.37,0.38,1,133,14,0.000468199027300641,4.69923489610523e-05,0.908786615758137
39,0.38,0.39,1,134,14,0.000439701536057717,6.67406908505834e-05,0.868216575742473
40,0.39,0.4,1,133,14,0.000455637436378574,4.02375840776506e-05,0.918855392149759
41,0.4,0.41,1,133,14,0.000398301381451822,5.58572318988954e-05,0.877009418610849
42,0.41,0.42,1,134,14,0.000731343788413924,4.99238918389189e-05,0.93609886457512
43,0.42,0.43,1,133,14,0.00038691732895023,5.38555513716015e-05,0.877815642077891
44,0.43,0.44,1,133,14,0.000418292333919273,5.02496990990747e-05,0.892753060434373
45,0.44,0.45,1,134,14,0.000516655708397859,7.73157383701454e-05,0.869832567220451
46,0.45,0.46,1,133,14,0.000563909409172649,3.69231835348542e-05,0.938546636811979
47,0.46,0.47,1,133,14,0.000308349401773228,5.35076946281498e-05,0.852130315640409
48,0.47,0.48,1,134,14,0.000556111159219049,4.71821730968285e-05,0.921792317982848
49,0.48,0.49,1,133,14,0.000534347184016001,3.83481470149476e-05,0.933039183424257
50,0.49,0.5,1,133,14,0.000379526393389049,4.26052706480726e-05,0.899071132829482
51,0.5,0.51,1,134,14,0.000421725782898158,6.09024021117459e-05,0.873810929400039
52,0.51,0.52,1,133,14,0.000284453047010103,7.07435115654933e-05,0.800832778760054
53,0.52,0.53,1,133,14,0.000317757649784699,4.27933944071932e-05,0.881311134452248
54,0.53,0.54,1,134,14,0.000227479579568766,6.56411455316348e-05,0.776061056381629
55,0.54,0.55,1,133,14,0.000634120977232176,7.82977245197638e-05,0.89009591645023
56,0.55,0.56,1,133,14,0.000580014289979649,0.000100476237628348,0.852347338350861
57,0.56,0.57,1,134,14,0.000667414364611568,4.39764078601924e-05,0.938182487653875
58,0.57,0.58,1,133,14,0.000793644830337584,7.37638227214401e-05,0.91496070224651
59,0.58,0.59,1,133,14,0.0010018919782607,4.62677694929235e-05,0.955858093585369
60,0.59,0.6,1,134,14,0.00109052822702801,5.6988696187141e-05,0.950337380622267
61,0.6,0.61,1,133,14,0.000310969082388467,3.72620258056668e-05,0.89299627480468
62,0.61,0.62,1,133,14,0.000871372026618954,8.17076038597668e-05,0.914269908571306
63,0.62,0.63,1,134,14,0.000257479896809812,4.96775628192676e-05,0.838266787076382
64,0.63,0.64,1,133,14,0.00100075696424156,5.47073481388212e-05,0.948167505526132
65,0.64,0.65,1,133,14,0.000140482281907116,8.94559401222647e-05,0.610956632904492
66,0.65,0.66,1,134,14,0.00139985666235702,6.33777813174547e-05,0.95668651623707
67,0.66,0.67,1,133,14,0.000178140016297525,6.96199484137654e-05,0.719002428439591
68,0.67,0.68,1,133,14,0.00063715621008271,7.37563869345542e-05,0.896251118289351
69,0.68,0.69,1,133,14,0.000259141192359708,7.95211713733862e-05,0.76519040823781
70,0.69,0.7,1,134,14,0.000598358741652033,9.00696245422641e-05,0.869166308413208
71,0.7,0.71,1,133,14,0.000331482065626146,7.05869001430267e-05,0.824440814505563
72,0.71,0.72,1,134,14,0.000457909727653442,7.47675546636412e-05,0.859638176536437
73,0.72,0.73,1,133,14,0.000320716482712568,4.58624923200327e-05,0.874890554440679
74,0.73,0.74,1,133,14,0.000379078856572263,5.58026182361006e-05,0.871683156288295
75,0.74,0.75,1,134,14,0.000506068516277364,5.6423999229164e-05,0.899689333326766
76,0.75,0.76,1,133,14,0.000380902462458678,0.000102689873596458,0.78765198300258
77,0.76,0.77,1,133,14,0.000404644157926099,6.29130428381767e-05,0.865443109986675
78,0.77,0.78,1,134,14,0.000503830012206202,8.14234046271303e-05,0.860874960683368
79,0.78,0.79,1,133,14,0.000465917048063989,5.5287300979971e-05,0.89392394541338
80,0.79,0.8,1,133,14,0.000413555721946231,8.74379371251316e-05,0.825470970456581
81,0.8,0.81,1,134,14,0.000356538880079627,5.40075200606449e-05,0.868449656257631
82,0.81,0.82,1,133,14,0.000493204412475779,5.94298745327719e-05,0.892460754010631
83,0.82,0.83,1,133,14,0.000131766647242933,7.11084856656502e-05,0.649496295350835
84,0.83,0.84,1,134,14,0.000602675279560398,0.000121889535476672,0.831775525188267
85,0.84,0.85,1,133,14,0.000251654777440983,8.38023924636379e-05,0.750184524338934
86,0.85,0.86,1,133,14,0.000196549183014806,5.74712801821464e-05,0.773753344676068
87,0.86,0.87,1,134,14,0.000396338417449202,9.52136603599082e-05,0.806299953436707
88,0.87,0.88,1,133,14,0.000474514010044033,6.55843908646812e-05,0.878569551855114
89,0.88,0.89,1,133,14,0.000576763670281299,5.39942940734443e-05,0.914397760908688
90,0.89,0.9,1,134,14,0.000242774160533093,8.54036021855229e-05,0.73976420133393
91,0.9,0.91,1,133,14,0.000687562471715181,7.96506109166777e-05,0.896181891680675
92,0.91,0.92,1,133,14,0.00045227735952044,6.19234293351631e-05,0.879573445476467
93,0.92,0.93,1,134,14,0.0010482591124954,8.54938056094577e-05,0.92459220678138
94,0.93,0.94,1,133,14,0.000281407763907135,4.76086238366067e-05,0.855300144278263
95,0.94,0.95,1,133,14,0.000985622702679671,8.1682663964042e-05,0.923468328262132
96,0.95,0.96,1,134,14,0.000224657126843803,6.93688915167373e-05,0.764072268489941
97,0.96,0.97,1,133,14,0.00145754964286424,5.38317417905499e-05,0.964382423697216
98,0.97,0.98,1,133,14,0.000418023532795576,6.88420666330484e-05,0.858601497592272
99,0.98,0.99,1,134,14,0.00152509492620005,0.000100815379542668,0.937994501180915
100,0.99,1,1,133,14,0.000405384423240084,7.66997140992279e-05,0.840899734800352
101,1,1.01,1,133,14,0.00147421365146577,0.000136445332115877,0.915286020500466
102,1.01,1.02,1,134,14,0.000208245628101955,5.01837984255599e-05,0.805812367810146
103,1.02,1.03,1,133,14,0.00074142315939107,7.21366299445416e-05,0.9113321099566
104,1.03,1.04,1,133,14,0.000358566804647386,8.80456657196555e-05,0.80285891782803
105,1.04,1.05,1,133,14,0.000931280019369907,0.000120980756154366,0.885027781165663
106,1.05,1.06,1,134,14,0.000486619982234208,0.000104732603861944,0.822893132922031
107,1.06,1.07,1,133,14,0.000602138747778093,6.0232241409285e-05,0.909065701257266
108,1.07,1.08,1,134,14,0.000519486259133391,6.77785905036886e-05,0.884585991234492
109,1.08,1.09,1,133,14,0.000606090401006028,8.3429110934321e-05,0.879003988299698
110,1.09,1.1,1,133,14,0.000822374534494253,6.98935288596277e-05,0.921667566362389
111,1.1,1.11,1,133,14,0.000524327056482635,7.21793370079921e-05,0.878996540865867
112,1.11,1.12,1,134,14,0.000832687831523399,0.000120781326935458,0.873324348392471
113,1.12,1.13,1,133,14,0.00065735076270765,0.000122625201454792,0.842783358604556
114,1.13,1.14,1,134,14,0.000615166481522151,7.39452184363686e-05,0.892694873065107
115,1.14,1.15,1,133,14,0.000369531601451549,7.73676010176308e-05,0.82687908013672
116,1.15,1.16,1,133,14,0.00073006373265184,4.51125496034385e-05,0.941803496009721
117,1.16,1.17,1,134,14,0.000462734029761817,5.40317796567706e-05,0.895442425423691
118,1.17,1.18,1,133,14,0.000746363306884096,7.24914906692845e-05,0.911472106060954
119,1.18,1.19,1,133,14,0.000437368045014855,6.57582440051642e-05,0.869300719441143
120,1.19,1.2,1,133,14,0.000372547238709564,7.20226279351401e-05,0.837994805003957
121,1.2,1.21,1,134,14,0.000455814697653176,7.85659688023548e-05,0.85297752382497
122,1.21,1.22,1,133,14,0.000569404667126319,6.8114086791365e-05,0.89315751674317
123,1.22,1.23,1,133,14,0.000418132738273104,8.79884685942019e-05,0.826151389429389
124,1.23,1.24,1,134,14,0.000570914087681532,8.10596520005441e-05,0.875670372797421
125,1.24,1.25,1,211,14,0.000764253387480152,7.540615476693e-05,0.91019436929743
126,0,0.01,-1,212,14,0.00068573460563218,9.8582821866888e-05,0.874307495396046
127,0.01,0.02,-1,133,14,0.00045322211959124,9.36423601829327e-05,0.828764961619738
128,0.02,0.03,-1,133,14,0.000477331346272193,6.15040285246218e-05,0.885857478180949
129,0.03,0.04,-1,133,14,0.000464496676513265,4.38600453334188e-05,0.913721913277569
130,0.04,0.05,-1,134,14,0.00056036496645737,7.86610427318766e-05,0.876904786971541
131,0.05,0.06,-1,133,14,0.000354606292363452,4.39753833380987e-05,0.889670333537795
132,0.06,0.07,-1,133,14,0.000396982728373818,5.15290384568573e-05,0.8851110667152
133,0.07,0.08,-1,134,14,0.000376235004223307,6.07026906065503e-05,0.8610724336105
134,0.08,0.09,-1,133,14,0.000591870232807951,7.2703708029232e-05,0.890601024864675
135,0.09,0.1,-1,134,14,0.000270558190692281,4.81396212980979e-05,0.848949005964461
136,0.1,0.11,-1,133,14,0.000410546454511514,7.06001499483281e-05,0.853266864415292
137,0.11,0.12,-1,133,14,0.000279932426735354,6.91412431540516e-05,0.801929365867219
138,0.12,0.13,-1,134,14,0.000443262206027911,6.43058335411029e-05,0.873305983576692
139,0.13,0.14,-1,133,14,0.000638096744467691,7.06519376823273e-05,0.900314541018966
140,0.14,0.15,-1,133,14,0.000536115539182789,4.31143067697038e-05,0.925566151207547
141,0.15,0.16,-1,134,14,0.000646104454679656,4.01814509685189e-05,0.941450857961932
142,0.16,0.17,-1,133,14,0.000691518748567193,5.62966416831707e-05,0.924718530245382
143,0.17,0.18,-1,133,14,0.000503003075167795,9.22091159211725e-05,0.845081943378089
144,0.18,0.19,-1,133,14,0.000542973965267344,5.53407355634342e-05,0.90750563961308
145,0.19,0.2,-1,134,14,0.00103551002999123,6.26628784139575e-05,0.942938968959852
146,0.2,0.21,-1,133,14,0.000338452889743845,5.18402125283366e-05,0.867176201099797
147,0.21,0.22,-1,134,14,0.000803412371203373,6.04900703165767e-05,0.929980438288668
148,0.22,0.23,-1,133,14,0.000206774531208791,6.02872129894108e-05,0.774257398151836
149,0.23,0.24,-1,133,14,0.000527744889786823,6.11829864534397e-05,0.896111240574934
150,0.24,0.25,-1,134,14,0.000848405925928238,7.18345574536063e-05,0.921939363947979
151,0.25,0.26,-1,133,14,0.0007756836654095,6.35379305168617e-05,0.924289447715265
152,0.26,0.27,-1,133,14,0.000759134943870866,8.6521681415352e-05,0.897686982129339
153,0.27,0.28,-1,134,14,0.000747171137958065,5.92066382998199e-05,0.92657704609051
154,0.28,0.29,-1,133,14,0.000446028624689939,7.27602681343003e-05,0.859749757289135
155,0.29,0.3,-1,133,14,0.000694039183714192,9.34332492230096e-05,0.881350450739574
156,0.3,0.31,-1,134,14,0.000751090256105271,9.88894636930281e-05,0.88365667863641
157,0.31,0.32,-1,133,14,0.000727670971325802,9.03520281997837e-05,0.88954830334577
158,0.32,0.33,-1,133,14,0.000669252454245754,5.25417021686106e-05,0.927206805843898
159,0.33,0.34,-1,133,14,0.000316382946178962,8.02762226310186e-05,0.797619142721809
160,0.34,0.35,-1,134,14,0.000202891025557512,5.09000384100625e-05,0.799441171748405
161,0.35,0.36,-1,133,14,0.000396912967133336,6.79628566967759e-05,0.853804278018095
162,0.36,0.37,-1,134,14,0.000239384258095856,9.36452845973484e-05,0.718807875601544
163,0.37,0.38,-1,133,14,0.000702603104684964,8.66267322482435e-05,0.890238903555829
164,0.38,0.39,-1,133,14,0.000366044178914279,5.84541290810446e-05,0.862298322560832
165,0.39,0.4,-1,134,14,0.000528991072745936,4.75490396883849e-05,0.91752691848687
166,0.4,0.41,-1,133,14,0.000513184958692365,5.79514051843598e-05,0.898533154514973
167,0.41,0.42,-1,133,14,0.000519392503113976,6.27917980453956e-05,0.892144467103714
168,0.42,0.43,-1,134,14,0.000623232592181479,4.17116949253367e-05,0.937270391318309
169,0.43,0.44,-1,133,14,0.000336930087175646,0.000105948400911713,0.760773205830637
170,0.44,0.45,-1,133,14,0.000317501638442839,0.000104367701367742,0.752606573839656
171,0.45,0.46,-1,133,14,0.000430183131633537,5.60021758002343e-05,0.884813105324325
172,0.46,0.47,-1,134,14,0.000468875138114755,7.30728098581179e-05,0.865166368594174
173,0.47,0.48,-1,133,14,0.000476951946036722,6.44745476875405e-05,0.88091726497526
174,0.48,0.49,-1,133,14,0.000479908444944115,7.08723368470665e-05,0.871323874779029
175,0.49,0.5,-1,134,14,0.000553867414021038,5.10383631056835e-05,0.91562592880479
176,0.5,0.51,-1,133,14,0.000454122555588201,8.40692933716221e-05,0.84379307577009
177,0.51,0.52,-1,134,14,0.000528315902008265,7.5405598393546e-05,0.875098703055367
178,0.52,0.53,-1,133,14,0.000589030643352448,7.36439142668757e-05,0.88886865593355
179,0.53,0.54,-1,133,14,0.000685852207014803,4.32626142521158e-05,0.940664195830031
180,0.54,0.55,-1,134,14,0.00040193841539988,6.81392652439435e-05,0.855046797476921
181,0.55,0.56,-1,133,14,0.000604613875601615,7.46798558533451e-05,0.890062498157623
182,0.56,0.57,-1,133,14,0.000344780398914805,5.94882887275298e-05,0.852849625642636
183,0.57,0.58,-1,134,14,0.000327463800189031,0.000135042701323277,0.708019885381691
184,0.58,0.59,-1,133,14,0.00058470923002574,0.000105671552831528,0.84693729104946
185,0.59,0.6,-1,133,14,0.000372855544520212,6.61390698759627e-05,0.84933967819415
186,0.6,0.61,-1,133,14,0.0010470528660312,8.2659031359548e-05,0.926831759893418
187,0.61,0.62,-1,134,14,0.000653342254105712,4.5163815024187e-05,0.935342272572598
188,0.62,0.63,-1,133,14,0.00128488515622451,6.01870736462116e-05,0.955253649350863
189,0.63,0.64,-1,133,14,0.000242938387962392,7.79127740295999e-05,0.757168484147349
190,0.64,0.65,-1,134,14,0.00120429487343769,3.95427859797668e-05,0.968209045866736
191,0.65,0.66,-1,133,14,0.000363060369322429,0.000100042280764064,0.783973853862898
192,0.66,0.67,-1,134,14,0.00156947466266413,4.99119633147259e-05,0.969178476273659
193,0.67,0.68,-1,133,14,0.000507344299306079,5.23179079497669e-05,0.906518776377105
194,0.68,0.69,-1,133,14,0.00114128231279103,5.77749459071729e-05,0.951816357819394
195,0.69,0.7,-1,134,14,0.000372915142282205,8.88266944388595e-05,0.807626930516762
196,0.7,0.71,-1,133,14,0.00032829237355462,5.16841892313877e-05,0.863980586453973
197,0.71,0.72,-1,133,14,0.000367543571135152,8.03794908961217e-05,0.820550675529831
198,0.72,0.73,-1,134,14,0.000582061390813686,5.86053120648258e-05,0.908524492061921
199,0.73,0.74,-1,133,14,0.000423290031199262,4.40195136485292e-05,0.905802237224008
200,0.74,0.75,-1,133,14,0.00040821424636125,4.99305067942499e-05,0.891015871184052
201,0.75,0.76,-1,133,14,0.00038719566549054,7.42830308183207e-05,0.83903258934275
202,0.76,0.77,-1,134,14,0.000304703121741524,6.09735690320668e-05,0.833258256349135
203,0.77,0.78,-1,133,14,7.46258150140152e-05,9.35534160907855e-05,0.443727887943025
204,0.78,0.79,-1,134,14,0.000116094980410778,6.03766101953468e-05,0.657867818905174
205,0.79,0.8,-1,133,14,0.000307283359746322,4.88876945216863e-05,0.862740966915016
206,0.8,0.81,-1,133,14,0.000250356028197031,8.65315101276232e-05,0.743144223861929
207,0.81,0.82,-1,134,14,0.00044647725767268,9.94340221998787e-05,0.81785680958435
208,0.82,0.83,-1,133,14,0.000427012110453657,4.17684978256861e-05,0.910899689347225
209,0.83,0.84,-1,133,14,0.000361301109741416,4.46223462843022e-05,0.890072018204646
210,0.84,0.85,-1,134,14,0.000536641252566085,4.57734607574535e-05,0.921407444368553
211,0.85,0.86,-1,133,14,0.000331510737439089,8.59566350756658e-05,0.794099753094769
212,0.86,0.87,-1,133,14,0.000393072962966568,7.40982114436252e-05,0.841389590149318
213,0.87,0.88,-1,134,14,0.000615827932147929,6.01138032659779e-05,0.911066590333902
214,0.88,0.89,-1,133,14,0.000622201426898974,5.87762570582829e-05,0.913688424095301
215,0.89,0.9,-1,133,14,0.000504549823180299,5.82352300986355e-05,0.896523140123673
216,0.9,0.91,-1,134,14,0.000691897682534464,4.73389371144845e-05,0.935962402488982
217,0.91,0.92,-1,133,14,0.00105127360432725,8.04236895922144e-05,0.928935334541908
218,0.92,0.93,-1,133,14,0.000596387167106619,6.8436754341458e-05,0.897060331113848
219,0.93,0.94,-1,134,14,0.000561653444104477,6.07972162525902e-05,0.902326047469025
220,0.94,0.95,-1,133,14,0.000425550100739872,5.94486983177494e-05,0.877425060776931
221,0.95,0.96,-1,133,14,0.000958382872976943,7.97576329543863e-05,0.923172602842585
222,0.96,0.97,-1,134,14,0.000927119282836233,6.39980658785541e-05,0.935428366821
223,0.97,0.98,-1,133,14,0.00138369249210969,8.06030146405522e-05,0.944954406901489
224,0.98,0.99,-1,133,14,0.000617517567169193,7.86773639791243e-05,0.886989461630592
225,0.99,1,-1,134,14,0.000902148318133871,8.47967870273486e-05,0.914081556731064
226,1,1.01,-1,133,14,0.000346846053521928,0.000108904101330773,0.761044291107326
227,1.01,1.02,-1,133,14,0.00109824204393201,4.73950766254305e-05,0.958629939816921
228,1.02,1.03,-1,134,14,0.000482353356346718,5.08438256278227e-05,0.904643483974283
229,1.03,1.04,-1,133,14,0.00124231773820536,6.18970735884494e-05,0.952540737132623
230,1.04,1.05,-1,133,14,0.000420146970533492,5.84561963085193e-05,0.877860824251888
231,1.05,1.06,-1,134,14,0.00073916614476117,4.43674192024425e-05,0.943375215507037
232,1.06,1.07,-1,133,14,0.000331651179193027,0.000108027893346525,0.754302853846183
233,1.07,1.08,-1,133,14,0.000400692946981186,6.90079223975236e-05,0.853081126954687
234,1.08,1.09,-1,134,14,0.000501374969956669,4.97116145312249e-05,0.909793459085163
235,1.09,1.1,-1,133,14,0.00102193217748956,6.33667590886607e-05,0.941613543556537
236,1.1,1.11,-1,133,14,0.000808972469503975,0.000105049583213619,0.885068874540518
237,1.11,1.12,-1,134,14,0.00044288658700233,6.44742119651222e-05,0.872922361963447
238,1.12,1.13,-1,133,14,0.000629158225174083,5.57209756201532e-05,0.918641162477215
239,1.13,1.14,-1,133,14,0.000427030319412234,7.35275861506611e-05,0.853108730611343
240,1.14,1.15,-1,134,14,0.000262097370766386,8.44131106210697e-05,0.756390888139738
241,1.15,1.16,-1,133,14,0.000516040044904119,7.67762575312875e-05,0.87048895717632
242,1.16,1.17,-1,133,14,0.000565898049234303,6.27756584351358e-05,0.900145882244938
243,1.17,1.18,-1,134,14,0.000209766544973379,6.58213765579398e-05,0.761160154653369
244,1.18,1.19,-1,133,14,0.000467260020273649,8.32771061005967e-05,0.848734804409928
245,1.19,1.2,-1,133,14,0.000375896672290574,5.51131728609906e-05,0.872130130016844
246,1.2,1.21,-1,134,14,0.000321479446672528,6.05909134946645e-05,0.841414252945059
247,1.21,1.22,-1,133,14,0.000538548203587662,7.48748811625431e-05,0.877939251026014
248,1.22,1.23,-1,133,14,0.000534272083810563,6.65002651962444e-05,0.889308711850367
249,1.23,1.24,-1,134,14,0.000486745116452663,9.0343086558514e-05,0.843450124110812
250,1.24,1.25,-1,211,14,0.000769827763168961,6.78220610580769e-05,0.919032919131021
1,0,0.01,1,212,16,0,0.00151996605653093,0
2,0.01,0.02,1,133,16,0.000643155234178979,0.000285443014851616,0.69260870871811
3,0.02,0.03,1,134,16,0.000933266322251484,0.00017570887724412,0.841557433093149
4,0.03,0.04,1,133,16,0.000129234775484379,0.000137136391807639,0.485168033756076
5,0.04,0.05,1,133,16,0.000129218954158881,0.000126596717968547,0.505125245393541
6,0.05,0.06,1,133,16,5.2183715485278e-05,0.000149217530824446,0.259103240131034
7,0.06,0.07,1,134,16,7.32272090071113e-05,0.000209914597790258,0.258623796448104
8,0.07,0.08,1,133,16,0.000531398864286678,6.21048711933899e-05,0.895358921131044
9,0.08,0.09,1,134,16,0.000108704697392567,0.00018589968903931,0.368985332191256
10,0.09,0.1,1,133,16,0.000132862896296839,0.000116250431894458,0.533343186659254
11,0.1,0.11,1,133,16,0.000170354710433815,9.69024420463216e-05,0.637418713972402
12,0.11,0.12,1,134,16,0.000111692522305491,7.67146522889085e-05,0.59282520713949
13,0.12,0.13,1,133,16,0.00018328860076086,0.000171871404553852,0.516073313487102
14,0.13,0.14,1,133,16,0.000155434797783266,0.000146643535262533,0.514551296069618
15,0.14,0.15,1,134,16,9.40046179433879e-05,0.000108876231039661,0.463348898698871
16,0.15,0.16,1,133,16,1.25753301412769e-05,0.000171522390231219,0.0683079079731815
17,0.16,0.17,1,133,16,6.26365860665287e-05,0.000111157038946212,0.360407846156249
18,0.17,0.18,1,134,16,0.000107887025773692,0.000117390507646716,0.478907169017852
19,0.18,0.19,1,133,16,0.000185680610840324,0.000148462587687442,0.555691726356941
20,0.19,0.2,1,133,16,0,0.000228983791325503,0
21,0.2,0.21,1,134,16,0.000709413942739642,0.000182073769481912,0.795764128898433
22,0.21,0.22,1,133,16,0,0.000214250356204176,0
23,0.22,0.23,1,133,16,0.00016182286566173,0.000147615014913551,0.522957516904145
24,0.23,0.24,1,133,16,0.000262252420704901,0.000142527626150778,0.647888705834369
25,0.24,0.25,1,134,16,0.00018602932027689,0.000100833876267818,0.648494901115336
26,0.25,0.26,1,133,16,0.000298568867612791,0.000134873858031168,0.688831187948101
27,0.26,0.27,1,133,16,9.15200028971737e-05,0.000218466570680001,0.295238602888679
28,0.27,0.28,1,134,16,0.00023122327377276,0.00017986668011921,0.562463936624253
29,0.28,0.29,1,133,16,0.00020882157489137,9.96487877008777e-05,0.676958308527686
30,0.29,0.3,1,134,16,0.000205695818308924,7.93300694537248e-05,0.721674160629979
31,0.3,0.31,1,133,16,6.5061463635004e-05,6.24193988406623e-05,0.510362593816174
32,0.31,0.32,1,133,16,0.000110721294259948,0.000119184489990401,0.481594208779808
33,0.32,0.33,1,134,16,0.000221122962095236,8.72092196478004e-05,0.717158231246583
34,0.33,0.34,1,133,16,5.27943456252934e-05,0.000173824402448599,0.232965480896925
35,0.34,0.35,1,133,16,0.000297819930406452,0.000102851728486652,0.743301713001638
36,0.35,0.36,1,134,16,0.00024257510454554,0.000118754707565649,0.671339857423373
37,0.36,0.37,1,133,16,0.000112869297309302,6.10653443259974e-05,0.648917870805534
38,0.37,0.38,1,133,16,0.000184571790811114,0.000112357377080184,0.621602088208065
39,0.38,0.39,1,134,16,0.000127555639082794,7.2691378420879e-05,0.636991455218324
40,0.39,0.4,1,133,16,5.49969752236026e-05,0.0001321602178804,0.293854456307436
41,0.4,0.41,1,133,16,9.77441795818582e-05,8.774036007348e-05,0.526966720587513
42,0.41,0.42,1,134,16,0.000254299419771976,0.000124607291580333,0.671139919544808
43,0.42,0.43,1,133,16,0.000438779245163721,5.8996640997507e-05,0.881479511889416
44,0.43,0.44,1,133,16,0.000321898816900559,9.83148366577629e-05,0.766036072780492
45,0.44,0.45,1,134,16,0.00037230596233824,0.000112662670223766,0.767690809963135
46,0.45,0.46,1,133,16,0.000356109550479653,0.000103076235429692,0.775523897749654
47,0.46,0.47,1,133,16,0.000468127015375033,9.20505140596388e-05,0.835676175457206
48,0.47,0.48,1,134,16,0.000348577739484353,7.78450425461624e-05,0.817446333013719
49,0.48,0.49,1,133,16,0.000207147275566283,0.000103276611467914,0.667304560694013
50,0.49,0.5,1,133,16,0.000250369710787316,0.000135707659947105,0.648496207666993
51,0.5,0.51,1,134,16,0.000208016744046246,0.000121968916346172,0.630381162014354
52,0.51,0.52,1,133,16,0.000168350995713667,8.48175325586171e-05,0.664976001806214
53,0.52,0.53,1,133,16,0.000302636160798251,7.2619469008814e-05,0.806480001256341
54,0.53,0.54,1,134,16,8.70559907184467e-05,0.000148009516761259,0.370347787949972
55,0.54,0.55,1,133,16,0.000184555305533637,9.25226559762975e-05,0.666077173831885
56,0.55,0.56,1,133,16,3.8650455310416e-05,0.000284212096804462,0.11971179394216
57,0.56,0.57,1,134,16,7.75058390604397e-05,0.000305618807060657,0.202299277389589
58,0.57,0.58,1,133,16,0,0.000278047733198957,0
59,0.58,0.59,1,133,16,0.000157636434932587,0.000306008098260664,0.339994162870638
60,0.59,0.6,1,134,16,9.79240825713489e-06,0.000270373515019506,0.0349521745635913
61,0.6,0.61,1,133,16,3.92019783555231e-05,0.000300702175656536,0.11533244855293
62,0.61,0.62,1,133,16,0,0.000299721316950472,0
63,0.62,0.63,1,134,16,0.000208665492057726,0.000367058830557657,0.362439945406175
64,0.63,0.64,1,133,16,6.3305132215971e-05,0.000299074656235104,0.174692778773775
65,0.64,0.65,1,133,16,0,0.000590125197332883,0
66,0.65,0.66,1,134,16,0.000231638397174388,0.000385775906577557,0.375174976942957
67,0.66,0.67,1,133,16,0.000154111694539332,0.000312014177206674,0.330622486072406
68,0.67,0.68,1,133,16,0.000400853906391325,0.000111404570077214,0.782522739603596
69,0.68,0.69,1,133,16,0.000233187144974725,9.54178579629221e-05,0.709627494682339
70,0.69,0.7,1,134,16,0.000429208007761883,0.00010415099913018,0.804726276702293
71,0.7,0.71,1,133,16,0.000228276832197877,8.86492814679451e-05,0.72028407365188
72,0.71,0.72,1,134,16,0.000215624710593696,8.71121738235729e-05,0.7122512045691
73,0.72,0.73,1,133,16,0.000177041396300035,9.20240557206772e-05,0.657986355997895
74,0.73,0.74,1,133,16,0.000139535326491549,9.76796023472349e-05,0.588223208271938
75,0.74,0.75,1,134,16,0.000200216165665197,3.65561211576932e-05,0.845606419365127
76,0.75,0.76,1,133,16,0.000241332758788126,7.01952490325558e-05,0.774674355851302
77,0.76,0.77,1,133,16,0.000172506176272274,9.05428410596323e-05,0.655794794529156
78,0.77,0.78,1,134,16,0.00021236768672919,7.93832717823065e-05,0.727907417383246
79,0.78,0.79,1,133,16,9.82276293965888e-05,8.70541595456717e-05,0.53015263916304
80,0.79,0.8,1,133,16,0.000138501909946097,8.87636970497577e-05,0.60942749664987
81,0.8,0.81,1,134,16,0.000218065502057774,9.30542485313818e-05,0.70090536407551
82,0.81,0.82,1,133,16,0.000280123068734159,7.62523175236251e-05,0.786033714829935
83,0.82,0.83,1,133,16,6.69831412774197e-05,8.24494618399471e-05,0.448249845616422
84,0.83,0.84,1,134,16,0.000209715909067267,0.000100390467093979,0.676270870864717
85,0.84,0.85,1,133,16,0.000163638385763626,9.22792569139525e-05,0.639418150509413
86,0.85,0.86,1,133,16,0.00021408099697927,7.09608074265999e-05,0.751051227119096
87,0.86,0.87,1,134,16,0.00023578311351294,8.01339190085444e-05,0.746345050252728
88,0.87,0.88,1,133,16,0.000235247612581452,8.96769278464392e-05,0.724006910255704
89,0.88,0.89,1,133,16,0.000178858539080246,9.34874918561653e-05,0.656732681086903
90,0.89,0.9,1,134,16,0.000153433203371458,6.10410178025938e-05,0.7153922859892
91,0.9,0.91,1,133,16,0.000222225719198905,8.26972740613689e-05,0.728792921854926
92,0.91,0.92,1,133,16,0.000202552378722001,9.6090551959867e-05,0.678242670132955
93,0.92,0.93,1,134,16,0.000116466691375673,0.000208038521910562,0.358905455466262
94,0.93,0.94,1,133,16,8.28637623959027e-05,0.000208401464555756,0.284495898336864
95,0.94,0.95,1,133,16,0.000336629205412593,0.000206164217375339,0.620179227087121
96,0.95,0.96,1,134,16,0,0.000331793042217238,0
97,0.96,0.97,1,133,16,2.8685631764652e-05,0.000335020151465317,0.0788704306813682
98,0.97,0.98,1,133,16,0,0.000442418544363068,0
99,0.98,0.99,1,134,16,0.000137854584592911,0.000406843695297423,0.253084303149747
100,0.99,1,1,133,16,0,0.0004529511398319,0
101,1,1.01,1,133,16,0.000148731518482541,0.000331137692212188,0.309941782401949
102,1.01,1.02,1,134,16,0.000122595135125684,0.000158651665106433,0.435898772979833
103,1.02,1.03,1,133,16,8.67555717276855e-05,0.000206263382838065,0.29607494797139
104,1.03,1.04,1,133,16,2.05657652256862e-05,0.000170529528533061,0.107620469458813
105,1.04,1.05,1,133,16,0.000262089460453447,0.000207046124452027,0.558664635312743
106,1.05,1.06,1,134,16,0,0.000264837829239067,0
107,1.06,1.07,1,133,16,0.000266421157100651,0.000117165641666743,0.69455246623909
108,1.07,1.08,1,134,16,0.000285535854262447,0.000109401166552224,0.722990854778434
109,1.08,1.09,1,133,16,0.000217774839577717,0.000125759005444135,0.633925427533536
110,1.09,1.1,1,133,16,0.000290830686055808,5.56368894883769e-05,0.839416749457752
111,1.1,1.11,1,133,16,0.000202023367721792,0.000109819349913203,0.64783737537285
112,1.11,1.12,1,134,16,0.000366352735873252,0.000141847201614033,0.720883079373496
113,1.12,1.13,1,133,16,0.000158744315613148,0.000174730757517476,0.476030529427208
114,1.13,1.14,1,134,16,0.000105222547371893,9.18600120455997e-05,0.533900856995637
115,1.14,1.15,1,133,16,0.000153923741375696,8.14509567347154e-05,0.653951943906444
116,1.15,1.16,1,133,16,0.000103607252810784,9.33944356078836e-05,0.525920633688166
117,1.16,1.17,1,134,16,0.00013266036068366,8.92854698335551e-05,0.597715038730455
118,1.17,1.18,1,133,16,0.000143431553611889,8.00830563003812e-05,0.641709969957606
119,1.18,1.19,1,133,16,0.000248516948609668,9.07167033454679e-05,0.732583419060485
120,1.19,1.2,1,133,16,0.000322972169072487,8.02762544980757e-05,0.800926054992926
121,1.2,1.21,1,134,16,0.000184067750315944,7.46070370375362e-05,0.71157978788406
122,1.21,1.22,1,133,16,0.000138362004652704,0.000153455234483568,0.474139242295046
123,1.22,1.23,1,133,16,0.000207534551599792,9.05074229326191e-05,0.696326589318121
124,1.23,1.24,1,134,16,0.000347469138807367,0.000101707737539405,0.773568625422996
125,1.24,1.25,1,211,16,0.000284237427209311,0.00011642149925709,0.709424920882544
126,0,0.01,-1,212,16,0.000366896881134935,0.000195161044772741,0.652774143416673
127,0.01,0.02,-1,133,16,0.000105519019809764,0.000103215555949211,0.505517686401923
128,0.02,0.03,-1,133,16,0.000144540395318768,0.000185817206138073,0.43752707575476
129,0.03,0.04,-1,133,16,0.000138050563622065,0.000178289275968223,0.436399549929794
130,0.04,0.05,-1,134,16,9.88110693598777e-05,9.19158415173585e-05,0.518076179734692
131,0.05,0.06,-1,133,16,7.5194189313454e-05,0.000117085769701026,0.391066181305933
132,0.06,0.07,-1,133,16,4.33828417107815e-05,0.000137446032548278,0.239911031291552
133,0.07,0.08,-1,134,16,0.0003423295040619,0.00012993402975001,0.724869653387722
134,0.08,0.09,-1,133,16,0.000133917183923499,0.000126666864333773,0.513911671950401
135,0.09,0.1,-1,134,16,0.000133290381351386,0.000112950833784725,0.541300047101007
136,0.1,0.11,-1,133,16,7.33695174658201e-05,0.000138320953834146,0.346588663227336
137,0.11,0.12,-1,133,16,0.000201946876584055,0.00010253481085651,0.663248020863242
138,0.12,0.13,-1,134,16,0.000149279801104317,9.74204387600054e-05,0.60510602335213
139,0.13,0.14,-1,133,16,0.000282539552281445,0.000164880742975063,0.631485775850789
140,0.14,0.15,-1,133,16,0.000223097325380944,0.000140346308831944,0.613842985210367
141,0.15,0.16,-1,134,16,0.000144671442273455,0.000107200556584947,0.574384778495312
142,0.16,0.17,-1,133,16,0.000196591723904727,0.000106834419861618,0.647906345394264
143,0.17,0.18,-1,133,16,0.000224651375006588,9.5866468425974e-05,0.700901305839016
144,0.18,0.19,-1,133,16,0.000105386355400188,0.000140380870026355,0.428805570870096
145,0.19,0.2,-1,134,16,0.000365543732779289,0.000179120189169187,0.671136306351256
146,0.2,0.21,-1,133,16,0.000179340739414798,0.000219894718310542,0.449210449484118
147,0.21,0.22,-1,134,16,0.00016101023595619,0.000155509174571233,0.508689927382005
148,0.22,0.23,-1,133,16,9.66039357005169e-05,0.000145693592351442,0.398699633781658
149,0.23,0.24,-1,133,16,0.000146515865997725,9.08816256061096e-05,0.61717529114515
150,0.24,0.25,-1,134,16,0.000309003863374813,0.000125185642672564,0.711679713744845
151,0.25,0.26,-1,133,16,0.000191723728989274,0.000185954868936216,0.507637261000153
152,0.26,0.27,-1,133,16,8.33221341392225e-05,0.000143689066344119,0.367039749412439
153,0.27,0.28,-1,134,16,0.000127552118948952,0.00012813647799481,0.498857283717689
154,0.28,0.29,-1,133,16,5.35196517469408e-05,0.000124933500238309,0.299908693971203
155,0.29,0.3,-1,133,16,0.000349192085158488,6.80263073796054e-05,0.836952760002319
156,0.3,0.31,-1,134,16,2.92469273142309e-05,0.000132374887071649,0.180959033440885
157,0.31,0.32,-1,133,16,5.67719709800521e-05,0.000167920986486128,0.252664665685382
158,0.32,0.33,-1,133,16,6.97675513907751e-05,0.000218392341214771,0.242114024821205
159,0.33,0.34,-1,133,16,4.50208577305932e-05,0.000146973871122056,0.234490071678715
160,0.34,0.35,-1,134,16,7.85387448273708e-05,0.000104773725520381,0.42844190948046
161,0.35,0.36,-1,133,16,0.000142574650369549,9.84597987744272e-05,0.591511507487402
162,0.36,0.37,-1,134,16,0.00013292868739593,0.000103484085586603,0.562273711859687
163,0.37,0.38,-1,133,16,0.000480844006688777,8.45359572644395e-05,0.850479389695114
164,0.38,0.39,-1,133,16,0.000146191555370109,8.78333130212636e-05,0.624683848237978
165,0.39,0.4,-1,134,16,0.000106917643964606,9.63322253627042e-05,0.526040406906375
166,0.4,0.41,-1,133,16,0.000230923512143099,0.000115857069711243,0.665906697855688
167,0.41,0.42,-1,133,16,0.000291011373705384,0.000117009290402272,0.71322704780609
168,0.42,0.43,-1,134,16,0.00015727967524946,0.000135385394876194,0.537405011065833
169,0.43,0.44,-1,133,16,7.91001611228446e-05,8.54231569533174e-05,0.480783891595398
170,0.44,0.45,-1,133,16,7.04610255614375e-05,0.000140386473298937,0.334180039802595
171,0.45,0.46,-1,133,16,0.000185307353935422,7.9769533163717e-05,0.699070205491424
172,0.46,0.47,-1,134,16,0.00010223979193661,0.000141969059062521,0.418657192474051
173,0.47,0.48,-1,133,16,0.000413788600704093,7.06973197589758e-05,0.854077658869005
174,0.48,0.49,-1,133,16,0.000192678924343259,0.000101025202672547,0.656030701035704
175,0.49,0.5,-1,134,16,0.000148210476285996,7.71465209909652e-05,0.65766973325371
176,0.5,0.51,-1,133,16,0.00024550977572394,0.000131170031662848,0.65177312643107
177,0.51,0.52,-1,134,16,0.000115274800909384,7.14074784483893e-05,0.617491929635496
178,0.52,0.53,-1,133,16,0.000289170416485305,6.87474596600016e-05,0.807923928247463
179,0.53,0.54,-1,133,16,0.000261423825810449,7.26992469815871e-05,0.78241775889917
180,0.54,0.55,-1,134,16,0.000207348973595791,7.6846277998772e-05,0.729600415321499
181,0.55,0.56,-1,133,16,0.00023420934099719,0.000154327943468748,0.602797595909287
182,0.56,0.57,-1,133,16,0.000414358244622931,6.85299465978997e-05,0.858083200534179
183,0.57,0.58,-1,134,16,4.6971523098111e-05,0.000245290165178909,0.160717346755313
184,0.58,0.59,-1,133,16,4.68863125125011e-05,0.000345270348528238,0.119560158402181
185,0.59,0.6,-1,133,16,0,0.000487415683088603,0
186,0.6,0.61,-1,133,16,0,0.000317404624502883,0
187,0.61,0.62,-1,134,16,0.000156132198900426,0.000257670436685493,0.377310788944958
188,0.62,0.63,-1,133,16,7.45368307746413e-05,0.000279170098916133,0.210730479156302
189,0.63,0.64,-1,133,16,0,0.000410800310848929,0
190,0.64,0.65,-1,134,16,4.66118858735136e-05,0.000362388105577524,0.113965493515404
191,0.65,0.66,-1,133,16,0,0.000411601216708358,0
192,0.66,0.67,-1,134,16,0,0.000434763363472665,0
193,0.67,0.68,-1,133,16,3.61766329082421e-05,0.000292419573539254,0.110094493479865
194,0.68,0.69,-1,133,16,9.71484462786309e-05,0.000250491434530399,0.279451385302936
195,0.69,0.7,-1,134,16,4.40503902049008e-05,0.000170003435873991,0.205791183515989
196,0.7,0.71,-1,133,16,0.00012229366226174,5.52551917235118e-05,0.688788801035564
197,0.71,0.72,-1,133,16,0.000203828143755665,7.44325507279229e-05,0.732507852515573
198,0.72,0.73,-1,134,16,4.61316849941732e-05,0.000109417257822105,0.296573439580752
199,0.73,0.74,-1,133,16,0.000341590928509933,9.15330230832428e-05,0.788667833430699
200,0.74,0.75,-1,133,16,0.000178331954794957,0.000113776839337432,0.610498411472453
201,0.75,0.76,-1,133,16,0.000142264331991585,0.000106155534198283,0.572676952828129
202,0.76,0.77,-1,134,16,0.000126832031763014,9.3109532547138e-05,0.576662406493396
203,0.77,0.78,-1,133,16,0.000251937053366126,7.28698108018583e-05,0.775651875496783
204,0.78,0.79,-1,134,16,0.000121713724654399,5.53125445973e-05,0.687546120521494
205,0.79,0.8,-1,133,16,0.000243108120714175,0.000109066756642266,0.690305119260741
206,0.8,0.81,-1,133,16,0.000120627638372871,5.95846269754207e-05,0.669364197490869
207,0.81,0.82,-1,134,16,0.000212221719807844,0.000102141106810199,0.675085289475711
208,0.82,0.83,-1,133,16,0.000263927610068463,7.70018054789511e-05,0.774141502705735
209,0.83,0.84,-1,133,16,0.000191107664335896,8.19608360259697e-05,0.699852469554868
210,0.84,0.85,-1,134,16,0.000188354817519231,0.000101993650193007,0.648719860667245
211,0.85,0.86,-1,133,16,9.65742930678032e-05,0.000142985740909286,0.403131905871408
212,0.86,0.87,-1,133,16,0.000105519676564391,9.92122909536027e-05,0.515404007706402
213,0.87,0.88,-1,134,16,0.000249081349022759,0.000102217789324247,0.709029205692847
214,0.88,0.89,-1,133,16,0.000223868052722694,8.89689637560467e-05,0.71560602144378
215,0.89,0.9,-1,133,16,0.000206449526203813,0.000127579221105893,0.618059157682008
216,0.9,0.91,-1,134,16,0.000258513752559638,0.00018421028138257,0.583916238424462
217,0.91,0.92,-1,133,16,0.000213998733764642,0.000256492962050228,0.454840618162252
218,0.92,0.93,-1,133,16,9.18441696728183e-05,0.000289851210539854,0.240621643420585
219,0.93,0.94,-1,134,16,0,0.000348149955831885,0
220,0.94,0.95,-1,133,16,0,0.000228977661177119,0
221,0.95,0.96,-1,133,16,9.70171767551545e-05,0.000174497288250198,0.35731863034716
222,0.96,0.97,-1,134,16,4.85088477504113e-05,0.000348615419793502,0.122150298319524
223,0.97,0.98,-1,133,16,0,0.000596391656134572,0
224,0.98,0.99,-1,133,16,0,0.000515075395177453,0
225,0.99,1,-1,134,16,0,0.000525500520716289,0
226,1,1.01,-1,133,16,0,0.000250676980927589,0
227,1.01,1.02,-1,133,16,0.000167347471272687,0.000277705910488019,0.376016626613715
228,1.02,1.03,-1,134,16,0.000417250698161435,0.000217851268752084,0.656982216870148
229,1.03,1.04,-1,133,16,0.0004178847717988,0.000238227571305949,0.636910395285894
230,1.04,1.05,-1,133,16,0.000300097987625281,0.000247605893571502,0.547920140659839
231,1.05,1.06,-1,134,16,0.000158080340456013,0.000192409288907898,0.451027155191172
232,1.06,1.07,-1,133,16,0.000119000771429777,0.000146335658147249,0.448490136162142
233,1.07,1.08,-1,133,16,0.000235150250525134,9.27370814766746e-05,0.717167842653455
234,1.08,1.09,-1,134,16,0.000286345019556618,8.37968593467771e-05,0.773608812936708
235,1.09,1.1,-1,133,16,0.00017128763114326,0.000103391833970249,0.623590959274939
236,1.1,1.11,-1,133,16,0.000219139551826197,0.000113969280042723,0.657861728242707
237,1.11,1.12,-1,134,16,0.000211428770863503,8.99901096343599e-05,0.701445014042517
238,1.12,1.13,-1,133,16,0.000106667430323899,0.000128172116503916,0.454214086872294
239,1.13,1.14,-1,133,16,0.000242546109351012,0.000135264158278569,0.641978607073783
240,1.14,1.15,-1,134,16,0,0.000198613441329663,0
241,1.15,1.16,-1,133,16,0.000113739465056192,9.26431774253978e-05,0.551109646085368
242,1.16,1.17,-1,133,16,0.000114890923377884,7.46192943550988e-05,0.606251867325505
243,1.17,1.18,-1,134,16,9.16300259993629e-05,7.4790868467897e-05,0.550592077351137
244,1.18,1.19,-1,133,16,6.12195534656305e-05,0.000105769668963624,0.366607812019524
245,1.19,1.2,-1,133,16,0.00019846480998166,6.62209447552888e-05,0.749812962843049
246,1.2,1.21,-1,134,16,0.000361476030611246,0.000133887166951007,0.72971918864808
247,1.21,1.22,-1,133,16,0.000151337067608205,0.00015819829337878,0.488916895070248
248,1.22,1.23,-1,133,16,0.000296289647173427,0.000109780323168334,0.72965170737462
249,1.23,1.24,-1,134,16,0.000304883240505579,9.37832931936174e-05,0.764757547307999
250,1.24,1.25,-1,211,16,0.000801307548494071,0.000191384680426153,0.80720642828611
1,0,0.01,1,212,18,0.000815278971330154,0.000215541719408814,0.79090280070504
2,0.01,0.02,1,133,18,0.000215181919983196,8.47101160657594e-05,0.717531291654804
3,0.02,0.03,1,134,18,0.000610338437267772,8.86197052178687e-05,0.873211713504447
4,0.03,0.04,1,133,18,0.000201021606496089,6.75956950044285e-05,0.74835688309415
5,0.04,0.05,1,133,18,0.000155687084520599,6.78762738408291e-05,0.696389093730219
6,0.05,0.06,1,133,18,0.000138811755348123,7.80961399448504e-05,0.639957135541944
7,0.06,0.07,1,134,18,0.000190768340522166,8.61887779245885e-05,0.688801001368165
8,0.07,0.08,1,133,18,9.03373899081439e-05,7.20490189213242e-05,0.556311273580862
9,0.08,0.09,1,134,18,0.000138979097375091,8.27054060134715e-05,0.626922925376936
10,0.09,0.1,1,133,18,8.61213029314854e-05,5.97250721297656e-05,0.590493270026883
11,0.1,0.11,1,133,18,0.000182603966190604,8.07738663004542e-05,0.693315623655622
12,0.11,0.12,1,134,18,0.000102640428480771,7.79146028318203e-05,0.568471715989301
13,0.12,0.13,1,133,18,0.00017615001765016,8.45536713879183e-05,0.675671365833383
14,0.13,0.14,1,133,18,6.19349936437039e-05,0.000114405568908848,0.35122374992564
15,0.14,0.15,1,134,18,0.000125289045385366,7.03898791922303e-05,0.640278689469609
16,0.15,0.16,1,133,18,0.000107982635268221,0.000107587581663612,0.500916299130352
17,0.16,0.17,1,133,18,5.13056134234318e-05,0.000108401344201987,0.321248455209856
18,0.17,0.18,1,134,18,7.1815089452275e-05,8.06579496825365e-05,0.471001888988246
19,0.18,0.19,1,133,18,6.69364795689987e-05,7.08666121247647e-05,0.485740042159215
20,0.19,0.2,1,133,18,9.06259596938087e-05,7.85444700508223e-05,0.535708042065105
21,0.2,0.21,1,134,18,0.000213408608178843,7.06100334157079e-05,0.751389440427975
22,0.21,0.22,1,133,18,0.000202429809207107,0.000109539825396504,0.648876642960186
23,0.22,0.23,1,133,18,0.000139919736094913,7.04244621745232e-05,0.665194178142654
24,0.23,0.24,1,133,18,0.00023231000293523,0.00012099098128701,0.657541340980523
25,0.24,0.25,1,134,18,0.000120506296181625,8.09386434400994e-05,0.598209597162943
26,0.25,0.26,1,133,18,0.000135478472226573,7.92692006781223e-05,0.630872830397088
27,0.26,0.27,1,133,18,0.000177101417352098,9.45104600545028e-05,0.652038559738603
28,0.27,0.28,1,134,18,0.000165308927270322,0.000122946008060173,0.573481689327502
29,0.28,0.29,1,133,18,0.000203974816058091,6.98521091574156e-05,0.744904161260107
30,0.29,0.3,1,134,18,7.2286088936782e-05,0.000139598929267527,0.341157149992929
31,0.3,0.31,1,133,18,6.54851386634767e-05,8.34949042175786e-05,0.439556449287369
32,0.31,0.32,1,133,18,8.72219648051216e-05,6.93883656322422e-05,0.556936215903114
33,0.32,0.33,1,134,18,4.70432098617355e-05,9.11979967347088e-05,0.340298027049668
34,0.33,0.34,1,133,18,0.000169583179256781,5.98511152010955e-05,0.739136142037894
35,0.34,0.35,1,133,18,8.87543826254704e-05,4.94981486926246e-05,0.641972930110495
36,0.35,0.36,1,134,18,0.000117540770634661,4.85733653434923e-05,0.70759041632748
37,0.36,0.37,1,133,18,0.000123173248256639,7.06710899980323e-05,0.635423501999914
38,0.37,0.38,1,133,18,6.23568483524266e-05,6.02597591665769e-05,0.50855140762855
39,0.38,0.39,1,134,18,0.0001470778087669,5.54801380774791e-05,0.726102387283263
40,0.39,0.4,1,133,18,0.000135624660304936,5.06584986827691e-05,0.72805647618359
41,0.4,0.41,1,133,18,9.09005700158695e-05,4.4961143500023e-05,0.669066859702431
42,0.41,0.42,1,134,18,0.000168966202558213,4.71034448437919e-05,0.781998788769464
43,0.42,0.43,1,133,18,5.27695660668196e-05,6.38796877682926e-05,0.452378085001823
44,0.43,0.44,1,133,18,0.000191895872514785,5.2679566055807e-05,0.784608109613582
45,0.44,0.45,1,134,18,0.000149313407510762,6.30124981809859e-05,0.703227460748635
46,0.45,0.46,1,133,18,7.06444281730099e-05,4.08694243482088e-05,0.633503610321128
47,0.46,0.47,1,133,18,0.000148879611389503,6.76245393403157e-05,0.687652457875017
48,0.47,0.48,1,134,18,0.000153209244363308,6.58708529237084e-05,0.699329817087807
49,0.48,0.49,1,133,18,0.000136170345823467,5.65027631811089e-05,0.706742868929536
50,0.49,0.5,1,133,18,1.87835153704288e-06,7.7327072039939e-05,0.0237149358240255
51,0.5,0.51,1,134,18,0.000127039888076389,6.6624390799681e-05,0.655979971183456
52,0.51,0.52,1,133,18,6.76694876752603e-05,7.02309016755982e-05,0.490712810847035
53,0.52,0.53,1,133,18,0.000156487008466151,6.29946290479899e-05,0.712984513139824
54,0.53,0.54,1,134,18,0.000159042173147854,4.97670015313262e-05,0.76166276406298
55,0.54,0.55,1,133,18,0.000167817107273464,6.37031964132456e-05,0.724848337710165
56,0.55,0.56,1,133,18,0.000133813468794659,5.423513772747e-05,0.711589791966431
57,0.56,0.57,1,134,18,0.000333715916180906,6.70256590580264e-05,0.832745931045303
58,0.57,0.58,1,133,18,8.32477711182798e-05,5.76693812945287e-05,0.590756836147315
59,0.58,0.59,1,133,18,0.000250413414178156,5.86577528245831e-05,0.810212795346053
60,0.59,0.6,1,134,18,0.000164318230752697,9.52325120373379e-05,0.633087114243488
61,0.6,0.61,1,133,18,0.000194826425849634,5.56020245054587e-05,0.777972413171833
62,0.61,0.62,1,133,18,0.000172837108977724,6.43594614373402e-05,0.728666138280502
63,0.62,0.63,1,134,18,0.000297811740665506,6.02406720490278e-05,0.831754598182093
64,0.63,0.64,1,133,18,0.000129161616468961,5.59512259245931e-05,0.697745303885294
65,0.64,0.65,1,133,18,0.00038422104821926,3.92298141142284e-05,0.907356868048286
66,0.65,0.66,1,134,18,7.86747483410691e-05,7.38340565109433e-05,0.515870204460729
67,0.66,0.67,1,133,18,0.000186971133213947,4.69653245818001e-05,0.799238968460375
68,0.67,0.68,1,133,18,6.77525502592365e-05,9.80255925736697e-05,0.408694108291023
69,0.68,0.69,1,133,18,0.000140662962565505,8.26821751972957e-05,0.629800872203868
70,0.69,0.7,1,134,18,0.000159556525913117,3.93926475893394e-05,0.801996425037408
71,0.7,0.71,1,133,18,0.000179700316717235,5.20119805841881e-05,0.775532066317014
72,0.71,0.72,1,134,18,5.95798539504373e-05,7.43598681214628e-05,0.444825874123094
73,0.72,0.73,1,133,18,5.91394612857419e-05,6.41028110670625e-05,0.479863444228324
74,0.73,0.74,1,133,18,6.9132251371151e-05,7.18248486639437e-05,0.490448876671972
75,0.74,0.75,1,134,18,4.93091651604096e-05,0.000122360217653356,0.287233310635842
76,0.75,0.76,1,133,18,0.000107318403356572,0.000105072094675701,0.50528815719555
77,0.76,0.77,1,133,18,9.50431847346944e-05,7.47583243757766e-05,0.559731095633905
78,0.77,0.78,1,134,18,8.90296181065887e-05,6.21769482491188e-05,0.588794655234416
79,0.78,0.79,1,133,18,5.84219901850798e-05,5.48981739738343e-05,0.515548054652938
80,0.79,0.8,1,133,18,0.000140327978173847,5.33175989602188e-05,0.72466399827296
81,0.8,0.81,1,134,18,0.000121745407930967,4.91114278528722e-05,0.712558016028074
82,0.81,0.82,1,133,18,0.000172947710058653,4.39425622591606e-05,0.797397265494828
83,0.82,0.83,1,133,18,5.81861264731681e-05,5.86599732053898e-05,0.497972346815489
84,0.83,0.84,1,134,18,0.000159660181056473,4.38964846009197e-05,0.784352507154926
85,0.84,0.85,1,133,18,0.000137064565320351,4.23811362136432e-05,0.763821948080408
86,0.85,0.86,1,133,18,8.06234168618902e-05,6.82040080303824e-05,0.541724194450376
87,0.86,0.87,1,134,18,0.000187560298589063,5.54194536811673e-05,0.771917399851769
88,0.87,0.88,1,133,18,9.87528603914465e-05,7.76182723461102e-05,0.559915099816207
89,0.88,0.89,1,133,18,0.00014594142962302,6.98866462579748e-05,0.676192979190949
90,0.89,0.9,1,134,18,7.6899495205872e-05,6.58605675822158e-05,0.538662520203715
91,0.9,0.91,1,133,18,0.000118508650308631,5.76833778107258e-05,0.67261073939367
92,0.91,0.92,1,133,18,9.65576821474828e-05,7.75662913163229e-05,0.55453410708867
93,0.92,0.93,1,134,18,6.63215536330478e-05,6.2675893085034e-05,0.514130746928585
94,0.93,0.94,1,133,18,0.000195175716877904,0.000110128737939378,0.639282243669561
95,0.94,0.95,1,133,18,8.50386531764779e-05,6.69132792186601e-05,0.559641801430614
96,0.95,0.96,1,134,18,0.000213784506953085,7.16255680733063e-05,0.749043308766576
97,0.96,0.97,1,133,18,0.000144581873157035,7.19993898084621e-05,0.667564087388612
98,0.97,0.98,1,133,18,0.000290188972250018,0.000103521421048053,0.737062005956041
99,0.98,0.99,1,134,18,8.3761210660673e-05,0.000120599240271793,0.409869963970442
100,0.99,1,1,133,18,0.00025024652415806,8.27623130069054e-05,0.751471120972364
101,1,1.01,1,133,18,1.11166820707968e-05,7.90580043868583e-05,0.123279409194475
102,1.01,1.02,1,134,18,0.000268260933556289,5.40688079175575e-05,0.832256224106628
103,1.02,1.03,1,133,18,8.53452016818479e-05,7.00193150205725e-05,0.549322351675158
104,1.03,1.04,1,133,18,0.000155113529301036,9.34698438378086e-05,0.623989960963311
105,1.04,1.05,1,133,18,0.000136786775099922,6.64054854817107e-05,0.673188903496488
106,1.05,1.06,1,134,18,0.000205360228981878,6.90089157764011e-05,0.74848149985233
107,1.06,1.07,1,133,18,9.45933653191636e-05,8.50623932920133e-05,0.526525651336838
108,1.07,1.08,1,134,18,0.000223810952133857,9.32957248471986e-05,0.705790727160336
109,1.08,1.09,1,133,18,9.85127634950805e-05,7.61269263759129e-05,0.564091493565134
110,1.09,1.1,1,133,18,0.000165669796515423,5.67860935765421e-05,0.744730995645625
111,1.1,1.11,1,133,18,0.000122262908029168,6.77472154000554e-05,0.643454705584197
112,1.11,1.12,1,134,18,0.000164324859441105,7.94130617031886e-05,0.674186678337279
113,1.12,1.13,1,133,18,0.000171632997169255,9.51556086097632e-05,0.643329563000225
114,1.13,1.14,1,134,18,2.59288376883208e-05,9.19471509184052e-05,0.219967085704181
115,1.14,1.15,1,133,18,0.000204863363060572,4.90712729253866e-05,0.806756283029858
116,1.15,1.16,1,133,18,9.70689025284648e-05,5.13464219244328e-05,0.654035578106838
117,1.16,1.17,1,134,18,0.000111650244085999,6.5442149801029e-05,0.630463238061053
118,1.17,1.18,1,133,18,0.000102219427541642,5.26317133704614e-05,0.660114138904949
119,1.18,1.19,1,133,18,7.4931513916189e-05,5.86812590545427e-05,0.560811008185595
120,1.19,1.2,1,133,18,0.000204543730152542,6.01503935673193e-05,0.772755085296191
121,1.2,1.21,1,134,18,5.94030651750899e-05,7.80567601846713e-05,0.432148557002889
122,1.21,1.22,1,133,18,6.95199708906912e-05,7.38846389645923e-05,0.48478198128252
123,1.22,1.23,1,133,18,8.04471832510704e-05,6.58165460644859e-05,0.550014577281219
124,1.23,1.24,1,134,18,0.000106839551435845,7.20584365721703e-05,0.597209351684035
125,1.24,1.25,1,211,18,0.000122315709249515,9.46422215272894e-05,0.563776160712685
126,0,0.01,-1,212,18,0.000284720964827958,7.23270500911625e-05,0.797430465738491
127,0.01,0.02,-1,133,18,1.12944556065902e-05,0.000115994165464,0.0887310704727223
128,0.02,0.03,-1,133,18,7.95439053157278e-05,6.75597025784017e-05,0.540733884467168
129,0.03,0.04,-1,133,18,9.13494845868907e-05,9.87590127209297e-05,0.480512369938831
130,0.04,0.05,-1,134,18,9.94157431367295e-05,5.40978705415709e-05,0.647602129574403
131,0.05,0.06,-1,133,18,0.000193277691521333,4.04915003001432e-05,0.826788551628028
132,0.06,0.07,-1,133,18,0.000121046074752005,4.30618758708839e-05,0.737600306947725
133,0.07,0.08,-1,134,18,0.000409847497877827,5.49911656986515e-05,0.881698382669917
134,0.08,0.09,-1,133,18,0.000192183498978336,6.29027996129879e-05,0.753405808307388
135,0.09,0.1,-1,134,18,0.000197345540431251,8.86557729967399e-05,0.69001620330299
136,0.1,0.11,-1,133,18,9.1787070049998e-05,0.000105980326285232,0.464116288887235
137,0.11,0.12,-1,133,18,6.88656536171946e-05,5.12710478526504e-05,0.573227438198645
138,0.12,0.13,-1,134,18,0.000129224048113979,6.38196304651139e-05,0.669403158213409
139,0.13,0.14,-1,133,18,0.000267784756591227,7.9505106100543e-05,0.771069891057816
140,0.14,0.15,-1,133,18,0.000158048756616824,5.90866164028791e-05,0.727881203411673
141,0.15,0.16,-1,134,18,0.000122209402466345,5.81381726129405e-05,0.677632634720033
142,0.16,0.17,-1,133,18,0.000442010385453514,6.42379627122534e-05,0.873109783083738
143,0.17,0.18,-1,133,18,0.000103276938440682,3.6741974082329e-05,0.737592776430893
144,0.18,0.19,-1,133,18,0.000242645619853594,0.000104969593475035,0.698029345522923
145,0.19,0.2,-1,134,18,0.000233964966135669,7.51692991698257e-05,0.756839316743029
146,0.2,0.21,-1,133,18,0.000283340756180815,6.05935454678719e-05,0.823822325434218
147,0.21,0.22,-1,134,18,0.000118903193747064,9.08352625650055e-05,0.566911742547339
148,0.22,0.23,-1,133,18,8.01629832948836e-05,7.11853473592036e-05,0.529658853509916
149,0.23,0.24,-1,133,18,8.60157357086389e-05,8.67182785929178e-05,0.497966402601365
150,0.24,0.25,-1,134,18,0.000183253986886591,0.000136619419033257,0.572895350145205
151,0.25,0.26,-1,133,18,0.000174127240638374,5.79154641161589e-05,0.750410321335355
152,0.26,0.27,-1,133,18,6.86436434118867e-05,0.000100415979950255,0.406032156269775
153,0.27,0.28,-1,134,18,0.000104263425915934,5.22364801809647e-05,0.666220373649158
154,0.28,0.29,-1,133,18,0.00013184943457194,6.36007538331218e-05,0.674593540420068
155,0.29,0.3,-1,133,18,0.000172372670133022,5.47861657804511e-05,0.758820009971703
156,0.3,0.31,-1,134,18,8.73136988310008e-05,7.8201957990206e-05,0.527525313966634
157,0.31,0.32,-1,133,18,6.84547180376534e-05,5.78199075002062e-05,0.542109847850068
158,0.32,0.33,-1,133,18,0.000182399379307481,8.78203091768413e-05,0.675004032202722
159,0.33,0.34,-1,133,18,2.3721809851177e-05,8.32515048150605e-05,0.221754462084215
160,0.34,0.35,-1,134,18,0.000113951883566457,7.09055649679622e-05,0.616431117436092
161,0.35,0.36,-1,133,18,6.69944987404744e-05,6.6153086205948e-05,0.503159698821668
162,0.36,0.37,-1,134,18,0.000172604141843531,6.7543315332619e-05,0.718742325540947
163,0.37,0.38,-1,133,18,0.000139880459194467,7.29133733854595e-05,0.657352036469041
164,0.38,0.39,-1,133,18,6.97401399951099e-05,5.83524647545347e-05,0.544450947276903
165,0.39,0.4,-1,134,18,0.000296522177301379,6.07961561740112e-05,0.829854361004405
166,0.4,0.41,-1,133,18,0.000207973120710071,5.15158856047716e-05,0.801471798993031
167,0.41,0.42,-1,133,18,0.000220156181366082,5.55830479827692e-05,0.798421689528811
168,0.42,0.43,-1,134,18,0.000125472864306072,3.66670880480013e-05,0.773855317485665
169,0.43,0.44,-1,133,18,0.000230177384720951,4.66862231671189e-05,0.831374648610397
170,0.44,0.45,-1,133,18,3.27203900316225e-05,8.02019531036448e-05,0.289760105247085
171,0.45,0.46,-1,133,18,0.000125555951119072,5.36319964519318e-05,0.700694175144341
172,0.46,0.47,-1,134,18,8.8180694851343e-05,7.83942001754866e-05,0.529375659142034
173,0.47,0.48,-1,133,18,6.55900435988158e-05,5.02324197518242e-05,0.566298123018235
174,0.48,0.49,-1,133,18,0.000119694391497034,6.00231250887195e-05,0.666014052335967
175,0.49,0.5,-1,134,18,0.000115583703459702,7.89206280054905e-05,0.594247452429543
176,0.5,0.51,-1,133,18,0.000198991661741743,4.1244327349518e-05,0.828317449414917
177,0.51,0.52,-1,134,18,0.000112836503346032,5.08025415250133e-05,0.68954511091746
178,0.52,0.53,-1,133,18,0.000145590195779603,2.94429970230761e-05,0.831786208366386
179,0.53,0.54,-1,133,18,0.000206577682925519,3.47931737924891e-05,0.85585180304871
180,0.54,0.55,-1,134,18,0.000171706366258583,6.98693036482142e-05,0.710776736435542
181,0.55,0.56,-1,133,18,0.000144091618813413,8.75862461960466e-05,0.621948146869921
182,0.56,0.57,-1,133,18,0.000276655178759713,4.70331615720739e-05,0.854696151477486
183,0.57,0.58,-1,134,18,0.000176661879601484,3.85432612994962e-05,0.820899904444055
184,0.58,0.59,-1,133,18,0.000259571895744177,6.73558535453724e-05,0.793973274854324
185,0.59,0.6,-1,133,18,0.000200657797612094,7.36079554667037e-05,0.731618130807765
186,0.6,0.61,-1,133,18,8.05842033745673e-05,5.95741680823234e-05,0.574951053846634
187,0.61,0.62,-1,134,18,0.000127135012188891,8.62791620922956e-05,0.595719626482647
188,0.62,0.63,-1,133,18,8.2146347161475e-05,8.4060213295006e-05,0.494242507250392
189,0.63,0.64,-1,133,18,0.00017874083291775,5.25837798097846e-05,0.772684025319345
190,0.64,0.65,-1,134,18,0.000225598603680924,6.68057867919261e-05,0.771529467516224
191,0.65,0.66,-1,133,18,0.000340676382141528,6.42308844220649e-05,0.84136890165695
192,0.66,0.67,-1,134,18,0.000146559068345286,5.78484237165992e-05,0.716994601650484
193,0.67,0.68,-1,133,18,0.000256086834913313,7.38903954057914e-05,0.77607426023203
194,0.68,0.69,-1,133,18,6.35872464065509e-05,7.3849934855153e-05,0.462664075491114
195,0.69,0.7,-1,134,18,0.000235939474309605,6.40376527895396e-05,0.786524881384124
196,0.7,0.71,-1,133,18,2.41934453200669e-05,7.84851098872847e-05,0.235623156862795
197,0.71,0.72,-1,133,18,0.000232771872786311,6.20593857322569e-05,0.78950879888352
198,0.72,0.73,-1,134,18,6.08818980065896e-05,0.000103995203589258,0.369256236416778
199,0.73,0.74,-1,133,18,9.17561181867998e-05,7.48423129706255e-05,0.550762198355253
200,0.74,0.75,-1,133,18,0.000136631627183294,7.83178977394688e-05,0.635645169406118
201,0.75,0.76,-1,133,18,0.000116926041852464,7.05122041185828e-05,0.623811011710626
202,0.76,0.77,-1,134,18,8.09025620251879e-05,6.64738112859167e-05,0.548952048469848
203,0.77,0.78,-1,133,18,0.000136543803865228,5.7052452949609e-05,0.705301879859299
204,0.78,0.79,-1,134,18,0.000453919048417972,5.78474335785557e-05,0.886965177256474
205,0.79,0.8,-1,133,18,0.000164846777141313,3.71465080665404e-05,0.816100282599413
206,0.8,0.81,-1,133,18,2.75689623822888e-05,9.43581308066931e-05,0.226110224243254
207,0.81,0.82,-1,134,18,0.000106454967409852,5.9860414442371e-05,0.640078904454195
208,0.82,0.83,-1,133,18,1.96962159633367e-05,8.41769565694778e-05,0.189617930049402
209,0.83,0.84,-1,133,18,0.000111615888760549,6.3546699113852e-05,0.637213060819712
210,0.84,0.85,-1,134,18,0.00017082584715538,5.34760574303188e-05,0.761588928417292
211,0.85,0.86,-1,133,18,9.48995916772802e-05,3.36094760291442e-05,0.738466112711018
212,0.86,0.87,-1,133,18,0.00013014689557744,8.00667015008561e-05,0.619117399570332
213,0.87,0.88,-1,134,18,0.00014805972603436,5.68243005680188e-05,0.722651387175738
214,0.88,0.89,-1,133,18,6.87410287287092e-05,8.1773616894225e-05,0.45670657791613
215,0.89,0.9,-1,133,18,0.000232237853326773,5.82116188501244e-05,0.799580910187812
216,0.9,0.91,-1,134,18,0.000365952732690883,5.88672659964831e-05,0.861430097033156
217,0.91,0.92,-1,133,18,0.000207687178951321,8.82053940844445e-05,0.701900614876931
218,0.92,0.93,-1,133,18,0.000401472288666854,9.68611737814055e-05,0.805629801969274
219,0.93,0.94,-1,134,18,9.92275197577343e-05,6.44925393184455e-05,0.606080405282307
220,0.94,0.95,-1,133,18,0.000216317244092682,4.0876411738898e-05,0.841067573744255
221,0.95,0.96,-1,133,18,0.0003693132145046,4.33925408619523e-05,0.894858406267166
222,0.96,0.97,-1,134,18,0.000450485862613501,7.30564314843339e-05,0.860457440959523
223,0.97,0.98,-1,133,18,0.000250088054958173,6.94818931381314e-05,0.782576886368575
224,0.98,0.99,-1,133,18,0.000194221871655946,5.78327336925189e-05,0.770554743038457
225,0.99,1,-1,134,18,8.78628705975742e-05,8.98047905580047e-05,0.494534965035843
226,1,1.01,-1,133,18,0.000221577645890628,6.33998141743642e-05,0.777526916830878
227,1.01,1.02,-1,133,18,1.63525354670765e-06,8.34219792824235e-05,0.0192253320771987
228,1.02,1.03,-1,134,18,0.000361590900179763,7.33099211650011e-05,0.831433012845737
229,1.03,1.04,-1,133,18,6.41092760647775e-05,9.64254137349001e-05,0.399348428335184
230,1.04,1.05,-1,133,18,0.000493895541116542,3.20559020677492e-05,0.939051594052729
231,1.05,1.06,-1,134,18,0.000199714254978373,3.87289777917657e-05,0.837575689014832
232,1.06,1.07,-1,133,18,0.000131503775122873,5.48294063290221e-05,0.705745343358627
233,1.07,1.08,-1,133,18,0.000127552732066389,6.86602530803945e-05,0.650072837793937
234,1.08,1.09,-1,134,18,0.000124462789339132,5.28719448742879e-05,0.701852290196813
235,1.09,1.1,-1,133,18,9.18869242740083e-05,5.14725444599143e-05,0.640954693021023
236,1.1,1.11,-1,133,18,0.000239801131178619,4.43021540278066e-05,0.844063211040952
237,1.11,1.12,-1,134,18,8.9858705221149e-05,8.84983845003378e-05,0.503813475323396
238,1.12,1.13,-1,133,18,6.55037258113039e-05,5.68050758039214e-05,0.535560196373879
239,1.13,1.14,-1,133,18,0.000246406915715654,8.61324349447069e-05,0.740985736654432
240,1.14,1.15,-1,134,18,0.000201760380759718,6.08877445162746e-05,0.768177501924702
241,1.15,1.16,-1,133,18,0.00023378522505788,4.85679435562975e-05,0.827988671794708
242,1.16,1.17,-1,133,18,0.000116386164721915,7.16830833846513e-05,0.618847397401018
243,1.17,1.18,-1,134,18,0.000137127762847276,6.37182565605385e-05,0.68275071246914
244,1.18,1.19,-1,133,18,8.1611668140403e-05,9.23643085107227e-05,0.469097341548822
245,1.19,1.2,-1,133,18,7.87961150730986e-05,6.49190470962193e-05,0.548279763134978
246,1.2,1.21,-1,134,18,0.000255828977844173,0.000101619968741429,0.715707740330149
247,1.21,1.22,-1,133,18,6.56821153505806e-05,8.71038264933354e-05,0.429896327881269
248,1.22,1.23,-1,133,18,0.000173988232611876,4.59174536151682e-05,0.791194787169986
249,1.23,1.24,-1,134,18,0.000133704868109368,7.9391357952715e-05,0.627438930196795
250,1.24,1.25,-1,211,18,0.000783250691212741,0.000123214081050633,0.864071848326795
1,0,0.01,1,212,20,0.000364091778768747,0.000175072509700188,0.67528912161942
2,0.01,0.02,1,133,20,0.000101821535448994,9.61712563286697e-05,0.514268901078654
3,0.02,0.03,1,134,20,0.000482945234553807,8.72490557380591e-05,0.846983638342996
4,0.03,0.04,1,133,20,0.000138715730609821,8.52044971927159e-05,0.619487269958242
5,0.04,0.05,1,133,20,0.00016859495072278,5.25186066814837e-05,0.762481291070436
6,0.05,0.06,1,133,20,7.33096884684166e-05,7.08058551073218e-05,0.508686895594225
7,0.06,0.07,1,134,20,0.000241406066251547,6.6239012037583e-05,0.784690161773593
8,0.07,0.08,1,133,20,9.40398477938813e-05,9.14961195645854e-05,0.506855081161652
9,0.08,0.09,1,134,20,0.000114384267568839,4.96161494417674e-05,0.697463272678396
10,0.09,0.1,1,133,20,0.000161157909323621,7.44119214604291e-05,0.684119476535841
11,0.1,0.11,1,133,20,0.00014101643743426,4.61750481184358e-05,0.753327198712587
12,0.11,0.12,1,134,20,0.000119890654231209,7.6103231390316e-05,0.611706094049916
13,0.12,0.13,1,133,20,0.000138187763205412,7.45111346733054e-05,0.649687255475145
14,0.13,0.14,1,133,20,0.000161954630322194,6.27438142936057e-05,0.720764358645703
15,0.14,0.15,1,134,20,0.000160952225686673,5.38035416188055e-05,0.749466371525786
16,0.15,0.16,1,133,20,7.21779716324271e-05,8.51491394887342e-05,0.458776437945531
17,0.16,0.17,1,133,20,0.000166780487754259,7.83808625911075e-05,0.680288665074286
18,0.17,0.18,1,134,20,0.00010498073341247,5.38167310235192e-05,0.661098297667009
19,0.18,0.19,1,133,20,0.000255632250734246,7.4569605302047e-05,0.774169636121455
20,0.19,0.2,1,133,20,0.00025725816602434,4.98237509365153e-05,0.837750944667749
21,0.2,0.21,1,134,20,0.000269757589047046,6.32284948648261e-05,0.810116704812324
22,0.21,0.22,1,133,20,9.68762995526984e-05,0.000120701048742162,0.445249932090412
23,0.22,0.23,1,133,20,0.000140564599058945,8.65180136553925e-05,0.619002033571679
24,0.23,0.24,1,133,20,3.413353373296e-05,8.67657277365108e-05,0.282330374214728
25,0.24,0.25,1,134,20,0.000180803222202114,5.72803909470937e-05,0.759410611299838
26,0.25,0.26,1,133,20,0.000133390505622424,5.83708874502551e-05,0.695606678096399
27,0.26,0.27,1,133,20,0.000234001467758588,4.38093345801186e-05,0.842305143603788
28,0.27,0.28,1,134,20,0.000283555290653757,9.10030480376317e-05,0.757039054702204
29,0.28,0.29,1,133,20,0.000172463739519369,5.82679418739841e-05,0.747464494160001
30,0.29,0.3,1,134,20,0.000113038585683556,8.73813455830437e-05,0.564008703970622
31,0.3,0.31,1,133,20,7.09216573333573e-05,4.59402246009569e-05,0.606884436220367
32,0.31,0.32,1,133,20,8.8376724261454e-05,6.32726600864473e-05,0.582770082723894
33,0.32,0.33,1,134,20,7.62783092210868e-05,9.74273815172557e-05,0.439123835821745
34,0.33,0.34,1,133,20,0.00012941445552012,0.000111099940832502,0.538073635020098
35,0.34,0.35,1,133,20,0.000139589953251778,9.04374081339001e-05,0.606840648916251
36,0.35,0.36,1,134,20,0.000131316649782001,6.77254379632916e-05,0.659743129051391
37,0.36,0.37,1,133,20,8.53434321859164e-05,7.35112266962566e-05,0.537242236308713
38,0.37,0.38,1,133,20,6.05339240941898e-05,6.02509850113794e-05,0.501171251793397
39,0.38,0.39,1,134,20,9.33466371515391e-05,6.27734024231508e-05,0.597915792270094
40,0.39,0.4,1,133,20,0.000120647777200321,5.15951835151992e-05,0.700451134253233
41,0.4,0.41,1,133,20,7.34470714714741e-05,7.66182019597808e-05,0.489434162828619
42,0.41,0.42,1,134,20,0.000121508015183286,4.58862723274628e-05,0.725879102508105
43,0.42,0.43,1,133,20,0.000105774999075606,8.03275351264014e-05,0.568369471856794
44,0.43,0.44,1,133,20,0.000182835423204525,6.80925844986071e-05,0.728636969934556
45,0.44,0.45,1,134,20,3.95508354444268e-05,0.000121882131126,0.24499850485726
46,0.45,0.46,1,133,20,6.60857399664966e-05,6.1754016116105e-05,0.516942006082962
47,0.46,0.47,1,133,20,3.64321315786682e-05,9.2349771910478e-05,0.282897911830746
48,0.47,0.48,1,134,20,7.58906517778539e-05,6.92245362548499e-05,0.522968359182023
49,0.48,0.49,1,133,20,0.000137966517146821,2.959748537187e-05,0.82336608742341
50,0.49,0.5,1,133,20,0.000119982355491026,5.18996575007735e-05,0.698050676755515
51,0.5,0.51,1,134,20,4.66381434846447e-05,4.37952789021928e-05,0.515717997325653
52,0.51,0.52,1,133,20,2.9240433662179e-05,8.06281046168343e-05,0.266140190087196
53,0.52,0.53,1,133,20,7.32171941689389e-05,3.45175645343777e-05,0.679606053331095
54,0.53,0.54,1,134,20,1.19005478602021e-05,9.07152334242766e-05,0.115971907159295
55,0.54,0.55,1,133,20,0.000103663614613788,4.78741414499637e-05,0.684077798869985
56,0.55,0.56,1,133,20,0.000276574761286423,4.42957056897813e-05,0.861951440694396
57,0.56,0.57,1,134,20,0.000273699387219408,6.04084831497036e-05,0.819194671819715
58,0.57,0.58,1,133,20,0.000167039907950834,6.47798969047799e-05,0.720559263928605
59,0.58,0.59,1,133,20,0.000212469652387944,5.31790647469188e-05,0.799814336314219
60,0.59,0.6,1,134,20,0.000177884353204731,4.8588167103343e-05,0.7854566768752
61,0.6,0.61,1,133,20,5.91542438170427e-05,6.36697210908908e-05,0.481618093516062
62,0.61,0.62,1,133,20,0.000214029652416725,5.81115952522877e-05,0.786465316264865
63,0.62,0.63,1,134,20,7.23550061034666e-05,6.57351905965546e-05,0.52396917255934
64,0.63,0.64,1,133,20,0.000112391365360575,5.39137345491785e-05,0.675814304080661
65,0.64,0.65,1,133,20,0.000153105836300447,8.47671324058497e-05,0.643645375652111
66,0.65,0.66,1,134,20,9.02016651386057e-05,6.82075711801452e-05,0.569421753647634
67,0.66,0.67,1,133,20,5.43511181478571e-05,6.52044130768606e-05,0.454609816803024
68,0.67,0.68,1,133,20,0.000153043292565085,4.82213466848284e-05,0.760408252216867
69,0.68,0.69,1,133,20,7.14069825147429e-05,8.82437172655319e-05,0.447270087841891
70,0.69,0.7,1,134,20,0.00015270235947866,4.61661403638308e-05,0.767855942995519
71,0.7,0.71,1,133,20,0.000124761631467382,7.08970422576501e-05,0.637649377316719
72,0.71,0.72,1,134,20,0.000112177575029327,4.13403598812287e-05,0.730713158007794
73,0.72,0.73,1,133,20,6.01252393966184e-05,7.18881990856577e-05,0.455447870215809
74,0.73,0.74,1,133,20,5.81905815118457e-05,5.33899280476128e-05,0.521512061036407
75,0.74,0.75,1,134,20,6.80434678612238e-05,7.38918969030883e-05,0.479397562222861
76,0.75,0.76,1,133,20,0.000101689605164317,6.33098551503505e-05,0.616302653174662
77,0.76,0.77,1,133,20,6.90674357539335e-05,5.13209608820512e-05,0.573705088562405
78,0.77,0.78,1,134,20,6.47625973214749e-05,5.98268905093131e-05,0.519807878249188
79,0.78,0.79,1,133,20,5.17172064029587e-05,7.74022182877351e-05,0.400537769796044
80,0.79,0.8,1,133,20,6.40340152813295e-05,7.60345400893091e-05,0.457161959812377
81,0.8,0.81,1,134,20,7.80018501693985e-05,4.48574391363027e-05,0.634887688266799
82,0.81,0.82,1,133,20,0.000115070569820436,4.9470855059132e-05,0.699341031625677
83,0.82,0.83,1,133,20,4.57260946968353e-05,6.05185515672212e-05,0.430384930485715
84,0.83,0.84,1,134,20,3.61008225039451e-05,7.85219897604747e-05,0.314953208621904
85,0.84,0.85,1,133,20,6.08411344139132e-05,6.07243141831876e-05,0.500480482867763
86,0.85,0.86,1,133,20,0.000149328836814043,5.77794245483205e-05,0.721018253119185
87,0.86,0.87,1,134,20,9.00170368423891e-05,4.53520406868647e-05,0.664974885589629
88,0.87,0.88,1,133,20,3.05649025222505e-05,7.10793980927437e-05,0.300704538644262
89,0.88,0.89,1,133,20,8.62412370149776e-05,2.89414845989251e-05,0.74873414872121
90,0.89,0.9,1,134,20,7.36316350155909e-05,4.25780193920031e-05,0.633610308807349
91,0.9,0.91,1,133,20,0.000181795467163965,9.98084918420167e-05,0.645571418120949
92,0.91,0.92,1,133,20,7.13637131425867e-05,7.79643063572794e-05,0.47789901306935
93,0.92,0.93,1,134,20,6.0011516627226e-05,9.69963537852724e-05,0.38221979872449
94,0.93,0.94,1,133,20,8.76076045121045e-05,4.10821420403068e-05,0.680766003967726
95,0.94,0.95,1,133,20,0.000110545007156515,5.40391523367521e-05,0.671662494719227
96,0.95,0.96,1,134,20,3.22249679274038e-05,8.36584613986661e-05,0.278080896594197
97,0.96,0.97,1,133,20,0.000201103684488128,7.46340130269888e-05,0.729329672005051
98,0.97,0.98,1,133,20,0.000418955917029859,5.08230537052324e-05,0.891814966460277
99,0.98,0.99,1,134,20,0.000224433658649996,5.60572076306e-05,0.800146049766477
100,0.99,1,1,133,20,0.000132618056311426,6.88101496627769e-05,0.658388708125665
101,1,1.01,1,133,20,0.000104176410673021,5.09017639629789e-05,0.671767067916193
102,1.01,1.02,1,134,20,5.97200283084347e-05,4.61613680251213e-05,0.56402758535881
103,1.02,1.03,1,133,20,0.000117543640713891,8.51791580604685e-05,0.579824476696983
104,1.03,1.04,1,133,20,8.50063872661477e-05,8.18552523316719e-05,0.509442358777221
105,1.04,1.05,1,133,20,0.000193758444345499,5.9657539930368e-05,0.764586515326416
106,1.05,1.06,1,134,20,5.36540572304972e-06,6.74279691916114e-05,0.0737073357203154
107,1.06,1.07,1,133,20,9.97385428415146e-05,5.40393317476485e-05,0.648588381833074
108,1.07,1.08,1,134,20,5.62492563307281e-05,8.06904912564943e-05,0.410759164682268
109,1.08,1.09,1,133,20,0.000103314583262862,8.33175370000751e-05,0.553573431611382
110,1.09,1.1,1,133,20,3.43458521271536e-05,7.10737216889691e-05,0.325801470105173
111,1.1,1.11,1,133,20,8.37379086996161e-05,4.89155175257474e-05,0.631253267121459
112,1.11,1.12,1,134,20,0.000220423189763818,7.10600639131495e-05,0.756212190522955
113,1.12,1.13,1,133,20,7.57400686246301e-05,7.00245915804733e-05,0.519605153389425
114,1.13,1.14,1,134,20,5.0404894284299e-05,7.67089003207178e-05,0.396533629107078
115,1.14,1.15,1,133,20,0.000145227099535043,6.8487591274643e-05,0.679537279280293
116,1.15,1.16,1,133,20,0.000116112680587788,3.91893400929884e-05,0.747657242827882
117,1.16,1.17,1,134,20,4.87532782029967e-05,5.98039251958265e-05,0.449102193834934
118,1.17,1.18,1,133,20,0.000143395998363558,5.16651632554536e-05,0.735133520037349
119,1.18,1.19,1,133,20,0.000127110174913081,4.99897761960875e-05,0.717731281781819
120,1.19,1.2,1,133,20,0.000124935260205901,6.87539580505278e-05,0.645029503090342
121,1.2,1.21,1,134,20,4.82164353395145e-05,5.54203363945281e-05,0.465244473875062
122,1.21,1.22,1,133,20,0,7.83692973051888e-05,0
123,1.22,1.23,1,133,20,8.46185522039418e-05,4.11385140752983e-05,0.672873141108816
124,1.23,1.24,1,134,20,9.65041705853601e-05,7.14510622081136e-05,0.574582696711966
125,1.24,1.25,1,211,20,6.65249214518611e-05,0.000119478942481257,0.357653438187616
126,0,0.01,-1,212,20,0.000244152984221006,6.80581248290673e-05,0.782012481759091
127,0.01,0.02,-1,133,20,3.86309929710949e-05,0.00012031802635256,0.243040146680199
128,0.02,0.03,-1,133,20,8.06427508704927e-05,6.23637917322302e-05,0.563909520521177
129,0.03,0.04,-1,133,20,4.63929863020973e-05,8.2065621234087e-05,0.361151247019623
130,0.04,0.05,-1,134,20,7.21861663633923e-05,9.36772614725367e-05,0.435214485225751
131,0.05,0.06,-1,133,20,3.21712492866383e-05,7.37978894863989e-05,0.303590740277149
132,0.06,0.07,-1,133,20,0.000200087260556663,6.38612022322759e-05,0.758054274847809
133,0.07,0.08,-1,134,20,8.29109478497106e-05,6.11000949461902e-05,0.575726320982314
134,0.08,0.09,-1,133,20,0.000208570318179302,5.57150092950465e-05,0.78918614276665
135,0.09,0.1,-1,134,20,0.000147638980849538,7.38903010418705e-05,0.666453570331661
136,0.1,0.11,-1,133,20,4.1934618861043e-05,6.32761950674279e-05,0.398577078678936
137,0.11,0.12,-1,133,20,7.57378881633208e-05,7.06222645139715e-05,0.517476148923637
138,0.12,0.13,-1,134,20,2.50937580233214e-05,6.49655827440359e-05,0.278635817334528
139,0.13,0.14,-1,133,20,4.64486504935764e-05,9.34612255878425e-05,0.331989790817527
140,0.14,0.15,-1,133,20,5.14409001482067e-06,0.000109633192392705,0.0448180154375514
141,0.15,0.16,-1,134,20,7.36193663506443e-05,6.16353140622739e-05,0.544301802539418
142,0.16,0.17,-1,133,20,0.000136503702426532,6.401045021859e-05,0.680768417719232
143,0.17,0.18,-1,133,20,4.91250235021096e-05,5.84469470990511e-05,0.456671224182069
144,0.18,0.19,-1,133,20,5.11672114566861e-05,7.69186101465767e-05,0.399475998328473
145,0.19,0.2,-1,134,20,3.80451063604948e-05,6.62910280285698e-05,0.364639792180016
146,0.2,0.21,-1,133,20,0.000127699817331175,6.31919029413001e-05,0.668964673527479
147,0.21,0.22,-1,134,20,0.000110883934655672,7.66809710813792e-05,0.591176340904205
148,0.22,0.23,-1,133,20,5.77477479788755e-05,8.89220660075485e-05,0.393726196340719
149,0.23,0.24,-1,133,20,0.000128806751616008,7.1391302255575e-05,0.643396622120168
150,0.24,0.25,-1,134,20,5.33466359990763e-05,8.95211255644092e-05,0.373398696915755
151,0.25,0.26,-1,133,20,3.98688232969772e-05,5.25143933579396e-05,0.431559159126284
152,0.26,0.27,-1,133,20,8.16732426030478e-05,7.47359523516227e-05,0.52217673408982
153,0.27,0.28,-1,134,20,9.61966129529647e-05,7.5779389943302e-05,0.559360674355183
154,0.28,0.29,-1,133,20,6.19477687628361e-05,8.76146765828185e-05,0.414193339910084
155,0.29,0.3,-1,133,20,0.000107190626246913,0.000129003411968227,0.45382443628521
156,0.3,0.31,-1,134,20,0.000139483993219616,5.20988452286453e-05,0.728061001441342
157,0.31,0.32,-1,133,20,0.000107755123658132,8.45286319057242e-05,0.56039639616019
158,0.32,0.33,-1,133,20,0.000117996285959933,4.10337103878301e-05,0.74197502779225
159,0.33,0.34,-1,133,20,0.000191945455707315,4.54953936614893e-05,0.808392726936283
160,0.34,0.35,-1,134,20,7.80251926601183e-05,6.43133929512542e-05,0.548166137277426
161,0.35,0.36,-1,133,20,5.26334322977206e-05,4.81656037339918e-05,0.522162059974081
162,0.36,0.37,-1,134,20,0.000206599989548846,5.01312864270529e-05,0.804732453276323
163,0.37,0.38,-1,133,20,9.15497827640844e-05,4.8188908100961e-05,0.655149852895787
164,0.38,0.39,-1,133,20,6.19779301107394e-05,5.26501649056488e-05,0.540687081137294
165,0.39,0.4,-1,134,20,7.28614038038112e-05,6.0457969599987e-05,0.54651774864804
166,0.4,0.41,-1,133,20,0.000132038054239792,6.62109858335099e-05,0.666021152944657
167,0.41,0.42,-1,133,20,0.000102384023859328,6.17376400612426e-05,0.623830038116591
168,0.42,0.43,-1,134,20,0.000174289057805704,6.43627724305096e-05,0.730306814044525
169,0.43,0.44,-1,133,20,3.97203556185335e-05,7.63672322182408e-05,0.342158505992756
170,0.44,0.45,-1,133,20,0.000180315219310308,6.15546406882023e-05,0.745505121272318
171,0.45,0.46,-1,133,20,1.00303271488154e-05,8.06998814311564e-05,0.110551130718215
172,0.46,0.47,-1,134,20,0.000129563865146898,3.82531324195964e-05,0.772054482118599
173,0.47,0.48,-1,133,20,4.38031795406235e-05,4.91138386573364e-05,0.471422570269106
174,0.48,0.49,-1,133,20,0.000176406629998232,5.08993557291101e-05,0.776075603261215
175,0.49,0.5,-1,134,20,5.85542035683561e-05,7.5050096578575e-05,0.438265860484739
176,0.5,0.51,-1,133,20,0.000119300197526059,7.49991561838002e-05,0.614002029590928
177,0.51,0.52,-1,134,20,0.000129383277548643,6.42067985662402e-05,0.66833631219744
178,0.52,0.53,-1,133,20,8.86583621209054e-05,6.32674777163595e-05,0.58356341630806
179,0.53,0.54,-1,133,20,0.000168898978242244,4.40716608934111e-05,0.793062268713299
180,0.54,0.55,-1,134,20,7.66496748547344e-05,5.95378856655848e-05,0.562824347259662
181,0.55,0.56,-1,133,20,7.77259926252184e-05,8.33508870149891e-05,0.482539721397835
182,0.56,0.57,-1,133,20,8.80277446037646e-05,5.60503115793785e-05,0.610972600101359
183,0.57,0.58,-1,134,20,0.000115517716347801,7.22293278008395e-05,0.615283808443582
184,0.58,0.59,-1,133,20,0.000119738671243308,6.09507586741094e-05,0.662676678420169
185,0.59,0.6,-1,133,20,2.32642257847673e-05,6.76031801116415e-05,0.256023879577778
186,0.6,0.61,-1,133,20,0.000128877147200468,7.7397308682079e-05,0.62478481229809
187,0.61,0.62,-1,134,20,6.89663614634175e-05,5.93241786305989e-05,0.537579477121822
188,0.62,0.63,-1,133,20,0.000244130521940484,6.42481028041626e-05,0.791658378211644
189,0.63,0.64,-1,133,20,5.16158700919748e-05,7.92926040736127e-05,0.394289754127646
190,0.64,0.65,-1,134,20,0.000155274976114034,5.49556818347345e-05,0.738593398456058
191,0.65,0.66,-1,133,20,0.000154233843396427,4.75544552066616e-05,0.76433492161902
192,0.66,0.67,-1,134,20,0.000348019888226065,5.77216992203802e-05,0.857737779398817
193,0.67,0.68,-1,133,20,7.17521001170837e-05,5.66522110965486e-05,0.558798216655719
194,0.68,0.69,-1,133,20,0.000132105182041049,6.50147179079882e-05,0.670176791258534
195,0.69,0.7,-1,134,20,8.72638353871773e-05,5.63492242837819e-05,0.607631615029392
196,0.7,0.71,-1,133,20,2.42477873282966e-05,0.000122134586994975,0.165646905513007
197,0.71,0.72,-1,133,20,7.32424756649945e-05,5.94227142443858e-05,0.55208510774397
198,0.72,0.73,-1,134,20,0.000141088127070255,9.40857538596543e-05,0.599931108473328
199,0.73,0.74,-1,133,20,5.81715149754572e-05,4.73828567101603e-05,0.551104743901227
200,0.74,0.75,-1,133,20,0.000117527962108628,5.83918326977008e-05,0.668076962220285
201,0.75,0.76,-1,133,20,0.000200096048921013,4.99846562268218e-05,0.80012589856833
202,0.76,0.77,-1,134,20,1.2598459698834e-05,8.72430367537896e-05,0.126184604062021
203,0.77,0.78,-1,133,20,8.55820375301433e-05,4.81390589542374e-05,0.640004006698672
204,0.78,0.79,-1,134,20,0.000275942823297247,5.40639556604505e-05,0.836173196710663
205,0.79,0.8,-1,133,20,5.72710177775373e-05,4.84969607415059e-05,0.541477851609179
206,0.8,0.81,-1,133,20,6.85312596535029e-06,7.47841422299993e-05,0.0839460471527717
207,0.81,0.82,-1,134,20,3.62902671160952e-05,8.69315625573175e-05,0.294511672260337
208,0.82,0.83,-1,133,20,3.1796747132814e-05,6.55522829020415e-05,0.326626234708546
209,0.83,0.84,-1,133,20,9.47918036136208e-05,3.50952439389206e-05,0.729801819348276
210,0.84,0.85,-1,134,20,4.25214536177037e-05,5.34126954964803e-05,0.443235844694815
211,0.85,0.86,-1,133,20,0.000103229606110242,3.25646920546604e-05,0.760191020574993
212,0.86,0.87,-1,133,20,7.05667745938931e-05,6.33235862243821e-05,0.527048953805352
213,0.87,0.88,-1,134,20,0.00014582625746781,3.85712451715336e-05,0.790825555555524
214,0.88,0.89,-1,133,20,6.58431754008432e-05,4.3399917101932e-05,0.602721635687588
215,0.89,0.9,-1,133,20,1.89238342186427e-05,8.59099096254061e-05,0.180512815098866
216,0.9,0.91,-1,134,20,0.000169802222475487,6.76583988743281e-05,0.715075289158545
217,0.91,0.92,-1,133,20,0.000115932979114129,6.55505939044304e-05,0.638807012589912
218,0.92,0.93,-1,133,20,6.16423357163395e-05,8.85941222441831e-05,0.410302110107902
219,0.93,0.94,-1,134,20,0.000242435619776589,7.85013519896257e-05,0.755399474365298
220,0.94,0.95,-1,133,20,0.000146723950072206,4.61281676578029e-05,0.760810676072627
221,0.95,0.96,-1,133,20,0.000186445004442207,0.000102400459875112,0.64548358023508
222,0.96,0.97,-1,134,20,7.50430728109833e-05,9.26735599292106e-05,0.447439658100165
223,0.97,0.98,-1,133,20,0.000128869997376394,9.21699483394239e-05,0.583016779881392
224,0.98,0.99,-1,133,20,8.38488251337165e-05,0.000108008600699958,0.437037163244372
225,0.99,1,-1,134,20,0.000237554144283856,6.08814395537149e-05,0.795998055021311
226,1,1.01,-1,133,20,6.27221711899803e-05,6.61299306948143e-05,0.486776469087478
227,1.01,1.02,-1,133,20,0.000144541011531562,5.85731565920835e-05,0.711624466509756
228,1.02,1.03,-1,134,20,6.06543492729277e-05,5.58982290418341e-05,0.520403324833575
229,1.03,1.04,-1,133,20,0.000159300234322639,6.18781958430231e-05,0.720234040016124
230,1.04,1.05,-1,133,20,3.13213827027359e-05,7.2348580985881e-05,0.302125915629842
231,1.05,1.06,-1,134,20,0.000107186226671814,6.98462009672054e-05,0.605460977411289
232,1.06,1.07,-1,133,20,0.000116109102311003,3.80783709777192e-05,0.753038491613284
233,1.07,1.08,-1,133,20,0.000204259751823101,6.05290820473601e-05,0.771406213915456
234,1.08,1.09,-1,134,20,0.000159174359551364,8.31328893526297e-05,0.656911257386409
235,1.09,1.1,-1,133,20,8.25324309458632e-05,9.01681946815859e-05,0.477893062900089
236,1.1,1.11,-1,133,20,8.42750778598312e-05,6.55041023205542e-05,0.562662165451401
237,1.11,1.12,-1,134,20,4.83482776921368e-05,9.6876695271397e-05,0.332919860169484
238,1.12,1.13,-1,133,20,0.000165005999996615,4.57313959307472e-05,0.782993446751568
239,1.13,1.14,-1,133,20,4.52680283340886e-05,6.12424143278731e-05,0.425010235641949
240,1.14,1.15,-1,134,20,8.88540092090483e-05,8.06088403725048e-05,0.524327363952934
241,1.15,1.16,-1,133,20,1.02427263247573e-05,6.29577498729925e-05,0.139927044970128
242,1.16,1.17,-1,133,20,8.88425621623295e-05,5.94720058031881e-05,0.599014401491464
243,1.17,1.18,-1,134,20,5.48905190656204e-05,4.46615008981594e-05,0.551375241663517
244,1.18,1.19,-1,133,20,3.83280495685787e-05,6.11747688068315e-05,0.385195617514795
245,1.19,1.2,-1,133,20,5.02711701037051e-05,9.72768284616826e-05,0.340710620221845
246,1.2,1.21,-1,134,20,0.000213461636152488,4.61443771024381e-05,0.822252279429577
247,1.21,1.22,-1,133,20,0.000124532506505263,5.18185602170217e-05,0.70616247930825
248,1.22,1.23,-1,133,20,4.23284767839182e-05,6.24354005024088e-05,0.404036943652167
249,1.23,1.24,-1,134,20,0.000188080534934128,7.01531641721861e-05,0.728334588340059
250,1.24,1.25,-1,211,20,0.000939722444195442,0.000104878135280858,0.899599773021916
1,0,0.01,1,212,22,0.000330722854456047,0.000193564805704195,0.630804193169387
2,0.01,0.02,1,133,22,0.000270195798782823,8.24174632619391e-05,0.766266694610378
3,0.02,0.03,1,134,22,0.000215001311054055,9.81532610032876e-05,0.686566093036909
4,0.03,0.04,1,133,22,0.000112800804642612,5.04410190116613e-05,0.691004315667966
5,0.04,0.05,1,133,22,0.000110593247424742,7.18258312731212e-05,0.606259214848437
6,0.05,0.06,1,133,22,6.09766250648325e-05,5.04827390913612e-05,0.547074940956803
7,0.06,0.07,1,134,22,9.36524615247432e-05,5.43157875716802e-05,0.632922685080329
8,0.07,0.08,1,133,22,0.000333074904819884,4.04824168996094e-05,0.891629973377933
9,0.08,0.09,1,134,22,0.000193702373781702,3.84253475356527e-05,0.834464633015032
10,0.09,0.1,1,133,22,0.000108841960900394,4.33315029388988e-05,0.715249282984975
11,0.1,0.11,1,133,22,3.85664615082185e-05,7.16561230878417e-05,0.349896181890086
12,0.11,0.12,1,134,22,9.49339896250299e-05,8.25012003743041e-05,0.535034733670284
13,0.12,0.13,1,133,22,0.000135344801136765,7.03277868282967e-05,0.658059503582249
14,0.13,0.14,1,133,22,0.000104352624691323,4.06222515216785e-05,0.719797991329236
15,0.14,0.15,1,134,22,0.000132071166406276,5.58689704308561e-05,0.70272996832352
16,0.15,0.16,1,133,22,0.000221250456595904,6.15247414003701e-05,0.782425255693108
17,0.16,0.17,1,133,22,0.000224303457507649,7.56898693092424e-05,0.747694823373716
18,0.17,0.18,1,134,22,0.000119128549075409,5.0805241188825e-05,0.701029200197167
19,0.18,0.19,1,133,22,0.000217359612873463,3.06805627438968e-05,0.876308091350386
20,0.19,0.2,1,133,22,0.000139865961353468,6.96871469127554e-05,0.667448755643259
21,0.2,0.21,1,134,22,0.000368781285375542,5.85743084342546e-05,0.862937775279656
22,0.21,0.22,1,133,22,0.000195186993382494,7.5120149537414e-05,0.722093361181831
23,0.22,0.23,1,133,22,0.000222077159046894,5.65603523403103e-05,0.79701099087943
24,0.23,0.24,1,133,22,0.000121499958240326,7.4790260660163e-05,0.618981215268405
25,0.24,0.25,1,134,22,0.0001869302976799,2.88600587531739e-05,0.866258811421331
26,0.25,0.26,1,133,22,0.000135320331509049,4.76691289062921e-05,0.739497953608395
27,0.26,0.27,1,133,22,0.000172410808456672,7.93429746123748e-05,0.684838997670141
28,0.27,0.28,1,134,22,0.00018106218583792,5.82826089657865e-05,0.756491011164101
29,0.28,0.29,1,133,22,0.000128270799972462,6.134349140151e-05,0.676482764263146
30,0.29,0.3,1,134,22,0.000111957098465028,3.57454270087242e-05,0.757990414218907
31,0.3,0.31,1,133,22,7.90957154986345e-05,5.68024701500981e-05,0.58202186527405
32,0.31,0.32,1,133,22,0.000135926615985326,5.2503895219854e-05,0.721362029513983
33,0.32,0.33,1,134,22,0.000172244051406622,5.03428576707289e-05,0.773828308774284
34,0.33,0.34,1,133,22,5.83823168115017e-05,5.18768255255975e-05,0.529500915515989
35,0.34,0.35,1,133,22,0.00012935161755726,3.56000536621742e-05,0.784178884645456
36,0.35,0.36,1,134,22,0.000158511363604073,6.08033692802137e-05,0.722757479716175
37,0.36,0.37,1,133,22,4.92076802619937e-05,4.81313184249981e-05,0.505528934196543
38,0.37,0.38,1,133,22,9.66003889856705e-05,4.84230239700618e-05,0.666102024610035
39,0.38,0.39,1,134,22,0.000103690516139852,4.78995944500889e-05,0.684019001874998
40,0.39,0.4,1,133,22,8.53770412539253e-05,4.51684153256194e-05,0.654002394958134
41,0.4,0.41,1,133,22,2.57236614053152e-05,5.4497218686429e-05,0.32066042376868
42,0.41,0.42,1,134,22,7.90610578432418e-05,5.52950521058458e-05,0.588444082470093
43,0.42,0.43,1,133,22,0.000223940769893493,3.61055732692239e-05,0.861157158258396
44,0.43,0.44,1,133,22,9.23026852178534e-05,8.92529989410815e-05,0.508398762866885
45,0.44,0.45,1,134,22,8.91569542700854e-05,8.86103107928699e-05,0.501537525699746
46,0.45,0.46,1,133,22,0.000117227961906015,4.50746315075107e-05,0.722280275628952
47,0.46,0.47,1,133,22,0,7.9606415030295e-05,0
48,0.47,0.48,1,134,22,0.000158395928284868,0.00011158068441999,0.58670240617482
49,0.48,0.49,1,133,22,8.2844170829803e-05,6.80836248457108e-05,0.548899362499889
50,0.49,0.5,1,133,22,7.97198810485674e-05,4.65809370058754e-05,0.631190536028069
51,0.5,0.51,1,134,22,0.000105792954874712,4.68606278490767e-05,0.69302634754491
52,0.51,0.52,1,133,22,4.12902841262323e-05,5.83303535141346e-05,0.414475204176983
53,0.52,0.53,1,133,22,7.65603203935463e-05,6.29898671846557e-05,0.548622124571799
54,0.53,0.54,1,134,22,8.32078658543345e-05,5.39064314892162e-05,0.606850397561756
55,0.54,0.55,1,133,22,0.000153070037784735,6.82198325491489e-05,0.69171732783693
56,0.55,0.56,1,133,22,0.000356613610840183,5.14366650983003e-05,0.873945275542334
57,0.56,0.57,1,134,22,0.000218611611857295,7.49691485262079e-05,0.744638754841169
58,0.57,0.58,1,133,22,0.000217370672768701,9.85160421658217e-05,0.688128567906877
59,0.58,0.59,1,133,22,0.000211714802356557,4.1407599005762e-05,0.836412744257703
60,0.59,0.6,1,134,22,0.000225745331403132,3.78249812710887e-05,0.856489978376884
61,0.6,0.61,1,133,22,0.000217237457940607,4.98580637067785e-05,0.813332460988993
62,0.61,0.62,1,133,22,0.000261851690689378,6.95388320940749e-05,0.790160468350162
63,0.62,0.63,1,134,22,0.00024601679969202,5.12301562861243e-05,0.827651199597512
64,0.63,0.64,1,133,22,0.000160323689497136,5.74916119449649e-05,0.736053383006946
65,0.64,0.65,1,133,22,0.000139990804075314,5.60584531426418e-05,0.71405934438038
66,0.65,0.66,1,134,22,0.000384485112569466,6.71158623178491e-05,0.851382379467635
67,0.66,0.67,1,133,22,8.00184367336725e-05,5.42816036872429e-05,0.595818411393499
68,0.67,0.68,1,133,22,0.000114810128516522,4.52586727389162e-05,0.717254878002789
69,0.68,0.69,1,133,22,0.000133483919504056,5.71100356810054e-05,0.700357571017648
70,0.69,0.7,1,134,22,8.50063691531633e-05,6.58974937859971e-05,0.563314732290419
71,0.7,0.71,1,133,22,3.71742770889246e-05,4.49003025976928e-05,0.452932896286108
72,0.71,0.72,1,134,22,0.000119150623904175,5.87436914904447e-05,0.669783200434849
73,0.72,0.73,1,133,22,0.0001264225186673,4.74040733082746e-05,0.727291015893957
74,0.73,0.74,1,133,22,7.89833319130956e-06,7.98051359410376e-05,0.0900572493819001
75,0.74,0.75,1,134,22,6.96327223580109e-05,5.37848735133921e-05,0.564204170939822
76,0.75,0.76,1,133,22,0.00018836937451007,7.06114490004851e-05,0.727348735542162
77,0.76,0.77,1,133,22,0.000156887962674604,6.61838924678847e-05,0.703306845116749
78,0.77,0.78,1,134,22,1.45812475948183e-05,8.55731396393035e-05,0.145587707113949
79,0.78,0.79,1,133,22,0.000108011086923454,4.15743147341721e-05,0.722069705509578
80,0.79,0.8,1,133,22,9.5120418957142e-05,6.6363783653522e-05,0.589038540113276
81,0.8,0.81,1,134,22,3.66434987821663e-05,4.09552771149541e-05,0.472217484857594
82,0.81,0.82,1,133,22,8.45624051663097e-05,6.6159397790381e-05,0.561049586108045
83,0.82,0.83,1,133,22,4.12873540025368e-05,4.87535302503627e-05,0.458540077045137
84,0.83,0.84,1,134,22,0.000143470934007605,5.63937800322978e-05,0.71784023856738
85,0.84,0.85,1,133,22,5.42154675123825e-05,4.948111368106e-05,0.522827916681702
86,0.85,0.86,1,133,22,8.68568231265891e-05,8.04245203326578e-05,0.519226001719368
87,0.86,0.87,1,134,22,6.62245798242501e-05,7.63631199830755e-05,0.464448054872456
88,0.87,0.88,1,133,22,3.17150149020493e-05,5.73757318782312e-05,0.355985509699074
89,0.88,0.89,1,133,22,5.33965606879496e-05,5.40952487805881e-05,0.49675004032357
90,0.89,0.9,1,134,22,7.60017747098312e-05,8.52136317551675e-05,0.471429972955667
91,0.9,0.91,1,133,22,0.000208859894750299,5.27347128366144e-05,0.798410550878448
92,0.91,0.92,1,133,22,9.55868056987089e-05,5.41726607085421e-05,0.638268872024245
93,0.92,0.93,1,134,22,0.000114726974006898,5.56972427119168e-05,0.673184692972288
94,0.93,0.94,1,133,22,6.95865118458402e-05,5.05028503479263e-05,0.579456086489668
95,0.94,0.95,1,133,22,0.00018401610454932,3.43708238724306e-05,0.842615013083323
96,0.95,0.96,1,134,22,0.000190435429531589,7.39427554663845e-05,0.72031445988272
97,0.96,0.97,1,133,22,0.000215101540292345,5.15587928254969e-05,0.806649934684091
98,0.97,0.98,1,133,22,0.000250075858016809,5.1403295606511e-05,0.829496351609318
99,0.98,0.99,1,134,22,0.000236077897293401,7.95469704353655e-05,0.747969889040161
100,0.99,1,1,133,22,0.000257648708153033,6.78572569107754e-05,0.791532984971647
101,1,1.01,1,133,22,0.000146705716470805,3.6622960308948e-05,0.800233324364491
102,1.01,1.02,1,134,22,0.000102943996772717,6.01829806074277e-05,0.6310666600094
103,1.02,1.03,1,133,22,0.000371029314627044,5.04370919282516e-05,0.880329508725307
104,1.03,1.04,1,133,22,0.000140499467601011,6.87161714293885e-05,0.671553370733419
105,1.04,1.05,1,133,22,0.00021151591261877,3.76874804586865e-05,0.848768188934841
106,1.05,1.06,1,134,22,0.000102181496416721,8.78229673148946e-05,0.537784715210974
107,1.06,1.07,1,133,22,0.000142960523368856,5.34413963350242e-05,0.727897790329142
108,1.07,1.08,1,134,22,7.40930844471523e-05,7.34155121833473e-05,0.50229672127348
109,1.08,1.09,1,133,22,9.50812230890782e-05,5.55508162122061e-05,0.631215135439433
110,1.09,1.1,1,133,22,0.000111745674439655,4.43751196146759e-05,0.715764194747607
111,1.1,1.11,1,133,22,0.000123312959823949,6.35623194643134e-05,0.659867695147275
112,1.11,1.12,1,134,22,0.000106934780495156,6.20161866077082e-05,0.63293381700532
113,1.12,1.13,1,133,22,0.00015044053139812,6.12526365297388e-05,0.710653692184281
114,1.13,1.14,1,134,22,5.84548510997204e-05,8.46351279087118e-05,0.40851813316903
115,1.14,1.15,1,133,22,0.000129313960133329,6.27338920923882e-05,0.67334239167301
116,1.15,1.16,1,133,22,0.000150668473877299,3.79238850211713e-05,0.798910808249724
117,1.16,1.17,1,134,22,0.000105709318067486,4.66314402636704e-05,0.693900432330108
118,1.17,1.18,1,133,22,6.20639722246313e-05,7.62933587441297e-05,0.448577403091451
119,1.18,1.19,1,133,22,0.000191824252668888,6.52181525079608e-05,0.746274734462239
120,1.19,1.2,1,133,22,8.98334352191417e-05,6.72198841595788e-05,0.571993228634131
121,1.2,1.21,1,134,22,6.57490115733282e-05,5.81033583262389e-05,0.530865994947409
122,1.21,1.22,1,133,22,0.000134878335075224,4.80918501439893e-05,0.73716018221017
123,1.22,1.23,1,133,22,0.000110336178871138,4.70690331557625e-05,0.700969030506318
124,1.23,1.24,1,134,22,7.84837260869884e-05,5.58652895349622e-05,0.584177902038646
125,1.24,1.25,1,211,22,0.000179684736706141,9.07714405962342e-05,0.664376530417532
126,0,0.01,-1,212,22,0.000159184899855072,7.52271505258307e-05,0.679081555732344
127,0.01,0.02,-1,133,22,0,0.000105924645699363,0
128,0.02,0.03,-1,133,22,7.34785184429597e-05,8.22573917488044e-05,0.471814871422285
129,0.03,0.04,-1,133,22,0.000115451727073558,7.58485305371948e-05,0.603510567709076
130,0.04,0.05,-1,134,22,4.34589724281105e-05,0.000100613646971166,0.301646298993636
131,0.05,0.06,-1,133,22,3.09139623552195e-05,6.67094950535241e-05,0.316665309504298
132,0.06,0.07,-1,133,22,0.000123219177378423,4.56950296693642e-05,0.72947787833834
133,0.07,0.08,-1,134,22,6.64284862000052e-05,7.25079642217745e-05,0.478121371305682
134,0.08,0.09,-1,133,22,0.000203893184381239,7.01599356464813e-05,0.743991472750302
135,0.09,0.1,-1,134,22,0.000131238034149933,7.12070472638979e-05,0.64826486883947
136,0.1,0.11,-1,133,22,0.000128366768857222,6.86908780517784e-05,0.651417343456358
137,0.11,0.12,-1,133,22,6.34703669176833e-05,5.148110851358e-05,0.552149214958413
138,0.12,0.13,-1,134,22,0.00015559747806955,8.58939156680683e-05,0.644318936842145
139,0.13,0.14,-1,133,22,0.000142761904207853,6.45637435445121e-05,0.688587764010612
140,0.14,0.15,-1,133,22,0.000109338203766059,5.94156322634124e-05,0.647915367962149
141,0.15,0.16,-1,134,22,9.84406234001856e-05,9.22834792509246e-05,0.516141494608377
142,0.16,0.17,-1,133,22,7.61667960317511e-05,4.19125682053163e-05,0.645047477379971
143,0.17,0.18,-1,133,22,3.63129369929449e-05,6.15577170082203e-05,0.371029879830093
144,0.18,0.19,-1,133,22,1.02024644094643e-06,8.16898221520679e-05,0.0123352145428229
145,0.19,0.2,-1,134,22,0.000160675752087437,5.54206083454417e-05,0.743537520787372
146,0.2,0.21,-1,133,22,0.000156859185914377,4.34197479133371e-05,0.783203619654336
147,0.21,0.22,-1,134,22,0.000152816694491498,5.34113303792824e-05,0.741008379376425
148,0.22,0.23,-1,133,22,0.000110734649164978,6.83383289110217e-05,0.618377213327974
149,0.23,0.24,-1,133,22,5.60742357280656e-05,6.41934160166316e-05,0.466245369512156
150,0.24,0.25,-1,134,22,4.89841539014487e-05,6.55565159805432e-05,0.427657302440397
151,0.25,0.26,-1,133,22,0.000139992827879677,5.38282421329195e-05,0.722278686577154
152,0.26,0.27,-1,133,22,8.56294855423579e-05,6.6858021541458e-05,0.561550825900059
153,0.27,0.28,-1,134,22,5.0342045307985e-05,9.05436870101891e-05,0.357325362047971
154,0.28,0.29,-1,133,22,0.000111526500330742,6.85213072557644e-05,0.619427150076003
155,0.29,0.3,-1,133,22,3.5043945506779e-05,9.79142199980465e-05,0.263571217109694
156,0.3,0.31,-1,134,22,0.000126144042814584,5.56753578999887e-05,0.693787584376707
157,0.31,0.32,-1,133,22,9.65464518827796e-05,6.99550424065721e-05,0.579853365850267
158,0.32,0.33,-1,133,22,0.000105537879236532,5.55414484478967e-05,0.655191952646412
159,0.33,0.34,-1,133,22,0.000263909174454932,3.73859517899908e-05,0.875915842861661
160,0.34,0.35,-1,134,22,8.41266247772628e-05,6.49269357190181e-05,0.564405335217483
161,0.35,0.36,-1,133,22,8.4298992727965e-05,5.54936492890097e-05,0.603028825492323
162,0.36,0.37,-1,134,22,9.15119369723857e-05,8.74832030244846e-05,0.51125375233085
163,0.37,0.38,-1,133,22,5.21020997856996e-05,5.52768156603507e-05,0.485217228813202
164,0.38,0.39,-1,133,22,1.59563757548776e-05,5.60638384628197e-05,0.221554127937552
165,0.39,0.4,-1,134,22,3.24562428531017e-05,5.89513294891638e-05,0.355071708190355
166,0.4,0.41,-1,133,22,0.000127208447772255,5.32860518281799e-05,0.704777420108976
167,0.41,0.42,-1,133,22,2.09037799750766e-05,6.99626858872282e-05,0.230049444277423
168,0.42,0.43,-1,134,22,0.000157612281020584,5.4793871508874e-05,0.742032559526378
169,0.43,0.44,-1,133,22,0.00019062847829354,4.95268963517182e-05,0.793771443071486
170,0.44,0.45,-1,133,22,0.000156674944243646,4.6980032932061e-05,0.769315567026245
171,0.45,0.46,-1,133,22,0.00012392751782594,4.32291790486824e-05,0.741385299799823
172,0.46,0.47,-1,134,22,0.000124590299474167,4.8982628136817e-05,0.717797995280704
173,0.47,0.48,-1,133,22,7.97352535400694e-05,6.75247486306486e-05,0.54145900016783
174,0.48,0.49,-1,133,22,0.000101881932038172,6.08523712191179e-05,0.626063036488946
175,0.49,0.5,-1,134,22,4.29456679899386e-05,7.43832957886122e-05,0.366027846892053
176,0.5,0.51,-1,133,22,3.86351929085373e-05,0.000105502101257804,0.268044388733636
177,0.51,0.52,-1,134,22,5.91290845110957e-05,7.11157825901381e-05,0.453983990517931
178,0.52,0.53,-1,133,22,8.82945721595084e-05,7.26717774050982e-05,0.5485281389454
179,0.53,0.54,-1,133,22,7.67406921597673e-05,5.28586272622955e-05,0.592138079906483
180,0.54,0.55,-1,134,22,4.16031769930897e-05,7.42841006291942e-05,0.358996930868362
181,0.55,0.56,-1,133,22,8.85999876821341e-05,5.6266451418539e-05,0.611597746394268
182,0.56,0.57,-1,133,22,0.00011416138131914,3.61751743847592e-05,0.759372068786721
183,0.57,0.58,-1,134,22,0.000135402046598675,7.96036259166618e-05,0.629760345457939
184,0.58,0.59,-1,133,22,0.000155258182247931,5.11156517039806e-05,0.752315248861
185,0.59,0.6,-1,133,22,0.000129177404705171,6.96236080421372e-05,0.649782427765425
186,0.6,0.61,-1,133,22,0.000283865054599071,6.14631829682194e-05,0.822015183579528
187,0.61,0.62,-1,134,22,0.000185238246695493,4.46112557798921e-05,0.805911018734227
188,0.62,0.63,-1,133,22,0.00035099471613812,4.5258308456426e-05,0.885784320503963
189,0.63,0.64,-1,133,22,0.000186059261325851,5.17151645481582e-05,0.782503251314501
190,0.64,0.65,-1,134,22,0.000172231559090598,7.1692144286527e-05,0.706087832818423
191,0.65,0.66,-1,133,22,0.000247138968691165,3.2469442679353e-05,0.883875300745775
192,0.66,0.67,-1,134,22,0.000373958555673418,7.4059611382506e-05,0.834695070806668
193,0.67,0.68,-1,133,22,0.000221580449890572,3.89297155441281e-05,0.850563545268308
194,0.68,0.69,-1,133,22,0.000294079447665077,7.09172545225611e-05,0.805704396512318
195,0.69,0.7,-1,134,22,0.000110883649391395,6.72162123226073e-05,0.622592563095053
196,0.7,0.71,-1,133,22,0.000112165114527436,5.85568173424777e-05,0.65700471696222
197,0.71,0.72,-1,133,22,1.70837111666972e-05,0.000101714579080759,0.143804352159546
198,0.72,0.73,-1,134,22,5.54030793907354e-05,6.37876876569129e-05,0.464826938890218
199,0.73,0.74,-1,133,22,0.000109840568816712,7.13371529756443e-05,0.606258693011925
200,0.74,0.75,-1,133,22,5.39775473129617e-05,0.000100650781447282,0.349079290617282
201,0.75,0.76,-1,133,22,6.35586002734632e-05,8.15217897100832e-05,0.438092289941262
202,0.76,0.77,-1,134,22,0.000141210150355097,7.97496063375233e-05,0.639076329865516
203,0.77,0.78,-1,133,22,0.000102980551933089,6.52338775530306e-05,0.612198086975569
204,0.78,0.79,-1,134,22,8.75699743221925e-05,3.50905082855209e-05,0.713921651541633
205,0.79,0.8,-1,133,22,2.87757546820919e-05,7.02699635449286e-05,0.290530021864606
206,0.8,0.81,-1,133,22,1.52685650802872e-05,7.37211533783902e-05,0.171576732062336
207,0.81,0.82,-1,134,22,0.000111928624345601,6.18620401662449e-05,0.644042789409853
208,0.82,0.83,-1,133,22,5.25831622758601e-05,4.29584826234265e-05,0.55036902840944
209,0.83,0.84,-1,133,22,4.60056738817638e-05,7.8715140261707e-05,0.36886925568688
210,0.84,0.85,-1,134,22,8.91151146269025e-05,4.60988504173819e-05,0.659067386994502
211,0.85,0.86,-1,133,22,3.65335843344764e-05,4.68071763566566e-05,0.438363941383647
212,0.86,0.87,-1,133,22,9.33215720222062e-05,7.1284618574243e-05,0.566938410299493
213,0.87,0.88,-1,134,22,5.27960350595297e-05,4.57941085014271e-05,0.535510276713277
214,0.88,0.89,-1,133,22,0.00022601976085497,4.11891466769335e-05,0.845854140652045
215,0.89,0.9,-1,133,22,7.68692233468518e-05,6.34838466382165e-05,0.547684659516387
216,0.9,0.91,-1,134,22,0.000125717975187519,6.46573519240288e-05,0.66036905672055
217,0.91,0.92,-1,133,22,0.000282725116475336,8.18103842140519e-05,0.775576359341307
218,0.92,0.93,-1,133,22,0.000305989544266289,6.27998731803496e-05,0.829713461912349
219,0.93,0.94,-1,134,22,0.000311015938790505,5.53067061109015e-05,0.849021874894502
220,0.94,0.95,-1,133,22,0.000252659689610243,5.51942861020054e-05,0.820712771455011
221,0.95,0.96,-1,133,22,0.000334947596768724,7.1594945538992e-05,0.823893103209846
222,0.96,0.97,-1,134,22,0.000141420205468687,7.62641037562403e-05,0.649657322441928
223,0.97,0.98,-1,133,22,0.000471838551580608,6.27526156424815e-05,0.882615689352955
224,0.98,0.99,-1,133,22,0.000286143731940551,6.50351823130958e-05,0.814808977209484
225,0.99,1,-1,134,22,0.000401183103705083,5.4571046202873e-05,0.880262096979492
226,1,1.01,-1,133,22,0.000267183360529484,5.76290478586536e-05,0.822577443563088
227,1.01,1.02,-1,133,22,0.00013749318651187,6.12281191480293e-05,0.691889508552154
228,1.02,1.03,-1,134,22,5.7874029413318e-05,4.2729251235375e-05,0.575269802735502
229,1.03,1.04,-1,133,22,0.000359949911180131,4.7739188436445e-05,0.882902955999209
230,1.04,1.05,-1,133,22,0.000165814001431861,4.09010120138761e-05,0.802138164364087
231,1.05,1.06,-1,134,22,0.000203342933244179,6.05807515575158e-05,0.770461102787973
232,1.06,1.07,-1,133,22,9.63681619448327e-05,4.34810476460262e-05,0.689086210975136
233,1.07,1.08,-1,133,22,0.000139749628400486,3.07890946069272e-05,0.819459803240178
234,1.08,1.09,-1,134,22,9.08794182317456e-05,4.15448382654169e-05,0.686274710054294
235,1.09,1.1,-1,133,22,6.76362377376029e-05,2.61187348811952e-05,0.721414937771969
236,1.1,1.11,-1,133,22,6.41423737618069e-05,4.39666502355613e-05,0.59331193077248
237,1.11,1.12,-1,134,22,5.87651507983434e-05,4.77821433754973e-05,0.551540527180946
238,1.12,1.13,-1,133,22,7.70604963370205e-05,4.8314894087325e-05,0.61463813652904
239,1.13,1.14,-1,133,22,7.83368619708701e-05,6.20512353099102e-05,0.55800216320472
240,1.14,1.15,-1,134,22,4.93728803129912e-05,6.60009629268093e-05,0.427938247756655
241,1.15,1.16,-1,133,22,3.48711878640804e-05,3.89503157049594e-05,0.472371682750514
242,1.16,1.17,-1,133,22,9.82950863397548e-05,5.4459890836094e-05,0.643482053135324
243,1.17,1.18,-1,134,22,8.3357624780759e-05,6.47992377502354e-05,0.562630872149581
244,1.18,1.19,-1,133,22,0,9.51657930806718e-05,0
245,1.19,1.2,-1,133,22,4.59752095155526e-05,5.10796767903524e-05,0.47370319275471
246,1.2,1.21,-1,134,22,0.000104928894642921,5.93901762518138e-05,0.63856796457996
247,1.21,1.22,-1,133,22,6.95977273206317e-05,4.07158203874215e-05,0.630908249862686
248,1.22,1.23,-1,133,22,2.76256365915988e-05,5.20508993000556e-05,0.346722360384299
249,1.23,1.24,-1,134,22,4.86389881217986e-05,8.89988806151268e-05,0.353383763989872
250,1.24,1.25,-1,211,22,0.000868445387371734,7.05599107610255e-05,0.92485674904994
1,0,0.01,1,212,24,0,0.00117305008110658,0
2,0.01,0.02,1,133,24,0.000365954397120058,9.68381886027572e-05,0.790752506435448
3,0.02,0.03,1,134,24,0.000208434112467973,0.00010243478818174,0.670488788143
4,0.03,0.04,1,133,24,0.000263013336032483,5.40759478327407e-05,0.829461446399036
5,0.04,0.05,1,133,24,0.00023390894416474,6.3466176197843e-05,0.786578728844363
6,0.05,0.06,1,133,24,6.70888264125408e-05,0.000100156593059485,0.401139993097163
7,0.06,0.07,1,134,24,0.000124630748962627,0.000124332416694215,0.50059914941157
8,0.07,0.08,1,133,24,0.000157726034552429,6.81078704729847e-05,0.69841609715193
9,0.08,0.09,1,134,24,0.000173802693469132,8.32399675826847e-05,0.676162831328981
10,0.09,0.1,1,133,24,0.000362995523892338,8.59118901890721e-05,0.808620023875364
11,0.1,0.11,1,133,24,8.42202783930512e-05,9.50920613639017e-05,0.469684788605217
12,0.11,0.12,1,134,24,0.000140556762175036,8.26809210720897e-05,0.629628296309806
13,0.12,0.13,1,133,24,0.000269132314569387,5.70750859176112e-05,0.825034362088649
14,0.13,0.14,1,133,24,0.000492369597661533,8.42618270273882e-05,0.85387229446809
15,0.14,0.15,1,134,24,0.000176160177632165,8.7070951284392e-05,0.669222437168543
16,0.15,0.16,1,133,24,3.75057300132191e-05,7.24160610194131e-05,0.341203774619037
17,0.16,0.17,1,133,24,0.000101935047821644,5.61938849894059e-05,0.644632490775407
18,0.17,0.18,1,134,24,0.00018793859622328,9.92787204097231e-05,0.654342845433034
19,0.18,0.19,1,133,24,0.000187666781013641,7.38358984522136e-05,0.717647640922721
20,0.19,0.2,1,133,24,0.000388799737578262,0.000104658064392539,0.787908785767396
21,0.2,0.21,1,134,24,0.000262711786120476,9.50680020906341e-05,0.734283474854821
22,0.21,0.22,1,133,24,0.000290807921165667,0.00013200050370926,0.687800677698634
23,0.22,0.23,1,133,24,0.000228663582854901,8.56406916727334e-05,0.727522981348433
24,0.23,0.24,1,133,24,0.000130331506524475,7.92585604644927e-05,0.621840091932102
25,0.24,0.25,1,134,24,0.000170068114443876,8.60686669947277e-05,0.66397380918383
26,0.25,0.26,1,133,24,0.000258361410989764,9.8344975087395e-05,0.724297128041543
27,0.26,0.27,1,133,24,0.000297134937383099,0.000106686151380179,0.735808370714589
28,0.27,0.28,1,134,24,0.000575346794306416,9.82379747017858e-05,0.854156478558099
29,0.28,0.29,1,133,24,0.000178504855893746,8.72023365414287e-05,0.67181040248768
30,0.29,0.3,1,134,24,0.000133702982542008,5.52258198331849e-05,0.707689779753581
31,0.3,0.31,1,133,24,0.000158591525143524,6.61095110296324e-05,0.705789024583367
32,0.31,0.32,1,133,24,0.000103517377135038,4.67992872657376e-05,0.688662015936164
33,0.32,0.33,1,134,24,9.04932967054551e-05,4.57156406222521e-05,0.664371211470037
34,0.33,0.34,1,133,24,0.000249502524092209,6.51053162858178e-05,0.793058824574783
35,0.34,0.35,1,133,24,0.00027800643658374,4.27509855063627e-05,0.866718639812632
36,0.35,0.36,1,134,24,0.000211090644530242,7.41615936291554e-05,0.740013981633636
37,0.36,0.37,1,133,24,9.95979125809961e-05,4.10536711226648e-05,0.708117960412299
38,0.37,0.38,1,133,24,0.000193197270028604,4.13776473261742e-05,0.823605832231443
39,0.38,0.39,1,134,24,0.000130716755857003,5.30899421636222e-05,0.711164268030836
40,0.39,0.4,1,133,24,0.000183625712454129,3.07701093337747e-05,0.856479902093359
41,0.4,0.41,1,133,24,0.000207062619405581,5.14431467914737e-05,0.800998068444402
42,0.41,0.42,1,134,24,0.000140014250065977,4.84472262379259e-05,0.742933000483332
43,0.42,0.43,1,133,24,4.07659525642456e-05,9.10361571614462e-05,0.309296661859876
44,0.43,0.44,1,133,24,0.00010685061580718,4.8185292149097e-05,0.6891991488663
45,0.44,0.45,1,134,24,0.000187958878735861,4.59738705676473e-05,0.803473986842261
46,0.45,0.46,1,133,24,9.92951873762046e-05,4.31839159121747e-05,0.696910529926835
47,0.46,0.47,1,133,24,0.000109667027629357,0.000120739076071371,0.475972753620287
48,0.47,0.48,1,134,24,0.000222189606925134,9.07436421576199e-05,0.710022369231775
49,0.48,0.49,1,133,24,0.000184288757006557,9.87377142817192e-05,0.651136115175778
50,0.49,0.5,1,133,24,7.63408843146537e-05,6.9163459882957e-05,0.524663952376394
51,0.5,0.51,1,134,24,0.000208374013086532,5.70162973773951e-05,0.785160591290144
52,0.51,0.52,1,133,24,9.75220503665925e-05,6.82388255009443e-05,0.58832972410525
53,0.52,0.53,1,133,24,4.86167372250103e-05,8.17291278221507e-05,0.372982581437624
54,0.53,0.54,1,134,24,4.0794929029683e-05,0.000132263593042918,0.235729096383759
55,0.54,0.55,1,133,24,8.51777168581779e-05,6.1352130248571e-05,0.581299431754166
56,0.55,0.56,1,133,24,0.000451181364324405,6.09866345271101e-05,0.880924550803903
57,0.56,0.57,1,134,24,0.00047857097735622,5.07611987717105e-05,0.904103319123676
58,0.57,0.58,1,133,24,0.000432417714705023,6.63567371941826e-05,0.866960432833893
59,0.58,0.59,1,133,24,0.00071830874158623,9.07268205350704e-05,0.887858056205609
60,0.59,0.6,1,134,24,0.00070377318023594,4.55520331847716e-05,0.939209261387557
61,0.6,0.61,1,133,24,0.000246525279939901,7.37053845211238e-05,0.769836581249406
62,0.61,0.62,1,133,24,0.00036376559994329,3.91643705050253e-05,0.902801048873457
63,0.62,0.63,1,134,24,0.000366420819470375,6.71578768076407e-05,0.845107987583001
64,0.63,0.64,1,133,24,0.00064636166749691,6.96029048131055e-05,0.902784428860026
65,0.64,0.65,1,133,24,0.00122555867936663,8.66344151403477e-05,0.933977388310446
66,0.65,0.66,1,134,24,0.000691051375308826,0.00010050417759861,0.873029533771254
67,0.66,0.67,1,133,24,0.000398636256175355,6.71443318235916e-05,0.855845577180336
68,0.67,0.68,1,133,24,3.51665896157305e-05,0.000125327456489998,0.219114605613243
69,0.68,0.69,1,133,24,0.000183926792869773,8.02101735834947e-05,0.696331132061798
70,0.69,0.7,1,134,24,0.000207997982433554,9.92722360973974e-05,0.676922037638354
71,0.7,0.71,1,133,24,0.000160730912743834,4.46588992101715e-05,0.782565168226688
72,0.71,0.72,1,134,24,0.00024163436849331,4.33905360636352e-05,0.847765807934983
73,0.72,0.73,1,133,24,0.000133036178895656,5.05942022192398e-05,0.724478041639616
74,0.73,0.74,1,133,24,8.72136763344756e-05,4.86625291355984e-05,0.641861288610123
75,0.74,0.75,1,134,24,8.2441069981827e-05,7.06983478514659e-05,0.538339972479013
76,0.75,0.76,1,133,24,0.000144257051302772,5.90773181361179e-05,0.709457292935059
77,0.76,0.77,1,133,24,0.00015324192918329,7.95880830319983e-05,0.658170859182851
78,0.77,0.78,1,134,24,4.96965180955063e-05,5.97861590443462e-05,0.453921290507212
79,0.78,0.79,1,133,24,5.65943339260663e-05,5.35550594421662e-05,0.513796147173229
80,0.79,0.8,1,133,24,7.20686577823528e-05,7.04300286641346e-05,0.505749628853012
81,0.8,0.81,1,134,24,0.000106410788691812,5.27472731906255e-05,0.668585602471162
82,0.81,0.82,1,133,24,0.000193488101813845,6.27785555325895e-05,0.755026439324402
83,0.82,0.83,1,133,24,7.63082698566402e-05,8.65879100535203e-05,0.468447264378608
84,0.83,0.84,1,134,24,0.000181510582569794,5.7594813156349e-05,0.759123741304798
85,0.84,0.85,1,133,24,0.000105424305004602,6.58657128365535e-05,0.615472555454846
86,0.85,0.86,1,133,24,8.92407311761363e-05,7.70202285835672e-05,0.536750968508276
87,0.86,0.87,1,134,24,0,9.95624443362351e-05,0
88,0.87,0.88,1,133,24,6.0615594830331e-05,3.78892479597913e-05,0.615356495309379
89,0.88,0.89,1,133,24,9.91201073593751e-05,6.786830478393e-05,0.593574764183714
90,0.89,0.9,1,134,24,0.000236986824226167,5.63127006463766e-05,0.80800275530331
91,0.9,0.91,1,133,24,0.000200790608696994,5.14607683197061e-05,0.795994103468069
92,0.91,0.92,1,133,24,0.000413059498319692,5.40523841799427e-05,0.88428385959549
93,0.92,0.93,1,134,24,0.000264239082911101,7.3022153504829e-05,0.783484890582641
94,0.93,0.94,1,133,24,0.000491639850230875,2.53652785370443e-05,0.95093805239903
95,0.94,0.95,1,133,24,0.000243100703141219,3.61320461234936e-05,0.870602405274317
96,0.95,0.96,1,134,24,0.000356890009080313,8.29935114345912e-05,0.811328436815629
97,0.96,0.97,1,133,24,0.000442923913710738,4.39748806871764e-05,0.909683734703935
98,0.97,0.98,1,133,24,0.0013217786145168,6.21071180796177e-05,0.955121209347904
99,0.98,0.99,1,134,24,0.000601147200164723,4.45078232826361e-05,0.931065628445056
100,0.99,1,1,133,24,0.000555326289022474,5.61323578165072e-05,0.908199257453155
101,1,1.01,1,133,24,0.000608901724264128,5.27610727016257e-05,0.920259877170702
102,1.01,1.02,1,134,24,0.000378566728941999,4.13086790066556e-05,0.901616817216151
103,1.02,1.03,1,133,24,0.000203122678284972,4.66729796937198e-05,0.813155360379799
104,1.03,1.04,1,133,24,0.00036552140757672,8.8514137864017e-05,0.805050202009855
105,1.04,1.05,1,133,24,0.000307065703230285,8.24621855782443e-05,0.788302229577256
106,1.05,1.06,1,134,24,0.000240227786079187,7.28740299270764e-05,0.767251334225355
107,1.06,1.07,1,133,24,0.000180498679764099,5.99286549075259e-05,0.750741091942077
108,1.07,1.08,1,134,24,0.000109698196526061,5.77620491957783e-05,0.655070079786433
109,1.08,1.09,1,133,24,0.000131516638675445,5.58504910775761e-05,0.701919482082073
110,1.09,1.1,1,133,24,6.8623287786402e-05,5.38546248448914e-05,0.560291127698959
111,1.1,1.11,1,133,24,0.000125267593800401,6.95914855019419e-05,0.642862494521161
112,1.11,1.12,1,134,24,0.000172266839856579,8.85259460895624e-05,0.660550633069103
113,1.12,1.13,1,133,24,0.000154681374199581,4.83817915234857e-05,0.761740188816578
114,1.13,1.14,1,134,24,4.44498224791715e-05,9.13998538256727e-05,0.327198589560323
115,1.14,1.15,1,133,24,0.000103284177614104,5.73189628663996e-05,0.64310185532544
116,1.15,1.16,1,133,24,0.000111632791438887,4.44455968906478e-05,0.715235418776826
117,1.16,1.17,1,134,24,8.22607013854029e-05,6.6100269887044e-05,0.55446321684118
118,1.17,1.18,1,133,24,0.000108773706708724,5.25767801668065e-05,0.674145512759652
119,1.18,1.19,1,133,24,0.000271511910962396,4.16459957253242e-05,0.867012791834589
120,1.19,1.2,1,133,24,3.5668072735064e-05,9.27174174119341e-05,0.277820123553098
121,1.2,1.21,1,134,24,6.51296220359653e-05,5.05716582647459e-05,0.56291185254555
122,1.21,1.22,1,133,24,7.09778036782162e-05,8.0935003608723e-05,0.467227253223952
123,1.22,1.23,1,133,24,8.46150441467732e-05,5.06266570525849e-05,0.625657939795088
124,1.23,1.24,1,134,24,8.87446600350197e-06,6.40984892616467e-05,0.121613082151551
125,1.24,1.25,1,211,24,0.000140358614267209,8.65329746219603e-05,0.618615326175756
126,0,0.01,-1,212,24,0.0001129730929812,0.000117960830741973,0.489200941809761
127,0.01,0.02,-1,133,24,0.000300763308455959,6.98538157625606e-05,0.811520269307972
128,0.02,0.03,-1,133,24,0.000193688281264308,6.43862895218143e-05,0.750512848570525
129,0.03,0.04,-1,133,24,0.000162230973801875,6.97541016393187e-05,0.69931642582326
130,0.04,0.05,-1,134,24,0.000223827291885032,7.23680655212216e-05,0.755674544817516
131,0.05,0.06,-1,133,24,0.000172035501732611,7.48914377023055e-05,0.696706086935302
132,0.06,0.07,-1,133,24,0.00014702035632153,8.98399677889489e-05,0.620704868464822
133,0.07,0.08,-1,134,24,0.000132266477524447,7.81943514826314e-05,0.628461258793191
134,0.08,0.09,-1,133,24,0.000150651359661593,8.22939068937168e-05,0.646724279438504
135,0.09,0.1,-1,134,24,5.46658116145743e-05,8.90969739591641e-05,0.380250086254313
136,0.1,0.11,-1,133,24,6.8450739669957e-05,9.55773812870204e-05,0.417311002958516
137,0.11,0.12,-1,133,24,0.000112346389811634,6.08398824626502e-05,0.64870262715572
138,0.12,0.13,-1,134,24,0.000117317889852545,7.29203867886931e-05,0.616689195906614
139,0.13,0.14,-1,133,24,0.000176656504042785,8.2949109770124e-05,0.68048029257987
140,0.14,0.15,-1,133,24,0.000207523371893592,7.0873040121084e-05,0.74542401747136
141,0.15,0.16,-1,134,24,0.000201555752066943,8.5976855107729e-05,0.700983982468815
142,0.16,0.17,-1,133,24,0.000167606804227616,7.40813925499005e-05,0.693483614269772
143,0.17,0.18,-1,133,24,0.000249437286337094,8.95453371110129e-05,0.735840922463328
144,0.18,0.19,-1,133,24,0.000288776694478163,7.77957555222793e-05,0.787775225546313
145,0.19,0.2,-1,134,24,0.000114686322679573,0.00010213072120066,0.528954369209667
146,0.2,0.21,-1,133,24,7.78147875860559e-05,9.59124422110556e-05,0.447913592342044
147,0.21,0.22,-1,134,24,8.78089888198741e-05,0.000100445454012462,0.4664378035321
148,0.22,0.23,-1,133,24,0.000102215759329233,0.000104189710369217,0.495218268578668
149,0.23,0.24,-1,133,24,0.000259346695534823,3.8405565429851e-05,0.871015033419318
150,0.24,0.25,-1,134,24,8.79589980853228e-05,6.54275973132535e-05,0.573446446586552
151,0.25,0.26,-1,133,24,0.000185559349436174,9.76911667426362e-05,0.655106835953775
152,0.26,0.27,-1,133,24,0.00032972081523209,5.47056096051887e-05,0.857695501477702
153,0.27,0.28,-1,134,24,0.000111497367166163,6.82635844177659e-05,0.620253543295836
154,0.28,0.29,-1,133,24,0.000180253924806344,8.8586514021239e-05,0.670486648483516
155,0.29,0.3,-1,133,24,5.57814930126886e-05,7.77341361860874e-05,0.417789987190503
156,0.3,0.31,-1,134,24,0.00028668384433951,5.62185777155992e-05,0.836050800170306
157,0.31,0.32,-1,133,24,0.000365967373988031,9.71814130468998e-05,0.790172368432501
158,0.32,0.33,-1,133,24,0.000265626321803986,8.36445548636609e-05,0.760516663565815
159,0.33,0.34,-1,133,24,0.000168440609392907,6.27394844901228e-05,0.728612081445615
160,0.34,0.35,-1,134,24,0.000117323375045037,5.68475712556748e-05,0.673610481753222
161,0.35,0.36,-1,133,24,4.67127071313979e-05,7.50675604737844e-05,0.383581905755396
162,0.36,0.37,-1,134,24,0.000179525490624075,6.02824087360131e-05,0.748622089193589
163,0.37,0.38,-1,133,24,0.000113885016757505,7.19443152735074e-05,0.61284736652069
164,0.38,0.39,-1,133,24,8.42855521968402e-05,6.81115343471812e-05,0.553065377483404
165,0.39,0.4,-1,134,24,0.000138451845851038,6.70122292190878e-05,0.673849410432377
166,0.4,0.41,-1,133,24,0.000144509845712701,8.47853976641889e-05,0.630234816843417
167,0.41,0.42,-1,133,24,0.000131829865260909,6.5593452820575e-05,0.667752252074387
168,0.42,0.43,-1,134,24,0.000143369510437058,5.43599853732506e-05,0.725079027028922
169,0.43,0.44,-1,133,24,0.000136787331105002,7.16210423339519e-05,0.656342779552805
170,0.44,0.45,-1,133,24,0.000105343174189134,5.70843736288458e-05,0.648554851712618
171,0.45,0.46,-1,133,24,7.86419673484827e-05,4.8964633275943e-05,0.616284478731185
172,0.46,0.47,-1,134,24,8.08325328285055e-05,6.690698287235e-05,0.547128724803566
173,0.47,0.48,-1,133,24,0.00015243321225776,6.5999067202396e-05,0.697851126374228
174,0.48,0.49,-1,133,24,8.98350233103126e-05,5.2330912756363e-05,0.631902590703445
175,0.49,0.5,-1,134,24,0.000122638796507278,3.33550171967018e-05,0.786177307902751
176,0.5,0.51,-1,133,24,0.000163680880117642,5.86991831185839e-05,0.736041161854379
177,0.51,0.52,-1,134,24,4.75704605606974e-05,6.71123965261351e-05,0.414800099762768
178,0.52,0.53,-1,133,24,6.44105254226324e-05,5.30336837293896e-05,0.548435090054191
179,0.53,0.54,-1,133,24,0.000147459525635001,8.6464402926002e-05,0.630373842223439
180,0.54,0.55,-1,134,24,5.1530710868155e-05,8.98907515677172e-05,0.364376877318191
181,0.55,0.56,-1,133,24,0.000110138841045893,5.72506381445415e-05,0.657979471461232
182,0.56,0.57,-1,133,24,0.000143008563318467,6.78355994433176e-05,0.678266647011901
183,0.57,0.58,-1,134,24,0.000151215994551473,8.54236911284707e-05,0.639013672271326
184,0.58,0.59,-1,133,24,0.000412828985021705,6.35948470133426e-05,0.866516234627271
185,0.59,0.6,-1,133,24,0.000767030349996704,5.80696772056602e-05,0.929621045580916
186,0.6,0.61,-1,133,24,0.000528853769857365,8.8271505172327e-05,0.856963393424325
187,0.61,0.62,-1,134,24,0.00070858363041519,5.66945235270142e-05,0.92591644850312
188,0.62,0.63,-1,133,24,0.000383985362820378,7.39182117254152e-05,0.838572538336839
189,0.63,0.64,-1,133,24,0.00076627599583526,7.69181771849451e-05,0.908777622466917
190,0.64,0.65,-1,134,24,0.0006222996249881,5.20334073054186e-05,0.922837226098143
191,0.65,0.66,-1,133,24,0.000664415066534739,7.52707101306455e-05,0.898239614029112
192,0.66,0.67,-1,134,24,0.000665555628269925,6.20045045608576e-05,0.914777484687608
193,0.67,0.68,-1,133,24,0.000875919003397687,7.19647568022124e-05,0.924078500103182
194,0.68,0.69,-1,133,24,0.000530407960435069,5.22716583556205e-05,0.91029091001311
195,0.69,0.7,-1,134,24,0.000239510703851339,7.12710000227919e-05,0.770671828056978
196,0.7,0.71,-1,133,24,4.99732675101058e-05,7.05393198923482e-05,0.414672596342315
197,0.71,0.72,-1,133,24,7.54935881426776e-05,9.57586533475901e-05,0.440832700849454
198,0.72,0.73,-1,134,24,9.64368895222827e-05,8.66064172424406e-05,0.526852859177412
199,0.73,0.74,-1,133,24,0.000112479732576896,8.8525946647258e-05,0.559584848602526
200,0.74,0.75,-1,133,24,6.33743371934532e-05,6.09968917660337e-05,0.509557859351032
201,0.75,0.76,-1,133,24,8.17827755808677e-05,6.95159055287528e-05,0.540538588843439
202,0.76,0.77,-1,134,24,5.41225331129956e-05,0.000124541683985752,0.302928778867243
203,0.77,0.78,-1,133,24,0.000190250101443811,5.60650595334617e-05,0.77238486128495
204,0.78,0.79,-1,134,24,8.9205827749771e-05,6.01892557947881e-05,0.597113543720896
205,0.79,0.8,-1,133,24,3.4366668948874e-05,6.75070103967237e-05,0.337345908871005
206,0.8,0.81,-1,133,24,1.37524404776681e-05,7.11955200554125e-05,0.161892532691383
207,0.81,0.82,-1,134,24,6.86227226565529e-05,7.36997364102639e-05,0.482163694377542
208,0.82,0.83,-1,133,24,4.91586462057763e-05,6.99637646291037e-05,0.412673365668505
209,0.83,0.84,-1,133,24,7.07266308691557e-05,3.28586944555892e-05,0.682786202074709
210,0.84,0.85,-1,134,24,0.000103508947561948,3.90051679531198e-05,0.7263066341734
211,0.85,0.86,-1,133,24,8.80628376456931e-05,3.9771666521237e-05,0.688881599061064
212,0.86,0.87,-1,133,24,0.000123116538003041,7.21902880682179e-05,0.630374987293691
213,0.87,0.88,-1,134,24,5.07656813563696e-05,3.23273008112279e-05,0.610950287642534
214,0.88,0.89,-1,133,24,4.41680528788891e-05,7.24181968566209e-05,0.378844443312051
215,0.89,0.9,-1,133,24,9.45364273778144e-05,5.72085840068433e-05,0.622995290027522
216,0.9,0.91,-1,134,24,0.000202697239088794,8.0752584202497e-05,0.715108010070938
217,0.91,0.92,-1,133,24,0.000467173491298325,6.55218157093849e-05,0.876999450065671
218,0.92,0.93,-1,133,24,0.000284559320833219,5.92728768205754e-05,0.82761103461213
219,0.93,0.94,-1,134,24,0.000333783767746113,4.56043551480239e-05,0.879794984618564
220,0.94,0.95,-1,133,24,0.000520567939448265,7.34156768356613e-05,0.876401175347287
221,0.95,0.96,-1,133,24,0.000277656127580873,0.000111518034546034,0.713449541622784
222,0.96,0.97,-1,134,24,0.00033458750773951,7.27322950599198e-05,0.821436879424852
223,0.97,0.98,-1,133,24,0.000597537119603304,8.37989523981639e-05,0.877007902793112
224,0.98,0.99,-1,133,24,0.000554199099567606,6.74161148550152e-05,0.891546871294594
225,0.99,1,-1,134,24,0.00068229705449888,8.3833433508971e-05,0.890575515762385
226,1,1.01,-1,133,24,0.000178554770705995,5.91722237647813e-05,0.7510916928197
227,1.01,1.02,-1,133,24,0.000423124499812266,8.01784889962503e-05,0.840695384730261
228,1.02,1.03,-1,134,24,0.00011842342383242,4.38701464871338e-05,0.729686478640194
229,1.03,1.04,-1,133,24,0.000238225213859517,5.01455183007688e-05,0.826107462691823
230,1.04,1.05,-1,133,24,0.000305770202121519,5.08049397509702e-05,0.857519681590317
231,1.05,1.06,-1,134,24,0.00014835329741567,5.4129987513804e-05,0.732669353262134
232,1.06,1.07,-1,133,24,0.000102292344151728,6.76716563486377e-05,0.601847119687607
233,1.07,1.08,-1,133,24,5.45451585259805e-05,6.67071865650411e-05,0.449848277037732
234,1.08,1.09,-1,134,24,0.000164732864798491,6.15279300142727e-05,0.728066322470101
235,1.09,1.1,-1,133,24,0.000112997849723672,5.01645356818825e-05,0.692548404724568
236,1.1,1.11,-1,133,24,0.00012775673966353,5.24105056288118e-05,0.70910081050654
237,1.11,1.12,-1,134,24,9.72592834884741e-05,8.53850704373743e-05,0.53250637864207
238,1.12,1.13,-1,133,24,2.79127410409799e-05,7.15790713490412e-05,0.280553146740942
239,1.13,1.14,-1,133,24,4.32697143848196e-05,3.80347747455513e-05,0.532193423113907
240,1.14,1.15,-1,134,24,0.000113574773342281,4.46393041633939e-05,0.717855042565395
241,1.15,1.16,-1,133,24,8.3807632606072e-05,6.65900366322371e-05,0.557240235374104
242,1.16,1.17,-1,133,24,0.000191283829603399,5.43955922612432e-05,0.778591174432132
243,1.17,1.18,-1,134,24,0.000149163668847765,4.03228999100554e-05,0.78719916575411
244,1.18,1.19,-1,133,24,0.000142439638636533,6.63779736305713e-05,0.682124640206759
245,1.19,1.2,-1,133,24,0.000224787327455646,4.86154162777945e-05,0.822183875648326
246,1.2,1.21,-1,134,24,0.00016772614147339,6.07316824020153e-05,0.734166764911773
247,1.21,1.22,-1,133,24,0.000250291463246705,4.9240004462825e-05,0.835609911575049
248,1.22,1.23,-1,133,24,0.000207331611281472,3.61947032241417e-05,0.851372516774538
249,1.23,1.24,-1,134,24,0.000186770014280477,3.45224502839975e-05,0.843996268232896
250,1.24,1.25,-1,211,24,0.00112940542943052,0.000101829505861145,0.917294820880774
1,0,0.01,1,212,26,0,0.000362758598625856,0
2,0.01,0.02,1,133,26,0.000228816283348366,9.02524843392174e-05,0.717137828959842
3,0.02,0.03,1,134,26,0.000157270561050585,6.7789724745406e-05,0.698793038915561
4,0.03,0.04,1,133,26,0.000194776866737142,6.7907181144797e-05,0.741487228888306
5,0.04,0.05,1,133,26,0,0.000126812594046133,0
6,0.05,0.06,1,133,26,0.000143295491543859,0.000126485295202838,0.531155288231856
7,0.06,0.07,1,134,26,4.20694441907933e-05,6.63101005925141e-05,0.388167751349264
8,0.07,0.08,1,133,26,8.83726816458227e-05,7.34582858918775e-05,0.546080166178549
9,0.08,0.09,1,134,26,7.49012771264352e-05,7.33509214271237e-05,0.505228778103926
10,0.09,0.1,1,133,26,8.01484837035909e-05,9.95739158426952e-05,0.445957120013575
11,0.1,0.11,1,133,26,2.03103833535073e-05,9.06279279583794e-05,0.183078173025436
12,0.11,0.12,1,134,26,0.000161630338281583,7.80447722868013e-05,0.674372645112295
13,0.12,0.13,1,133,26,0.000122226051208877,7.32013661202859e-05,0.62542939409064
14,0.13,0.14,1,133,26,6.47131783302349e-05,5.79153293001591e-05,0.527717246019844
15,0.14,0.15,1,134,26,9.58836041833202e-05,5.14819111123809e-05,0.650651571983594
16,0.15,0.16,1,133,26,7.48313855871327e-05,0.000101206599168183,0.425086583961665
17,0.16,0.17,1,133,26,8.49709452210343e-05,8.09602330079181e-05,0.512085468975524
18,0.17,0.18,1,134,26,6.75918373283085e-05,6.81735705416434e-05,0.497857579399415
19,0.18,0.19,1,133,26,0.000201963833453163,3.22315557566957e-05,0.862373226623119
20,0.19,0.2,1,133,26,0.000203278980276141,6.15661836595438e-05,0.767538954668266
21,0.2,0.21,1,134,26,0.000152712170635261,7.2462399237602e-05,0.67819457020162
22,0.21,0.22,1,133,26,0.000146218954423588,5.40173276517098e-05,0.730232068375116
23,0.22,0.23,1,133,26,0.000103097477039145,6.63502073419096e-05,0.608432492988804
24,0.23,0.24,1,133,26,0.000168308613662209,8.68247193297505e-05,0.65968884460704
25,0.24,0.25,1,134,26,9.83798148809781e-05,6.0969614588368e-05,0.617384167665962
26,0.25,0.26,1,133,26,9.77741086898025e-05,6.27485135587703e-05,0.609098626226011
27,0.26,0.27,1,133,26,7.02356251989935e-05,5.61620548569211e-05,0.555671790557574
28,0.27,0.28,1,134,26,0.000150028781366371,6.56120718111884e-05,0.695734500933535
29,0.28,0.29,1,133,26,9.06307644779015e-05,5.76439121626634e-05,0.611235623852352
30,0.29,0.3,1,134,26,2.50326364165931e-05,6.10422832839196e-05,0.290823813762373
31,0.3,0.31,1,133,26,5.63703862438649e-05,5.62170809143033e-05,0.500680827686381
32,0.31,0.32,1,133,26,3.10902128474113e-05,6.17099799298655e-05,0.335023149381044
33,0.32,0.33,1,134,26,9.33791434552404e-05,5.78134310652083e-05,0.617617258991849
34,0.33,0.34,1,133,26,0,0.000106169586809896,0
35,0.34,0.35,1,133,26,0.000222761122904554,0.000101776886835818,0.686394555395102
36,0.35,0.36,1,134,26,0.000112466326715853,5.61940704936558e-05,0.666821189660475
37,0.36,0.37,1,133,26,2.37258285677667e-05,6.52736698010049e-05,0.266583846006167
38,0.37,0.38,1,133,26,0.000105390306576165,5.08138060934509e-05,0.674696106107486
39,0.38,0.39,1,134,26,7.00598052952404e-05,6.29915361737298e-05,0.526562186609592
40,0.39,0.4,1,133,26,0.00011068323977674,5.36767885861169e-05,0.673419449237287
41,0.4,0.41,1,133,26,0.000165722042245293,5.40059928998108e-05,0.754214372944507
42,0.41,0.42,1,134,26,0.000107074567665917,6.06952067966249e-05,0.63822323186006
43,0.42,0.43,1,133,26,5.07624366713927e-05,9.51210734238539e-05,0.347965555793456
44,0.43,0.44,1,133,26,0.000107448973355711,8.68839434951793e-05,0.55291185403323
45,0.44,0.45,1,134,26,3.0633656638809e-05,6.19863882879571e-05,0.330745430571004
46,0.45,0.46,1,133,26,2.76147047577394e-05,6.53957981647765e-05,0.296898779063095
47,0.46,0.47,1,133,26,1.88742491762129e-05,9.73307293978682e-05,0.162422035680515
48,0.47,0.48,1,134,26,0.000153943506243885,8.96752582350018e-05,0.631903320637793
49,0.48,0.49,1,133,26,0.000176268170518556,4.76805440807679e-05,0.787091682280583
50,0.49,0.5,1,133,26,6.3504067748766e-05,7.53566773613152e-05,0.457321957320792
51,0.5,0.51,1,134,26,0,0.000102501564260036,0
52,0.51,0.52,1,133,26,3.79691825557283e-05,7.95280440242993e-05,0.323149606683417
53,0.52,0.53,1,133,26,2.6474802272187e-05,6.7889440300478e-05,0.280559686067529
54,0.53,0.54,1,134,26,8.76653820893475e-05,0.000104120248495791,0.457100888225463
55,0.54,0.55,1,133,26,2.19809159504963e-05,9.37931029542684e-05,0.189860524480693
56,0.55,0.56,1,133,26,0.000264919069330052,0.000105979427167149,0.714262990634829
57,0.56,0.57,1,134,26,5.88220046752992e-05,4.32164918362255e-05,0.576468751366359
58,0.57,0.58,1,133,26,0.000168858144604707,6.90434754530436e-05,0.709781398561796
59,0.58,0.59,1,133,26,0.000110461731411954,5.74617264707425e-05,0.657810009421777
60,0.59,0.6,1,134,26,0.000138836430896023,7.39604242202298e-05,0.652436479007998
61,0.6,0.61,1,133,26,6.56739895404907e-05,6.71950364609725e-05,0.494276141828326
62,0.61,0.62,1,133,26,0.000120899724353497,5.41595793055095e-05,0.690621531255456
63,0.62,0.63,1,134,26,5.71986942145234e-05,5.75461612559216e-05,0.498485914510181
64,0.63,0.64,1,133,26,4.40231108276323e-05,6.70137184415083e-05,0.396473054187501
65,0.64,0.65,1,133,26,6.42281408662186e-05,0.000122200674371211,0.34451831271051
66,0.65,0.66,1,134,26,0.00012834299631423,5.67256882733591e-05,0.693488455922363
67,0.66,0.67,1,133,26,6.66494380293431e-05,0.000109078682375215,0.379275882971399
68,0.67,0.68,1,133,26,0,0.000140728448152419,0
69,0.68,0.69,1,133,26,0.000147653874916681,0.000120086258434241,0.551482039949362
70,0.69,0.7,1,134,26,0.000258692937622301,5.9428107147233e-05,0.813190267904828
71,0.7,0.71,1,133,26,4.02607838291429e-05,6.88944098802784e-05,0.36883983675866
72,0.71,0.72,1,134,26,5.24233559638989e-05,8.4650648937012e-05,0.382445643153091
73,0.72,0.73,1,133,26,8.46470289915829e-05,5.98892030150845e-05,0.585645743052705
74,0.73,0.74,1,133,26,2.51350155811903e-05,8.44656989696122e-05,0.22933258860771
75,0.74,0.75,1,134,26,5.94615535141996e-05,7.34033669351798e-05,0.447533881125937
76,0.75,0.76,1,133,26,7.23580196086348e-05,6.83828948244553e-05,0.514122136409982
77,0.76,0.77,1,133,26,0.000145228544947568,6.56582262962279e-05,0.688656496047713
78,0.77,0.78,1,134,26,8.5665801117487e-05,6.04661487561061e-05,0.586222254555486
79,0.78,0.79,1,133,26,0.000135736532450843,4.22032769629406e-05,0.762822737070598
80,0.79,0.8,1,133,26,5.55443425879273e-05,5.24242546175888e-05,0.514449053016774
81,0.8,0.81,1,134,26,0.000101988061704279,6.20965538884358e-05,0.621557733099307
82,0.81,0.82,1,133,26,8.57234506239779e-05,6.63335049434215e-05,0.563758825133
83,0.82,0.83,1,133,26,0.000115920122662189,7.01558694691461e-05,0.622971944604067
84,0.83,0.84,1,134,26,0.000116495600605139,3.77520608408785e-05,0.755250352018526
85,0.84,0.85,1,133,26,7.75395934330829e-05,4.933057713661e-05,0.611172768862075
86,0.85,0.86,1,133,26,3.07351902327294e-05,8.31015074475088e-05,0.26999369148131
87,0.86,0.87,1,134,26,0.000147155543766602,6.81031222995518e-05,0.683621925453063
88,0.87,0.88,1,133,26,4.1895109084786e-05,8.09013806021773e-05,0.341175136126337
89,0.88,0.89,1,133,26,0.000147827738016956,5.46167593172325e-05,0.730213663317937
90,0.89,0.9,1,134,26,0.000260057943892777,0.000106133232947473,0.710169879396703
91,0.9,0.91,1,133,26,2.97479201958088e-05,0.000114880550285022,0.205685091579196
92,0.91,0.92,1,133,26,0.000112757051116625,0.000137237586806394,0.451037878465801
93,0.92,0.93,1,134,26,0.000128602137903653,7.01248858858907e-05,0.647129592399298
94,0.93,0.94,1,133,26,5.66755881807928e-06,7.97349704034561e-05,0.0663628919393892
95,0.94,0.95,1,133,26,7.3521809559251e-05,7.80631555221896e-05,0.485020460437819
96,0.95,0.96,1,134,26,0.00014474175341923,8.06293019434435e-05,0.642237545483858
97,0.96,0.97,1,133,26,6.02245164568474e-05,7.74941531759996e-05,0.437301032731465
98,0.97,0.98,1,133,26,0.000122246957571153,9.26913564882235e-05,0.568753682218714
99,0.98,0.99,1,134,26,0,6.43903894338289e-05,0
100,0.99,1,1,133,26,0.000113338268032628,4.54631457459413e-05,0.713710699015976
101,1,1.01,1,133,26,1.51998496199543e-05,8.31798054138238e-05,0.154501960946453
102,1.01,1.02,1,134,26,7.5837342751188e-05,7.05370613734281e-05,0.518105219315693
103,1.02,1.03,1,133,26,5.18788315765402e-05,7.02712554847671e-05,0.424713832176821
104,1.03,1.04,1,133,26,7.26837874825007e-05,7.13065453319953e-05,0.504782411859134
105,1.04,1.05,1,133,26,4.86995770729714e-05,9.08838092819867e-05,0.348892359934077
106,1.05,1.06,1,134,26,5.62532855603805e-05,6.92244276031555e-05,0.448312964447042
107,1.06,1.07,1,133,26,3.74166982966543e-05,9.02309777826185e-05,0.293124790406818
108,1.07,1.08,1,134,26,8.96106280888923e-05,7.98034463064199e-05,0.528944412728036
109,1.08,1.09,1,133,26,2.11810402689758e-05,9.21904382897171e-05,0.186828649835508
110,1.09,1.1,1,133,26,0.000104748552307047,9.2690609604284e-05,0.530535843512591
111,1.1,1.11,1,133,26,0.000187270644818379,9.61659870842146e-05,0.660714331670216
112,1.11,1.12,1,134,26,9.62889307562007e-05,0.000114111113891103,0.457646912183935
113,1.12,1.13,1,133,26,6.89930233391731e-05,7.83812130722343e-05,0.468148470310464
114,1.13,1.14,1,134,26,3.85487977078713e-05,6.01233228113935e-05,0.390675679259827
115,1.14,1.15,1,133,26,2.6710045862648e-05,7.87685535765308e-05,0.253227157022023
116,1.15,1.16,1,133,26,0,0.000115581801624104,0
117,1.16,1.17,1,134,26,5.41557848645915e-05,4.39007447138084e-05,0.552291470006512
118,1.17,1.18,1,133,26,6.75026551678982e-05,9.16423413342822e-05,0.424158199450357
119,1.18,1.19,1,133,26,4.60457954818766e-05,9.31300699344009e-05,0.330846122954959
120,1.19,1.2,1,133,26,7.54798434419222e-05,6.16931188394092e-05,0.550253068728797
121,1.2,1.21,1,134,26,8.43626871685444e-05,6.67115963534733e-05,0.558418581917347
122,1.21,1.22,1,133,26,1.62124828935727e-05,8.90059110671296e-05,0.154084112894061
123,1.22,1.23,1,133,26,6.5681043500327e-05,4.5972603906561e-05,0.58825703437141
124,1.23,1.24,1,134,26,3.17261772658362e-05,6.95057187614004e-05,0.313400998212067
125,1.24,1.25,1,211,26,0.000125303043241652,9.10197537229426e-05,0.579241046250712
126,0,0.01,-1,212,26,0.000126557977589699,0.000175331482756662,0.419219595955742
127,0.01,0.02,-1,133,26,7.56989138693698e-05,6.28049257565756e-05,0.546547403117548
128,0.02,0.03,-1,133,26,8.4230689246108e-05,7.63185997060837e-05,0.524640686955582
129,0.03,0.04,-1,133,26,0.000121387505832516,7.6857466578018e-05,0.61231063949073
130,0.04,0.05,-1,134,26,4.87396570307069e-05,8.60625653990998e-05,0.36156419495299
131,0.05,0.06,-1,133,26,0.000229268388187459,5.99799502192919e-05,0.792635108814537
132,0.06,0.07,-1,133,26,6.70456962620523e-05,8.31439449319191e-05,0.446406927462208
133,0.07,0.08,-1,134,26,0.000191624730493024,7.36811431507228e-05,0.722278507675779
134,0.08,0.09,-1,133,26,0.000103254548068458,0.000107534547750517,0.489847672941928
135,0.09,0.1,-1,134,26,8.12374260523465e-05,7.56530177699196e-05,0.517797158789203
136,0.1,0.11,-1,133,26,0,0.000111653806198601,0
137,0.11,0.12,-1,133,26,5.02088520311535e-05,8.13204395482098e-05,0.381731334733587
138,0.12,0.13,-1,134,26,3.30198158203711e-05,0.000111014793129513,0.229249178798828
139,0.13,0.14,-1,133,26,0,0.000130153736792306,0
140,0.14,0.15,-1,133,26,1.0896833626595e-05,9.88702570252119e-05,0.0992723188880074
141,0.15,0.16,-1,134,26,0.000115776076669744,6.04505490430576e-05,0.656972669149471
142,0.16,0.17,-1,133,26,0.000154708257494655,5.20821995351666e-05,0.748140217477948
143,0.17,0.18,-1,133,26,3.48018685584033e-05,0.000106802799876241,0.245767805137481
144,0.18,0.19,-1,133,26,0,8.31783125749764e-05,0
145,0.19,0.2,-1,134,26,2.29251797008766e-05,6.30900740133437e-05,0.266524583849324
146,0.2,0.21,-1,133,26,0,0.000110748942859648,0
147,0.21,0.22,-1,134,26,4.97449560140404e-05,8.05749168463697e-05,0.38171427674215
148,0.22,0.23,-1,133,26,5.26253463363521e-05,8.49320219678712e-05,0.382570174067051
149,0.23,0.24,-1,133,26,6.84915281497544e-05,4.24234125397918e-05,0.61751399517459
150,0.24,0.25,-1,134,26,6.6517471781649e-05,3.85930408516525e-05,0.632833673009551
151,0.25,0.26,-1,133,26,0.000150021953388122,6.60542199069472e-05,0.694301232293923
152,0.26,0.27,-1,133,26,8.92252284782358e-05,4.59130065814015e-05,0.660251544937376
153,0.27,0.28,-1,134,26,0,0.000118706185781928,0
154,0.28,0.29,-1,133,26,0.000143439141466943,7.30665711004842e-05,0.66251896897303
155,0.29,0.3,-1,133,26,5.52334823791992e-05,7.3926300350788e-05,0.427636848032383
156,0.3,0.31,-1,134,26,0,0.000100811972916889,0
157,0.31,0.32,-1,133,26,1.49420288666142e-05,8.7249850865267e-05,0.146215422456435
158,0.32,0.33,-1,133,26,6.65118648841562e-05,7.42984271465683e-05,0.472350876664921
159,0.33,0.34,-1,133,26,7.77504192469581e-05,6.20293295059493e-05,0.556235219626841
160,0.34,0.35,-1,134,26,5.40561573862466e-05,5.92858932590082e-05,0.476929410386574
161,0.35,0.36,-1,133,26,8.87700237144621e-05,7.83612975329091e-05,0.53113936425521
162,0.36,0.37,-1,134,26,4.8121878910038e-05,6.14001141843303e-05,0.439380964045955
163,0.37,0.38,-1,133,26,7.21507369614161e-05,7.11863384791718e-05,0.503364092923202
164,0.38,0.39,-1,133,26,0.000113484422581684,5.11583065352724e-05,0.689276855348216
165,0.39,0.4,-1,134,26,1.58411094845945e-05,5.96016386015241e-05,0.209975244625391
166,0.4,0.41,-1,133,26,5.53938847161281e-05,7.34556986321221e-05,0.429911244388051
167,0.41,0.42,-1,133,26,5.37381966783988e-05,6.93047212082731e-05,0.436743516826333
168,0.42,0.43,-1,134,26,0.000118421304035735,8.93986733595608e-05,0.569826373383177
169,0.43,0.44,-1,133,26,6.30522814964369e-05,6.43379891832474e-05,0.494953666084738
170,0.44,0.45,-1,133,26,1.42850594529479e-05,0.000102993607271181,0.12180441551702
171,0.45,0.46,-1,133,26,0.000180242874865547,4.69274918560529e-05,0.793425997706984
172,0.46,0.47,-1,134,26,0.000239402035766526,7.29190590569379e-05,0.766525347581294
173,0.47,0.48,-1,133,26,3.82450508677602e-06,0.000126843331598846,0.0292689095020186
174,0.48,0.49,-1,133,26,3.50908819508928e-05,8.64253413978213e-05,0.288775284351891
175,0.49,0.5,-1,134,26,0.000126272703684453,7.07210544085537e-05,0.640998501205483
176,0.5,0.51,-1,133,26,0.000187313496780618,6.53293910094579e-05,0.741416069215687
177,0.51,0.52,-1,134,26,0.000140312155692564,0.000100625436216045,0.5823589195072
178,0.52,0.53,-1,133,26,8.8326325567084e-05,9.0869070484088e-05,0.492905105340212
179,0.53,0.54,-1,133,26,0.000145638118036906,5.69000914845096e-05,0.719064903264619
180,0.54,0.55,-1,134,26,8.57656973509592e-06,7.14938778192191e-05,0.107112798754848
181,0.55,0.56,-1,133,26,3.99689155565473e-05,4.78285762290017e-05,0.455239833663745
182,0.56,0.57,-1,133,26,0.000174573672974519,4.24042341673904e-05,0.804568885717674
183,0.57,0.58,-1,134,26,5.44479509676397e-05,5.81345717895209e-05,0.483627028727038
184,0.58,0.59,-1,133,26,6.20355199874638e-05,4.97122960202241e-05,0.55513854501815
185,0.59,0.6,-1,133,26,7.88511743794465e-05,5.80805343427046e-05,0.57584306159097
186,0.6,0.61,-1,133,26,3.46432278006603e-05,5.07298804064405e-05,0.405786184059524
187,0.61,0.62,-1,134,26,1.52560801776959e-05,7.62079250979641e-05,0.166798732809876
188,0.62,0.63,-1,133,26,1.63164100059158e-05,6.17173666566009e-05,0.209094198740138
189,0.63,0.64,-1,133,26,0.000104474687678802,5.69780909971634e-05,0.647091295272669
190,0.64,0.65,-1,134,26,2.32901968198323e-05,6.9319674957665e-05,0.251487194321885
191,0.65,0.66,-1,133,26,0,0.000118786709221654,0
192,0.66,0.67,-1,134,26,8.59325835322463e-05,6.77036700670297e-05,0.559324908796469
193,0.67,0.68,-1,133,26,0.000134739581891679,6.24975850076079e-05,0.683134847300254
194,0.68,0.69,-1,133,26,9.9014308279074e-05,9.25659987832108e-05,0.516829259736406
195,0.69,0.7,-1,134,26,0,0.000130665890206833,0
196,0.7,0.71,-1,133,26,3.96021505321199e-05,6.03213428572887e-05,0.396324719931355
197,0.71,0.72,-1,133,26,5.22951350021573e-05,0.000102282145253928,0.33831061664121
198,0.72,0.73,-1,134,26,3.06871854569655e-05,8.75893301824274e-05,0.259452903994281
199,0.73,0.74,-1,133,26,0.000127790183107949,8.02320875006191e-05,0.614310106000186
200,0.74,0.75,-1,133,26,0.000114645432294734,5.69492930920451e-05,0.668117461281635
201,0.75,0.76,-1,133,26,8.07053952118463e-05,8.15957024704226e-05,0.497257235868117
202,0.76,0.77,-1,134,26,5.69335046447367e-05,6.94057928851502e-05,0.450639711933403
203,0.77,0.78,-1,133,26,3.82741995463292e-05,5.02990586391615e-05,0.432119133138076
204,0.78,0.79,-1,134,26,8.76695003064326e-05,4.15337642836957e-05,0.678539358773531
205,0.79,0.8,-1,133,26,3.63490328608774e-05,3.65393769551688e-05,0.498694277356497
206,0.8,0.81,-1,133,26,3.95008679640943e-05,7.43877152566904e-05,0.346837820324077
207,0.81,0.82,-1,134,26,6.69924585028767e-05,4.53232557787203e-05,0.596465587485949
208,0.82,0.83,-1,133,26,3.50750415835166e-05,5.17609296205017e-05,0.403922949178618
209,0.83,0.84,-1,133,26,3.05398793482919e-05,4.74617200265768e-05,0.391528886497826
210,0.84,0.85,-1,134,26,6.65803167173518e-05,7.49004756538216e-05,0.470596153735689
211,0.85,0.86,-1,133,26,0.000124272092929404,4.63847645003903e-05,0.728198648451778
212,0.86,0.87,-1,133,26,3.46269889631856e-05,7.22407169692542e-05,0.324017332093535
213,0.87,0.88,-1,134,26,0.000183537658340031,5.18225052822678e-05,0.779816157141055
214,0.88,0.89,-1,133,26,9.08740557909936e-05,6.53324416506834e-05,0.581755927437803
215,0.89,0.9,-1,133,26,3.37609591589864e-05,8.45040811852952e-05,0.285468630972474
216,0.9,0.91,-1,134,26,8.89475615226569e-06,9.99002330885027e-05,0.0817570387601324
217,0.91,0.92,-1,133,26,3.75211790048664e-05,9.43326709812258e-05,0.284566427213343
218,0.92,0.93,-1,133,26,4.31056053165746e-05,6.98171315813519e-05,0.381726537105975
219,0.93,0.94,-1,134,26,0,6.85916150669515e-05,0
220,0.94,0.95,-1,133,26,0.000118395992172257,5.57190093464064e-05,0.679987313784482
221,0.95,0.96,-1,133,26,0.00026921716490305,6.15346967229979e-05,0.81395510090108
222,0.96,0.97,-1,134,26,1.09399248344784e-05,7.22073748914494e-05,0.131572821613436
223,0.97,0.98,-1,133,26,0.000110201875568649,7.17671752481439e-05,0.605607794699115
224,0.98,0.99,-1,133,26,0.000146990677313053,8.43152503887792e-05,0.635481670415871
225,0.99,1,-1,134,26,1.80182098824248e-05,6.78293653439562e-05,0.209886066495304
226,1,1.01,-1,133,26,5.19454688479743e-05,9.94033301870184e-05,0.343216921304834
227,1.01,1.02,-1,133,26,4.00708119885909e-05,8.38312394867835e-05,0.323407171321574
228,1.02,1.03,-1,134,26,0,0.000133266556123369,0
229,1.03,1.04,-1,133,26,1.5418383012985e-05,7.0969696792507e-05,0.178478130868292
230,1.04,1.05,-1,133,26,0,0.000105626962723187,0
231,1.05,1.06,-1,134,26,0,0.00010823502353932,0
232,1.06,1.07,-1,133,26,4.79036697563225e-05,5.13258901627919e-05,0.482756043616141
233,1.07,1.08,-1,133,26,3.29693128917348e-05,8.63561266370331e-05,0.276297435164999
234,1.08,1.09,-1,134,26,6.09067726100461e-05,7.01915820520727e-05,0.46458838302755
235,1.09,1.1,-1,133,26,7.97574220746962e-06,7.50281577957276e-05,0.0960887645901265
236,1.1,1.11,-1,133,26,5.00475058387396e-05,4.645097907345e-05,0.518635146285262
237,1.11,1.12,-1,134,26,2.40495615442595e-05,0.000120296577200809,0.16661035586642
238,1.12,1.13,-1,133,26,5.13661413780791e-05,8.30202412989025e-05,0.382227278946451
239,1.13,1.14,-1,133,26,2.83738015332025e-05,6.60531715725794e-05,0.300484073564624
240,1.14,1.15,-1,134,26,0.000143088149474347,5.51679900362932e-05,0.72173376233157
241,1.15,1.16,-1,133,26,0.000102872423542719,5.66934255959539e-05,0.64470200922076
242,1.16,1.17,-1,133,26,0.000148901388512196,5.31440204584469e-05,0.736969918152564
243,1.17,1.18,-1,134,26,0.000144442994343544,5.70585810538724e-05,0.716833077154175
244,1.18,1.19,-1,133,26,9.19148820639994e-05,6.02156206123806e-05,0.604184436697258
245,1.19,1.2,-1,133,26,7.56438204601379e-05,8.7630519809016e-05,0.463292764407688
246,1.2,1.21,-1,134,26,5.26786785021389e-05,0.000112716114686484,0.318502641386432
247,1.21,1.22,-1,133,26,0.000129765580413687,5.30464933145503e-05,0.709830471080332
248,1.22,1.23,-1,133,26,2.11618955743187e-05,4.93479465432119e-05,0.300126832493038
249,1.23,1.24,-1,134,26,0.000101048430279775,5.28091041196793e-05,0.656766213459699
250,1.24,1.25,-1,211,26,0.000409047284841109,0.000176832696020484,0.698175903261903
1,0,0.01,1,212,28,0.000154273341501407,0.000163698333132271,0.485179510656534
2,0.01,0.02,1,133,28,0.00014166658605815,8.66365777043024e-05,0.620519592122486
3,0.02,0.03,1,134,28,0.000185941629474743,7.34259353458268e-05,0.716903941336602
4,0.03,0.04,1,133,28,9.4425710739384e-05,9.37699102776237e-05,0.50174233719737
5,0.04,0.05,1,133,28,0.000369272910038229,8.37021729096005e-05,0.815216827457945
6,0.05,0.06,1,133,28,0.000399827499733264,0.000155122308887252,0.72047506553277
7,0.06,0.07,1,134,28,9.97410124749502e-05,8.00759673359318e-05,0.55468072358823
8,0.07,0.08,1,133,28,4.88020961706659e-05,7.97764376692827e-05,0.379550883908924
9,0.08,0.09,1,134,28,9.5972437333176e-05,9.16335079285431e-05,0.511563944305123
10,0.09,0.1,1,133,28,0.000151455797569888,5.4229968411121e-05,0.736345545582731
11,0.1,0.11,1,133,28,0.000107267807961065,9.37371309515956e-05,0.533657573497108
12,0.11,0.12,1,134,28,0.000133625825202708,6.32832173388263e-05,0.678617007517682
13,0.12,0.13,1,133,28,0.000194362402635126,6.25600427649253e-05,0.756502229038363
14,0.13,0.14,1,133,28,0.000129266392568487,5.97424164573286e-05,0.683917290600097
15,0.14,0.15,1,134,28,5.7783929437336e-05,3.62540792387342e-05,0.614474192412799
16,0.15,0.16,1,133,28,0.000161174883475715,4.35205827871996e-05,0.787388633555268
17,0.16,0.17,1,133,28,0.000104010578077029,5.97131609339774e-05,0.635280984329564
18,0.17,0.18,1,134,28,0.000168554525461951,4.44798315023159e-05,0.791208178172985
19,0.18,0.19,1,133,28,7.56027749343371e-05,5.71192290911466e-05,0.569632560097727
20,0.19,0.2,1,133,28,9.24827085182328e-05,7.31445153203217e-05,0.558378667316072
21,0.2,0.21,1,134,28,0.000238896092192385,8.23270376471253e-05,0.743707628749344
22,0.21,0.22,1,133,28,0.000200933859848324,6.35474655382346e-05,0.759727967767269
23,0.22,0.23,1,133,28,0.000147898551270931,7.58124491815042e-05,0.661114343826721
24,0.23,0.24,1,133,28,0.000103514725021796,6.45807094306084e-05,0.615809259537657
25,0.24,0.25,1,134,28,0.000120498902678688,5.94590058832026e-05,0.669594927178465
26,0.25,0.26,1,133,28,4.60992217539934e-05,4.34804365567229e-05,0.514617075163354
27,0.26,0.27,1,133,28,5.74501384229552e-05,9.87309750216115e-05,0.367843058330775
28,0.27,0.28,1,134,28,0.00031965712998102,0.00011766554339402,0.730941132125769
29,0.28,0.29,1,133,28,0.00017731083343151,8.76892669071826e-05,0.669097231302522
30,0.29,0.3,1,134,28,0.000113583387728894,3.33653148895201e-05,0.772945835553508
31,0.3,0.31,1,133,28,5.05428618811231e-05,4.23123166099958e-05,0.544319258251787
32,0.31,0.32,1,133,28,9.00369379091336e-05,6.91353958404749e-05,0.565656956759642
33,0.32,0.33,1,134,28,4.09018683332821e-05,5.1595082566887e-05,0.442196936604181
34,0.33,0.34,1,133,28,0.000375759141809314,8.56249262735393e-05,0.814417245421307
35,0.34,0.35,1,133,28,0.000149879636646234,5.99183635140837e-05,0.714399739424127
36,0.35,0.36,1,134,28,8.40006337054506e-05,5.52081085119948e-05,0.603414931903061
37,0.36,0.37,1,133,28,5.74794397550934e-05,5.43587313144766e-05,0.513951893216653
38,0.37,0.38,1,133,28,5.68694628212737e-06,6.21602757592102e-05,0.0838198840132681
39,0.38,0.39,1,134,28,4.92421621413596e-05,4.3205679351832e-05,0.53264804614163
40,0.39,0.4,1,133,28,0.000116187847249389,5.3707658353683e-05,0.683878286461794
41,0.4,0.41,1,133,28,5.95529829645359e-05,9.62308247690317e-05,0.382279672264704
42,0.41,0.42,1,134,28,9.14907849610437e-05,8.34264764453305e-05,0.523051780169877
43,0.42,0.43,1,133,28,1.95794380921627e-05,9.75009872287173e-05,0.167230671040882
44,0.43,0.44,1,133,28,0.000138745620775924,4.11635432893966e-05,0.771198184910407
45,0.44,0.45,1,134,28,0.000116733388110722,5.52004139515627e-05,0.678943795289505
46,0.45,0.46,1,133,28,4.65401064407984e-05,7.08743159818334e-05,0.396374699807131
47,0.46,0.47,1,133,28,6.81297460792625e-05,0.000123023943421032,0.356413450649916
48,0.47,0.48,1,134,28,9.7191491648301e-05,0.000104952477805484,0.480803320083814
49,0.48,0.49,1,133,28,0.000358767128462551,2.95179662690945e-05,0.923978626350581
50,0.49,0.5,1,133,28,0.000320289198017401,4.54275237905821e-05,0.875784942055689
51,0.5,0.51,1,134,28,0.000129223313620954,4.69381089541991e-05,0.733550579530688
52,0.51,0.52,1,133,28,0.000102371471513607,5.80979896974225e-05,0.637949867476533
53,0.52,0.53,1,133,28,0.000136143270816748,6.27424827719573e-05,0.684530029728985
54,0.53,0.54,1,134,28,0.000200184058692452,5.39700829793126e-05,0.787648225504765
55,0.54,0.55,1,133,28,8.26314848480701e-05,0.000117337485311716,0.413221535231407
56,0.55,0.56,1,133,28,6.83808089842935e-05,6.58815910274796e-05,0.509307214665441
57,0.56,0.57,1,134,28,0.000190449134084135,4.25560449114481e-05,0.817360090042227
58,0.57,0.58,1,133,28,9.54925795287348e-05,4.42824395417444e-05,0.683187741012464
59,0.58,0.59,1,133,28,0.000142490864413534,7.16597323157138e-05,0.665376919746277
60,0.59,0.6,1,134,28,8.09527835552716e-05,6.81027594254473e-05,0.543104818086123
61,0.6,0.61,1,133,28,0.000131180629188995,5.34324410468077e-05,0.710570649312319
62,0.61,0.62,1,133,28,9.0397499654393e-05,7.03305253100784e-05,0.562425250197501
63,0.62,0.63,1,134,28,0.000164081807058784,6.1045509272989e-05,0.728840061403186
64,0.63,0.64,1,133,28,0.000255520767332744,8.76077403561538e-05,0.744679505220288
65,0.64,0.65,1,133,28,0.00018583774482008,4.02953970233384e-05,0.82180676085401
66,0.65,0.66,1,134,28,0.000155453630891296,3.99871878380899e-05,0.795400018798236
67,0.66,0.67,1,133,28,8.66303419227331e-05,9.91054734057016e-05,0.466417000779013
68,0.67,0.68,1,133,28,0.000203719180699512,5.18985608610517e-05,0.796968079976736
69,0.68,0.69,1,133,28,9.04821650509149e-05,6.11494152163584e-05,0.596723749046383
70,0.69,0.7,1,134,28,0.000215414382464996,6.80896663817643e-05,0.759828239989023
71,0.7,0.71,1,133,28,9.9410751249004e-05,7.41796105772632e-05,0.572674370876053
72,0.71,0.72,1,134,28,9.95175490840199e-05,5.75264195582861e-05,0.63369227067031
73,0.72,0.73,1,133,28,2.93007906751596e-05,6.08630226015033e-05,0.324972842322581
74,0.73,0.74,1,133,28,0.000135259180076136,6.57297213531615e-05,0.672968403301197
75,0.74,0.75,1,134,28,0.000104601018114818,5.45004866627706e-05,0.657448326846701
76,0.75,0.76,1,133,28,0.000189120410150982,4.08832309565904e-05,0.822249635876549
77,0.76,0.77,1,133,28,8.09434336205996e-05,5.93827574491956e-05,0.576823421226762
78,0.77,0.78,1,134,28,2.21519926638575e-05,6.79413337313244e-05,0.245878285886469
79,0.78,0.79,1,133,28,2.4714020515669e-05,6.46510782048078e-05,0.276551146583203
80,0.79,0.8,1,133,28,7.30616169818842e-05,4.1649270809849e-05,0.636919636735211
81,0.8,0.81,1,134,28,6.72639438992887e-05,5.8738268083464e-05,0.533831452962872
82,0.81,0.82,1,133,28,8.22877591105618e-05,5.5437023615283e-05,0.597479679996039
83,0.82,0.83,1,133,28,4.44317828969306e-05,6.08326881888112e-05,0.422096671732092
84,0.83,0.84,1,134,28,5.99992504918941e-05,0.000105693629451774,0.362111217526623
85,0.84,0.85,1,133,28,8.46357652674687e-05,5.09481836881717e-05,0.624231451579562
86,0.85,0.86,1,133,28,8.03400730274757e-05,7.84591982562699e-05,0.505922176959632
87,0.86,0.87,1,134,28,0.000149762793341271,5.87399212252132e-05,0.718277426999718
88,0.87,0.88,1,133,28,0.00014374863528821,4.87652936160285e-05,0.746692128234079
89,0.88,0.89,1,133,28,0.00013211762650148,7.19959464473528e-05,0.647275066487613
90,0.89,0.9,1,134,28,9.72649732636532e-05,6.30240460207642e-05,0.606809959271545
91,0.9,0.91,1,133,28,0.000144140644492971,7.98327087726418e-05,0.643561577265099
92,0.91,0.92,1,133,28,0.000137551032204912,8.02292331457163e-05,0.631604668051319
93,0.92,0.93,1,134,28,0.00010053548408195,6.45304839702701e-05,0.609062457078642
94,0.93,0.94,1,133,28,8.44441944700352e-05,4.22278204923044e-05,0.66663654553171
95,0.94,0.95,1,133,28,5.46717388713894e-05,5.18211483739143e-05,0.51338394784484
96,0.95,0.96,1,134,28,0.000303516216802824,4.71308980223702e-05,0.865588804157519
97,0.96,0.97,1,133,28,0.000269126695091442,5.56968477823851e-05,0.828531986045052
98,0.97,0.98,1,133,28,9.87708819478788e-05,6.44653909906526e-05,0.605079252116178
99,0.98,0.99,1,134,28,0.000213710421911105,7.42080350381945e-05,0.742260236372196
100,0.99,1,1,133,28,0.00021956619263467,3.86478624813372e-05,0.850326263363263
101,1,1.01,1,133,28,0.000162004561011418,4.81159813830369e-05,0.771007723306226
102,1.01,1.02,1,134,28,0.000138186047886176,3.80518168885409e-05,0.78408830056366
103,1.02,1.03,1,133,28,3.6082709332528e-05,5.84917298952412e-05,0.381527076736114
104,1.03,1.04,1,133,28,0.000130607110193183,6.25515652710606e-05,0.676164867455619
105,1.04,1.05,1,133,28,0.000227921437226308,7.65263120112461e-05,0.748638929987509
106,1.05,1.06,1,134,28,0.00017414066872277,5.44436387293091e-05,0.761822500694967
107,1.06,1.07,1,133,28,4.72554412875192e-05,0.000101295291136946,0.318109783211925
108,1.07,1.08,1,134,28,8.85681259149374e-05,4.61289783030781e-05,0.65753548622385
109,1.08,1.09,1,133,28,5.13516242880828e-05,7.23147515260362e-05,0.415243221530714
110,1.09,1.1,1,133,28,1.6502335965755e-05,7.04169252017497e-05,0.189858217201742
111,1.1,1.11,1,133,28,3.73150010807337e-05,7.57138383556889e-05,0.330136992176434
112,1.11,1.12,1,134,28,0.000125470779446497,4.89253033126982e-05,0.719458702634657
113,1.12,1.13,1,133,28,0.000111679291215326,7.49395418297015e-05,0.598435267186458
114,1.13,1.14,1,134,28,0,8.00192045106014e-05,0
115,1.14,1.15,1,133,28,1.7117749907411e-05,9.60133870963896e-05,0.151308917781282
116,1.15,1.16,1,133,28,3.59647090741936e-05,6.47383644364798e-05,0.357136160996931
117,1.16,1.17,1,134,28,4.29946790979216e-05,7.40241291755813e-05,0.36741682582711
118,1.17,1.18,1,133,28,8.24821867921119e-05,7.79929493580847e-05,0.513987330192465
119,1.18,1.19,1,133,28,5.53722897179962e-05,6.4476262317288e-05,0.462018846099152
120,1.19,1.2,1,133,28,8.59970640149195e-05,4.71864316089825e-05,0.645703610736929
121,1.2,1.21,1,134,28,7.36976677208e-06,7.55019780018272e-05,0.0889297889429791
122,1.21,1.22,1,133,28,4.75632308537687e-05,6.35999165069492e-05,0.427868695543756
123,1.22,1.23,1,133,28,8.22481736694368e-05,4.28138450599742e-05,0.65765909190537
124,1.23,1.24,1,134,28,7.0586007516994e-05,3.14420172493113e-05,0.691829599550427
125,1.24,1.25,1,211,28,0.00013381952829563,7.28208341734607e-05,0.647596271593101
126,0,0.01,-1,212,28,0,0.000225894284153792,0
127,0.01,0.02,-1,133,28,9.73893910146322e-05,6.31632941353628e-05,0.60658836645209
128,0.02,0.03,-1,133,28,9.42988261022236e-05,8.18776861728902e-05,0.53525197476363
129,0.03,0.04,-1,133,28,9.1603981523881e-05,8.67612038272908e-05,0.513575456687513
130,0.04,0.05,-1,134,28,0.000116140042724283,4.52660109226899e-05,0.719551962891703
131,0.05,0.06,-1,133,28,0.000106764238199082,9.67520046906853e-05,0.524598118966405
132,0.06,0.07,-1,133,28,0.000112263371053209,6.90299382186281e-05,0.619236151097434
133,0.07,0.08,-1,134,28,1.31718633416363e-05,0.000108634823943858,0.108137440030396
134,0.08,0.09,-1,133,28,0,9.88609221048642e-05,0
135,0.09,0.1,-1,134,28,6.45739797940963e-05,5.7642543094053e-05,0.528357199731443
136,0.1,0.11,-1,133,28,0,0.000107749316908533,0
137,0.11,0.12,-1,133,28,0,0.000143383364811744,0
138,0.12,0.13,-1,134,28,0,0.000105967597621545,0
139,0.13,0.14,-1,133,28,8.18431994411245e-05,0.000109113952866065,0.428594574501535
140,0.14,0.15,-1,133,28,0.000159471705815438,0.000120435119066665,0.569731395019067
141,0.15,0.16,-1,134,28,3.61850351765486e-05,0.000133319370199406,0.21347548517274
142,0.16,0.17,-1,133,28,9.06348859002645e-05,9.44780444721845e-05,0.489619421603376
143,0.17,0.18,-1,133,28,0,0.000153531084310469,0
144,0.18,0.19,-1,133,28,0,0.000124943408457432,0
145,0.19,0.2,-1,134,28,3.63727905222004e-05,9.79691063436035e-05,0.270747930249442
146,0.2,0.21,-1,133,28,5.3738823631254e-05,8.56037546467543e-05,0.385659748049425
147,0.21,0.22,-1,134,28,9.79666335835569e-05,4.85451650180059e-05,0.668660370827718
148,0.22,0.23,-1,133,28,0,0.000118355185766224,0
149,0.23,0.24,-1,133,28,6.96122835871771e-05,5.61979132701132e-05,0.55331193596446
150,0.24,0.25,-1,134,28,4.84965467133984e-05,7.4088522375288e-05,0.395615445452926
151,0.25,0.26,-1,133,28,0.000204084761328583,7.70080426138354e-05,0.726040505008409
152,0.26,0.27,-1,133,28,0.000142463942846858,0.00011109023727593,0.561867853166007
153,0.27,0.28,-1,134,28,2.40203781981752e-05,9.3887124960292e-05,0.203722219152516
154,0.28,0.29,-1,133,28,8.81917558498275e-05,9.1614738323411e-05,0.490481482636869
155,0.29,0.3,-1,133,28,0.000102591266541112,7.97154259314474e-05,0.56273999132837
156,0.3,0.31,-1,134,28,0.000139533043361385,4.69708428372074e-05,0.748150862726838
157,0.31,0.32,-1,133,28,1.50167002528638e-05,8.00694114255698e-05,0.157927377487555
158,0.32,0.33,-1,133,28,8.47180954287363e-05,5.17319955300175e-05,0.620872399816464
159,0.33,0.34,-1,133,28,0.000126040833630187,8.00493156144448e-05,0.611581068246861
160,0.34,0.35,-1,134,28,0.000116280791543336,6.72242929925921e-05,0.633665229698689
161,0.35,0.36,-1,133,28,6.01994648097778e-05,7.64682949357342e-05,0.440480365829328
162,0.36,0.37,-1,134,28,0.000105117674413556,9.0942874388941e-05,0.536149036894959
163,0.37,0.38,-1,133,28,5.30929311597289e-05,7.13647666243819e-05,0.426594193087405
164,0.38,0.39,-1,133,28,7.99024885040446e-05,6.70810840874961e-05,0.54361509313758
165,0.39,0.4,-1,134,28,4.00454836494717e-05,5.74818444968461e-05,0.41060782050127
166,0.4,0.41,-1,133,28,8.6457344360979e-05,4.14445985016151e-05,0.675965840908771
167,0.41,0.42,-1,133,28,8.38279280305451e-05,9.74778952110752e-05,0.4623565119518
168,0.42,0.43,-1,134,28,5.17414894792842e-05,7.06272813832566e-05,0.422832468730166
169,0.43,0.44,-1,133,28,4.01209660565701e-05,6.66741552073658e-05,0.375681637716523
170,0.44,0.45,-1,133,28,8.10198311869636e-06,8.07490980295866e-05,0.0911860949128465
171,0.45,0.46,-1,133,28,5.63500836416315e-05,6.82137912197824e-05,0.452379020035503
172,0.46,0.47,-1,134,28,8.17640753051803e-06,8.99157026716421e-05,0.0833543851148384
173,0.47,0.48,-1,133,28,3.33444417271262e-05,8.03766252842525e-05,0.293212529599198
174,0.48,0.49,-1,133,28,5.37930360832087e-05,9.87398475674718e-05,0.352665174851093
175,0.49,0.5,-1,134,28,5.48766360651864e-05,5.01432631172789e-05,0.522535600323152
176,0.5,0.51,-1,133,28,0.000155215125895518,9.44797179926974e-05,0.621619267256497
177,0.51,0.52,-1,134,28,0.000196090621097453,6.56256015291183e-05,0.749249011503746
178,0.52,0.53,-1,133,28,2.5587560266832e-06,8.25181132640647e-05,0.0300758131794756
179,0.53,0.54,-1,133,28,4.14772699109295e-05,5.26754463054988e-05,0.440531846320673
180,0.54,0.55,-1,134,28,0.000115791341943623,6.64588293429966e-05,0.635342842896545
181,0.55,0.56,-1,133,28,3.27986962425669e-05,7.12193404605413e-05,0.315317393811057
182,0.56,0.57,-1,133,28,2.11396922510566e-05,9.92297891428563e-05,0.175623355739785
183,0.57,0.58,-1,134,28,6.17166575255714e-05,7.49679908183298e-05,0.451525890239635
184,0.58,0.59,-1,133,28,0.000133265431875499,7.72400704474864e-05,0.633073389554567
185,0.59,0.6,-1,133,28,0.0002130406821386,6.88572217011166e-05,0.755737021229261
186,0.6,0.61,-1,133,28,5.32598851127767e-05,6.58411750388967e-05,0.447182292457775
187,0.61,0.62,-1,134,28,0.000165642066506989,7.45203280291515e-05,0.689708590001847
188,0.62,0.63,-1,133,28,0.000107399660642667,7.82398253564753e-05,0.578538881771969
189,0.63,0.64,-1,133,28,0.000200186841407878,0.000112955182235822,0.639284498064223
190,0.64,0.65,-1,134,28,8.45688221042931e-05,7.77881919988772e-05,0.520881851464413
191,0.65,0.66,-1,133,28,0.000269487709541174,8.51240624715622e-05,0.759951391381037
192,0.66,0.67,-1,134,28,0.000140706774522874,5.23006221075644e-05,0.72902270575823
193,0.67,0.68,-1,133,28,9.03482864782911e-05,6.57912430625273e-05,0.578638136953474
194,0.68,0.69,-1,133,28,0.000151863010371918,4.44838761604083e-05,0.77344241639867
195,0.69,0.7,-1,134,28,0.000110852162856076,8.36857307238278e-05,0.569822983153382
196,0.7,0.71,-1,133,28,3.79046182377189e-05,8.63263103555951e-05,0.305114182650961
197,0.71,0.72,-1,133,28,2.64571133300812e-05,0.000139068410301153,0.159837061678921
198,0.72,0.73,-1,134,28,0.00017263128304334,6.69146749554367e-05,0.720660388033856
199,0.73,0.74,-1,133,28,0,8.73950086768054e-05,0
200,0.74,0.75,-1,133,28,3.69677790321246e-05,6.86146217728291e-05,0.350132017744289
201,0.75,0.76,-1,133,28,0.000114985903175392,5.95481547339113e-05,0.658816419859696
202,0.76,0.77,-1,134,28,1.72079884327384e-05,6.49894004773693e-05,0.209349574979289
203,0.77,0.78,-1,133,28,7.60231379895958e-05,0.000101532056129246,0.428166229475166
204,0.78,0.79,-1,134,28,5.08705179363043e-05,5.88153680710246e-05,0.463783626025551
205,0.79,0.8,-1,133,28,5.16425224662369e-05,5.28376610657559e-05,0.494280548908334
206,0.8,0.81,-1,133,28,9.40804439729923e-06,6.10222686715792e-05,0.133579477179073
207,0.81,0.82,-1,134,28,0.000222600085303592,6.37238519202821e-05,0.777441409411547
208,0.82,0.83,-1,133,28,0.000136042372007175,6.57731894304808e-05,0.674092577589467
209,0.83,0.84,-1,133,28,5.4284583376008e-05,3.18967494469876e-05,0.629887953665105
210,0.84,0.85,-1,134,28,8.54190336730524e-05,5.9249639990456e-05,0.590445958409299
211,0.85,0.86,-1,133,28,6.32733138003964e-05,4.5924534507491e-05,0.579437367868229
212,0.86,0.87,-1,133,28,4.95702478480646e-05,5.97140889600711e-05,0.453589684449403
213,0.87,0.88,-1,134,28,6.37232592519972e-05,6.86089879076658e-05,0.481539916533822
214,0.88,0.89,-1,133,28,0.000118385006424398,3.5868949068034e-05,0.767468205573543
215,0.89,0.9,-1,133,28,3.47597553404042e-05,7.82333902629788e-05,0.307627114501391
216,0.9,0.91,-1,134,28,9.77549608320095e-06,7.37973037220711e-05,0.11696982877178
217,0.91,0.92,-1,133,28,7.46351763333727e-05,6.45566153434229e-05,0.536203862557328
218,0.92,0.93,-1,133,28,8.45722021972181e-05,6.35793218771399e-05,0.570849356600415
219,0.93,0.94,-1,134,28,7.95611546200066e-05,7.18101521662859e-05,0.525602614584888
220,0.94,0.95,-1,133,28,6.46357202763723e-05,6.43621656061309e-05,0.501060306796386
221,0.95,0.96,-1,133,28,0.000173707340141943,7.13219847046461e-05,0.708924698097665
222,0.96,0.97,-1,134,28,3.11127340891258e-05,8.02484028749445e-05,0.279385923467754
223,0.97,0.98,-1,133,28,0.000180402734346178,9.51252771390475e-05,0.654752790374098
224,0.98,0.99,-1,133,28,0.000166776515687539,0.000111741000876701,0.598800814199678
225,0.99,1,-1,134,28,0.000149342787323316,6.52215430064719e-05,0.696028026157817
226,1,1.01,-1,133,28,0.000128233010359502,4.74012709478753e-05,0.730113787610072
227,1.01,1.02,-1,133,28,2.02315980319843e-05,7.35591201228821e-05,0.215710023656904
228,1.02,1.03,-1,134,28,0.000156183591458615,4.61473878660677e-05,0.771921294405369
229,1.03,1.04,-1,133,28,6.67772311873139e-05,7.30056291858125e-05,0.477721167023364
230,1.04,1.05,-1,133,28,6.29502171133941e-05,5.35669209398796e-05,0.54026573399539
231,1.05,1.06,-1,134,28,0.00010052456949266,7.66319532798355e-05,0.567433633938241
232,1.06,1.07,-1,133,28,5.44541684438683e-05,5.41130141665851e-05,0.501571166668786
233,1.07,1.08,-1,133,28,2.64968641399048e-05,6.21055145472852e-05,0.299053643169692
234,1.08,1.09,-1,134,28,0.000153545559162316,8.15667767732838e-05,0.653073172665742
235,1.09,1.1,-1,133,28,0.000123413679969318,7.25173746665611e-05,0.629883201510202
236,1.1,1.11,-1,133,28,1.39848561596211e-05,5.31568108178295e-05,0.208288783838476
237,1.11,1.12,-1,134,28,0.000144997670712639,6.93494082845961e-05,0.676462079124061
238,1.12,1.13,-1,133,28,2.74155695245099e-05,9.40748996706684e-05,0.225660248957191
239,1.13,1.14,-1,133,28,1.01841873631598e-05,8.88217694867856e-05,0.102864390054783
240,1.14,1.15,-1,134,28,8.51992031968094e-05,0.000107218942881863,0.442781540790725
241,1.15,1.16,-1,133,28,7.21719967499602e-05,6.44980524084596e-05,0.528074711280031
242,1.16,1.17,-1,133,28,8.00948663549613e-05,5.69788172449071e-05,0.584319792475747
243,1.17,1.18,-1,134,28,0.000106223583583293,3.78572108212562e-05,0.737250124295116
244,1.18,1.19,-1,133,28,2.7247343006737e-05,6.12136589336666e-05,0.308015310804343
245,1.19,1.2,-1,133,28,6.59476758058383e-05,7.1673549253374e-05,0.479196982714432
246,1.2,1.21,-1,134,28,6.68071352481956e-06,9.6610754298135e-05,0.0646782707771232
247,1.21,1.22,-1,133,28,2.02984237416853e-05,6.30125702406227e-05,0.243646399729619
248,1.22,1.23,-1,133,28,6.74895862868859e-05,5.45303365820956e-05,0.553103007279825
249,1.23,1.24,-1,134,28,2.86008380427456e-05,6.82416345468575e-05,0.295333620445128
250,1.24,1.25,-1,211,28,0.000462814937098711,8.46384278803132e-05,0.84539609527552
1,0,0.01,1,212,30,0.000249705272138995,9.66143554660468e-05,0.721025469638613
2,0.01,0.02,1,133,30,0.000168989867868126,6.53095846230823e-05,0.721255923013593
3,0.02,0.03,1,134,30,0.000202287164890742,5.89769461622329e-05,0.774263116642628
4,0.03,0.04,1,133,30,0.000166822897151842,7.57436515875327e-05,0.687740737619533
5,0.04,0.05,1,133,30,0.000309137847331398,7.02685403576085e-05,0.814793470437808
6,0.05,0.06,1,133,30,0.00021120809642688,7.36898433412064e-05,0.741346520788492
7,0.06,0.07,1,134,30,9.01530735543e-05,0.00011228364141252,0.445339540157408
8,0.07,0.08,1,133,30,8.15159497113139e-05,0.000134100484450775,0.378060002838349
9,0.08,0.09,1,134,30,4.77833436763144e-05,0.000109448539289963,0.303903653475694
10,0.09,0.1,1,133,30,0.00013086185324968,7.507524915105e-05,0.635445734275886
11,0.1,0.11,1,133,30,8.0553327016098e-05,7.42046007134978e-05,0.520511796699983
12,0.11,0.12,1,134,30,0.000168396439913166,8.66105785464662e-05,0.660360020404
13,0.12,0.13,1,133,30,0.000124355392913875,8.67056470592858e-05,0.589191605090586
14,0.13,0.14,1,133,30,1.63123824719339e-05,0.000129238461965411,0.112073430662616
15,0.14,0.15,1,134,30,9.42687578230875e-05,0.000119116629801813,0.441777006721744
16,0.15,0.16,1,133,30,0.000133300615091807,9.77765130862061e-05,0.576866330920979
17,0.16,0.17,1,133,30,0.000240088796429163,7.67799010046282e-05,0.757691745425024
18,0.17,0.18,1,134,30,0.000178754822453454,7.84261744854128e-05,0.695054551390299
19,0.18,0.19,1,133,30,0.000168266280493812,0.000150966069615481,0.527096581647205
20,0.19,0.2,1,133,30,0.000175223261692973,9.39849886200964e-05,0.65088369873212
21,0.2,0.21,1,134,30,9.58524596083485e-05,0.000128893196232883,0.426493047216282
22,0.21,0.22,1,133,30,0.00012707514510966,9.91475745901592e-05,0.561725830536736
23,0.22,0.23,1,133,30,4.20370447955204e-05,0.00012660821831507,0.249263122012233
24,0.23,0.24,1,133,30,0.000161796189246121,8.67755987789577e-05,0.650903268353998
25,0.24,0.25,1,134,30,5.54709783184433e-05,0.000158707585194893,0.258994072088775
26,0.25,0.26,1,133,30,7.54706029826368e-05,6.89129606289847e-05,0.522709102717854
27,0.26,0.27,1,133,30,0.000177936128759092,0.000114751421779534,0.607938835907575
28,0.27,0.28,1,134,30,0.000202038342092756,6.47567181694087e-05,0.757279171114429
29,0.28,0.29,1,133,30,0.00022558151150824,5.55070122674404e-05,0.802528358248673
30,0.29,0.3,1,134,30,0.000136088292403128,8.02472873558201e-05,0.629061075181274
31,0.3,0.31,1,133,30,0.0001382687102632,4.56179792438251e-05,0.751923429770144
32,0.31,0.32,1,133,30,0.000123634517981729,6.26791596511988e-05,0.663582618047568
33,0.32,0.33,1,134,30,8.38310254971566e-05,8.07095867478506e-05,0.509485314010677
34,0.33,0.34,1,133,30,0.000176706183350071,7.21015071810682e-05,0.710211902907219
35,0.34,0.35,1,133,30,0.00013208215035241,8.54114373941153e-05,0.607292158453624
36,0.35,0.36,1,134,30,0.000166010566409309,8.26677350213817e-05,0.667571579242019
37,0.36,0.37,1,133,30,0.000108772238197131,8.42243040822404e-05,0.56359682361396
38,0.37,0.38,1,133,30,0.000204619168765604,7.91036488532446e-05,0.721193912011998
39,0.38,0.39,1,134,30,8.07331857253286e-05,8.38026584362716e-05,0.490672328189083
40,0.39,0.4,1,133,30,0.000154710910325484,7.56893703157057e-05,0.671487508152911
41,0.4,0.41,1,133,30,8.16219604829249e-05,0.000102826616756234,0.442518786019654
42,0.41,0.42,1,134,30,6.25715345970585e-05,0.000111573377431331,0.359307279599751
43,0.42,0.43,1,133,30,0.000117445581875642,7.98183741110385e-05,0.595372739475894
44,0.43,0.44,1,133,30,0.000153386296207892,6.36158261375645e-05,0.70684237808379
45,0.44,0.45,1,134,30,9.61776888430315e-05,7.74753087648289e-05,0.553849862472389
46,0.45,0.46,1,133,30,5.50295222427704e-05,6.48159900112862e-05,0.459170487136098
47,0.46,0.47,1,133,30,0.000172555476684619,0.000124495494965414,0.580895176764185
48,0.47,0.48,1,134,30,0.000293405388354622,5.08022494333373e-05,0.852408128535972
49,0.48,0.49,1,133,30,0.000210371259346834,5.30398837130956e-05,0.798642217269342
50,0.49,0.5,1,133,30,9.57808258683712e-05,9.27930410691613e-05,0.507922054226633
51,0.5,0.51,1,134,30,0.000114540313412895,0.000120874319179297,0.486547128152874
52,0.51,0.52,1,133,30,9.45494115427513e-05,3.44542586630551e-05,0.732920322281619
53,0.52,0.53,1,133,30,4.35199535155606e-05,7.75550079264939e-05,0.359446354532922
54,0.53,0.54,1,134,30,0.000127416550016859,6.67930455999228e-05,0.656077520846498
55,0.54,0.55,1,133,30,0.000225716790197188,4.10223277094597e-05,0.846208055153663
56,0.55,0.56,1,133,30,9.51800572557384e-05,8.07609439624818e-05,0.540977126404358
57,0.56,0.57,1,134,30,0.000279779370945752,5.48709571387417e-05,0.836034951906912
58,0.57,0.58,1,133,30,0.000322960843060121,8.2132749253503e-05,0.797249942206156
59,0.58,0.59,1,133,30,0.000467255575995071,7.76369976055098e-05,0.857518708518095
60,0.59,0.6,1,134,30,0.000270918898937593,5.96612413931109e-05,0.819525633531926
61,0.6,0.61,1,133,30,0.00023234474281514,5.34084763269882e-05,0.81309580172945
62,0.61,0.62,1,133,30,0.000354558916395619,0.000110339534705004,0.762658846370038
63,0.62,0.63,1,134,30,0.000114696170729762,0.000140887308557239,0.448762068071571
64,0.63,0.64,1,133,30,0.000416996740455874,8.11316731937354e-05,0.837126991814595
65,0.64,0.65,1,133,30,0.00050517191356079,7.18442337694342e-05,0.875490080993664
66,0.65,0.66,1,134,30,0.000322663489253612,6.7920944515342e-05,0.826104323052669
67,0.66,0.67,1,133,30,0.000304039502273646,8.71196669579461e-05,0.777278218662016
68,0.67,0.68,1,133,30,0.000161944146613176,6.27730725812267e-05,0.720657487635953
69,0.68,0.69,1,133,30,0.000105919577237155,5.24050306294999e-05,0.669002618508698
70,0.69,0.7,1,134,30,0.00013771136595636,6.28352181179081e-05,0.686680187508761
71,0.7,0.71,1,133,30,0.000124841577625657,9.28371343721272e-05,0.573513029730385
72,0.71,0.72,1,134,30,5.2037575444865e-05,9.36312416545027e-05,0.357232086324746
73,0.72,0.73,1,133,30,9.08587230006291e-05,5.96488256270434e-05,0.603682166303808
74,0.73,0.74,1,133,30,0.000171714140296201,3.6267570831143e-05,0.825621346057024
75,0.74,0.75,1,134,30,0.000120365789540952,5.1999651250632e-05,0.698317417854619
76,0.75,0.76,1,133,30,0.000161202488008385,6.9836677918362e-05,0.697727969029699
77,0.76,0.77,1,133,30,9.15088303398689e-05,7.33000884627578e-05,0.555241979649528
78,0.77,0.78,1,134,30,0.000116606278210857,9.75467199147548e-05,0.54449986332884
79,0.78,0.79,1,133,30,9.55704017917632e-05,0.000105426138437494,0.475482820165736
80,0.79,0.8,1,133,30,9.2477197306697e-05,5.73824354083829e-05,0.617092112340345
81,0.8,0.81,1,134,30,9.57287238856778e-05,7.04910865880921e-05,0.575916454319289
82,0.81,0.82,1,133,30,7.69752763558525e-05,7.12098422435442e-05,0.519453485501113
83,0.82,0.83,1,133,30,0.000142341257925789,6.1947257718811e-05,0.696765833735948
84,0.83,0.84,1,134,30,8.2769610939035e-05,7.66865530905585e-05,0.519074389144805
85,0.84,0.85,1,133,30,6.03528072305945e-05,7.9290533876926e-05,0.432192518110298
86,0.85,0.86,1,133,30,9.02140274157597e-05,5.39864233517956e-05,0.625615432792098
87,0.86,0.87,1,134,30,4.39073827950696e-05,7.52371259389854e-05,0.36852208516866
88,0.87,0.88,1,133,30,9.76804128604675e-05,3.32235141982269e-05,0.746199255096982
89,0.88,0.89,1,133,30,0.0001833302352846,8.25090754176326e-05,0.689628011750109
90,0.89,0.9,1,134,30,0.000148664868094325,6.19851026527245e-05,0.705743597148861
91,0.9,0.91,1,133,30,0.000147073224662386,5.29630808419902e-05,0.735232658349453
92,0.91,0.92,1,133,30,0.000379814785046908,5.58276318737958e-05,0.871849871120429
93,0.92,0.93,1,134,30,0.000178357519112291,5.11816370612969e-05,0.777024373904246
94,0.93,0.94,1,133,30,0.000235744964248264,4.13059095410346e-05,0.850908575107226
95,0.94,0.95,1,133,30,0.000154866506268391,5.96182339911259e-05,0.722039740827294
96,0.95,0.96,1,134,30,0.000340331715089167,9.53467702996833e-05,0.781153365389194
97,0.96,0.97,1,133,30,0.000388290847103309,3.10621370586883e-05,0.92592842251794
98,0.97,0.98,1,133,30,0.000202720951395951,8.09183316490603e-05,0.714713946600199
99,0.98,0.99,1,134,30,0.000347801807633219,4.74872189147779e-05,0.879867095402377
100,0.99,1,1,133,30,0.0004275139476527,3.45303804133377e-05,0.925266087438254
101,1,1.01,1,133,30,0.000234003918513643,5.00172138105047e-05,0.823896153778371
102,1.01,1.02,1,134,30,0.000267091172384285,5.03747885531198e-05,0.841322236864782
103,1.02,1.03,1,133,30,0.000151389423908912,0.000100183686330916,0.601771086602183
104,1.03,1.04,1,133,30,0.000233626798470588,8.80256130288028e-05,0.726333116489103
105,1.04,1.05,1,133,30,0.000154225520421143,9.10080319638156e-05,0.62889241264607
106,1.05,1.06,1,134,30,0.000116708307430026,6.76532101748723e-05,0.633040500784667
107,1.06,1.07,1,133,30,0.000237802874156724,3.09827156717612e-05,0.884730741363287
108,1.07,1.08,1,134,30,0.000106531993732549,7.06932100556152e-05,0.601110854751143
109,1.08,1.09,1,133,30,0.000159843896122082,5.50042530370256e-05,0.743985446221872
110,1.09,1.1,1,133,30,0.000203007761314812,5.66153396611242e-05,0.781932580543471
111,1.1,1.11,1,133,30,0.00026855349835708,7.06176370149116e-05,0.791793494049957
112,1.11,1.12,1,134,30,0.00012223646245527,6.56522346525735e-05,0.650579115917277
113,1.12,1.13,1,133,30,0.000206045831686754,6.7079582653339e-05,0.754400069962687
114,1.13,1.14,1,134,30,6.9237744972162e-05,8.16252091606562e-05,0.458944645291818
115,1.14,1.15,1,133,30,6.86666873157676e-05,5.10322015974022e-05,0.573661860517174
116,1.15,1.16,1,133,30,0.000129648897478043,4.4737123886549e-05,0.74345923178661
117,1.16,1.17,1,134,30,0.000113638817571305,5.38192305451411e-05,0.678610666071321
118,1.17,1.18,1,133,30,0.000171012245870034,6.5589684447947e-05,0.722784660464106
119,1.18,1.19,1,133,30,0.000199799518373256,7.63063628334294e-05,0.723633692625661
120,1.19,1.2,1,133,30,0.000153282166894665,4.35225521921667e-05,0.778854123040799
121,1.2,1.21,1,134,30,0.00017546802150853,6.08844846557535e-05,0.742399665466488
122,1.21,1.22,1,133,30,0.000171052973994745,6.63706086857571e-05,0.720454859890346
123,1.22,1.23,1,133,30,0.000218476513573042,4.93367916309838e-05,0.8157791615566
124,1.23,1.24,1,134,30,0.000155697795427123,5.66015460669246e-05,0.733388028108832
125,1.24,1.25,1,211,30,0.000368156171794166,9.03528988704924e-05,0.802941959818775
126,0,0.01,-1,212,30,0.000332237541671317,0.000126923535178176,0.723575142629565
127,0.01,0.02,-1,133,30,0,0.000128304537739796,0
128,0.02,0.03,-1,133,30,0.000180307050343596,6.181026938318e-05,0.744709426599751
129,0.03,0.04,-1,133,30,7.25551767710399e-05,6.62261590909064e-05,0.522802121195999
130,0.04,0.05,-1,134,30,0.000116283993640959,7.75411144978482e-05,0.599942880246879
131,0.05,0.06,-1,133,30,7.75571080692996e-05,8.50376152473096e-05,0.47699646389064
132,0.06,0.07,-1,133,30,0.000209914523175475,7.9049199155206e-05,0.726439019688621
133,0.07,0.08,-1,134,30,0.000131243317485464,7.389274246602e-05,0.639786673861748
134,0.08,0.09,-1,133,30,0.00014247498023958,0.000106039559644481,0.573306416220348
135,0.09,0.1,-1,134,30,0.000143223464653672,9.35854240432816e-05,0.604806117885873
136,0.1,0.11,-1,133,30,6.85963023334812e-05,5.68818343140778e-05,0.54667931933157
137,0.11,0.12,-1,133,30,3.88656316362797e-05,7.56426124430173e-05,0.33941339288519
138,0.12,0.13,-1,134,30,8.7496653127248e-05,4.05724901603362e-05,0.683198551041845
139,0.13,0.14,-1,133,30,0.000171403908440135,6.2436050445099e-05,0.732996658301065
140,0.14,0.15,-1,133,30,0.000134429786714971,4.42009131998852e-05,0.752557017237499
141,0.15,0.16,-1,134,30,7.51716675683043e-05,5.64030274552301e-05,0.571323137438081
142,0.16,0.17,-1,133,30,1.83179204590376e-05,8.03292390622571e-05,0.185691311822145
143,0.17,0.18,-1,133,30,0.000242507978991947,5.56098487789885e-05,0.81346352482577
144,0.18,0.19,-1,133,30,0.000189877706812805,4.05112711915062e-05,0.824161418039937
145,0.19,0.2,-1,134,30,0.000102090901687853,8.42277305446328e-05,0.547937157248265
146,0.2,0.21,-1,133,30,8.86080917204444e-05,5.53751344718727e-05,0.615405655670552
147,0.21,0.22,-1,134,30,0.000135243796685542,5.95788348658672e-05,0.694189353714044
148,0.22,0.23,-1,133,30,4.37835483788385e-05,8.14682898002772e-05,0.349564118302408
149,0.23,0.24,-1,133,30,2.61290995875548e-05,7.15369625049715e-05,0.267535098966115
150,0.24,0.25,-1,134,30,0.000122644214474588,4.3865340068172e-05,0.73655962152666
151,0.25,0.26,-1,133,30,0.000197402632796192,6.14777064684737e-05,0.762524621826835
152,0.26,0.27,-1,133,30,0.000334502904894959,4.85205866891645e-05,0.873322164944789
153,0.27,0.28,-1,134,30,0.000128363513204601,8.65724382930508e-05,0.597217507402448
154,0.28,0.29,-1,133,30,0.000171887585683744,5.68008087353607e-05,0.751623562360296
155,0.29,0.3,-1,133,30,2.85657322774738e-05,7.65006319600787e-05,0.271882752246831
156,0.3,0.31,-1,134,30,5.58777103652451e-05,9.81432815235939e-05,0.36279282245873
157,0.31,0.32,-1,133,30,0.000115276022263267,4.9869835048829e-05,0.698025515986247
158,0.32,0.33,-1,133,30,4.90338599464197e-05,7.81832141850768e-05,0.385434583220617
159,0.33,0.34,-1,133,30,8.58571922747178e-05,4.98625583790095e-05,0.632606469295483
160,0.34,0.35,-1,134,30,4.77177318971748e-05,8.29020262228509e-05,0.365317870618986
161,0.35,0.36,-1,133,30,0.000159637817140005,7.29010709058742e-05,0.686499443088886
162,0.36,0.37,-1,134,30,0.000103587359251774,6.84576115260785e-05,0.602094666199384
163,0.37,0.38,-1,133,30,6.15300414685114e-05,5.01711755787131e-05,0.550844861811112
164,0.38,0.39,-1,133,30,0.000116234505598387,4.84521766568713e-05,0.70579177384986
165,0.39,0.4,-1,134,30,0.000129500766418969,5.76500119034406e-05,0.691959539681286
166,0.4,0.41,-1,133,30,4.20920316392559e-05,6.15867059530655e-05,0.405985186709809
167,0.41,0.42,-1,133,30,1.53623192104034e-05,0.000113297923415283,0.119402224781259
168,0.42,0.43,-1,134,30,7.86154852840961e-05,8.41743296624336e-05,0.482926313970676
169,0.43,0.44,-1,133,30,4.41459368147186e-05,7.82409942298073e-05,0.360707932112929
170,0.44,0.45,-1,133,30,6.31218223205639e-05,0.00010010499180433,0.386712334361104
171,0.45,0.46,-1,133,30,3.76316660021176e-05,6.66110858791355e-05,0.361000312472423
172,0.46,0.47,-1,134,30,0.000122330916595315,5.57682602576762e-05,0.686869634980351
173,0.47,0.48,-1,133,30,0.00013760231243625,5.38892689198521e-05,0.718581524377103
174,0.48,0.49,-1,133,30,9.3600662842855e-05,6.34605393342253e-05,0.595950250892158
175,0.49,0.5,-1,134,30,0.00012781999581341,7.04399571169238e-05,0.644709099967983
176,0.5,0.51,-1,133,30,1.0619549030344e-05,0.000106791966256363,0.0904472530178339
177,0.51,0.52,-1,134,30,7.75697859244436e-05,7.30210529546174e-05,0.515102953817394
178,0.52,0.53,-1,133,30,0.000133175540017979,8.17224241166786e-05,0.619715224172759
179,0.53,0.54,-1,133,30,5.12221549198501e-05,8.64875221793765e-05,0.371957555916292
180,0.54,0.55,-1,134,30,8.4576016398684e-05,6.25445181241612e-05,0.574875673698364
181,0.55,0.56,-1,133,30,6.67950594604128e-05,7.36404373429947e-05,0.475628035509553
182,0.56,0.57,-1,133,30,3.06157962684793e-06,8.31381364517169e-05,0.0355172820297635
183,0.57,0.58,-1,134,30,8.66012299990052e-05,6.46932639239979e-05,0.572401729590228
184,0.58,0.59,-1,133,30,0.000230288264599972,5.91259498083799e-05,0.795704748195417
185,0.59,0.6,-1,133,30,0.00046404321581525,5.31576763507917e-05,0.897220447304012
186,0.6,0.61,-1,133,30,0.000316016302551681,6.52264279995271e-05,0.828911024991292
187,0.61,0.62,-1,134,30,0.000249761701812234,5.50166575803071e-05,0.81948633856432
188,0.62,0.63,-1,133,30,0.000466729237252409,8.46410964685808e-05,0.846489570997826
189,0.63,0.64,-1,133,30,0.000419990111278892,6.49673857093946e-05,0.866034887360523
190,0.64,0.65,-1,134,30,0.000277945269716832,7.42112482495539e-05,0.78926629364095
191,0.65,0.66,-1,133,30,0.000290084307339137,6.90803771165009e-05,0.807663781807498
192,0.66,0.67,-1,134,30,0.000355676862627113,0.000103501775802504,0.774593661071694
193,0.67,0.68,-1,133,30,0.000244183375214127,7.00148539747191e-05,0.77716343546724
194,0.68,0.69,-1,133,30,0.000463251604887997,4.71081833545049e-05,0.907696130377496
195,0.69,0.7,-1,134,30,0.00025180989644931,5.16647279118976e-05,0.829756019895739
196,0.7,0.71,-1,133,30,0.000132386257785357,6.94356036043094e-05,0.655955984519205
197,0.71,0.72,-1,133,30,9.40157971201629e-05,5.98451283484671e-05,0.611044011556601
198,0.72,0.73,-1,134,30,7.39988257746045e-05,8.48691989619331e-05,0.465788039458048
199,0.73,0.74,-1,133,30,0.000130703856697672,6.65718412242689e-05,0.662544135311536
200,0.74,0.75,-1,133,30,8.12285701906903e-06,6.54317247083987e-05,0.110433052956043
201,0.75,0.76,-1,133,30,6.24338990500398e-05,6.17929116054752e-05,0.502579907836249
202,0.76,0.77,-1,134,30,0.000123159540485254,6.57778433487605e-05,0.65185374109685
203,0.77,0.78,-1,133,30,2.45155662338922e-05,0.000101018968680825,0.195289417772942
204,0.78,0.79,-1,134,30,0,0.000105550311670785,0
205,0.79,0.8,-1,133,30,4.89442161023039e-06,0.000116576377560397,0.0402929892916512
206,0.8,0.81,-1,133,30,9.46216088465635e-05,6.26667301102573e-05,0.601580571542174
207,0.81,0.82,-1,134,30,0.000198302108217048,5.56327297278171e-05,0.78091730076085
208,0.82,0.83,-1,133,30,7.90394599969649e-05,6.35449032395206e-05,0.554334698440058
209,0.83,0.84,-1,133,30,1.76913274328389e-05,0.000103362259215271,0.146144595320962
210,0.84,0.85,-1,134,30,4.46415440625532e-05,6.71453967176706e-05,0.399344894412307
211,0.85,0.86,-1,133,30,0.000116308159754796,4.63664403354462e-05,0.714974308775157
212,0.86,0.87,-1,133,30,5.9099849320967e-05,8.33020290175778e-05,0.415021557373447
213,0.87,0.88,-1,134,30,0.000125644216814721,5.04843468247268e-05,0.713366498984951
214,0.88,0.89,-1,133,30,0.000112136432895838,6.35168493351774e-05,0.63839645619806
215,0.89,0.9,-1,133,30,7.06337086583702e-05,7.11544755926175e-05,0.498163574288654
216,0.9,0.91,-1,134,30,9.11278646689942e-05,5.46298747239121e-05,0.625200864451862
217,0.91,0.92,-1,133,30,0.000118254877330377,6.52085720568221e-05,0.644569137478715
218,0.92,0.93,-1,133,30,0.000127442288014607,7.55237188254437e-05,0.627899666543862
219,0.93,0.94,-1,134,30,0.000155411683406851,9.63126036962794e-05,0.617388513422145
220,0.94,0.95,-1,133,30,0.000203625500608935,7.08822699562433e-05,0.741784103924252
221,0.95,0.96,-1,133,30,0.00015165439656906,0.000101933959097033,0.598033755022835
222,0.96,0.97,-1,134,30,0.000290802691710958,0.00010297304248209,0.738498252836454
223,0.97,0.98,-1,133,30,0.00046388894155025,9.10187472155462e-05,0.835974975553165
224,0.98,0.99,-1,133,30,0.000151864047484185,0.00013723217154889,0.52530623884365
225,0.99,1,-1,134,30,6.54531024619136e-05,0.00010167862949784,0.391625825296152
226,1,1.01,-1,133,30,0.000399003428366365,4.2578548001123e-05,0.903577251156445
227,1.01,1.02,-1,133,30,8.40882518457961e-05,4.69157728595058e-05,0.641875331959881
228,1.02,1.03,-1,134,30,0.000290122347167212,5.14549338905305e-05,0.849360783799224
229,1.03,1.04,-1,133,30,0.000121687214140445,4.43886772670474e-05,0.732720523786724
230,1.04,1.05,-1,133,30,0.000120771815323094,5.30990099002272e-05,0.694606557298923
231,1.05,1.06,-1,134,30,0.000113850185157814,7.58828432964207e-05,0.600054645653198
232,1.06,1.07,-1,133,30,0.000127894815713786,5.21114889012451e-05,0.71050186818349
233,1.07,1.08,-1,133,30,9.93869363540553e-05,5.01076476761454e-05,0.664819645466068
234,1.08,1.09,-1,134,30,5.13205983334392e-05,6.6458319479781e-05,0.435736711512548
235,1.09,1.1,-1,133,30,5.11281823830746e-05,7.34436652304884e-05,0.410431276107267
236,1.1,1.11,-1,133,30,8.01740109377339e-05,6.9489806488735e-05,0.535694012864025
237,1.11,1.12,-1,134,30,4.96999983600783e-05,7.25132437832075e-05,0.406666229358426
238,1.12,1.13,-1,133,30,2.99151997594301e-05,5.75594380324824e-05,0.341987123520229
239,1.13,1.14,-1,133,30,0.000124975224983382,8.43492719319974e-05,0.597040608361781
240,1.14,1.15,-1,134,30,6.60496102224886e-05,8.92782221073506e-05,0.425227142050319
241,1.15,1.16,-1,133,30,3.21957001155596e-05,9.02864916784477e-05,0.262860254572411
242,1.16,1.17,-1,133,30,0.000146059917169839,4.55397515511358e-05,0.762318213517086
243,1.17,1.18,-1,134,30,0.000114266003633466,7.22285844988955e-05,0.612704126043419
244,1.18,1.19,-1,133,30,9.41292920513437e-05,9.03573069663124e-05,0.510222924334657
245,1.19,1.2,-1,133,30,7.36767075730451e-05,6.94099206854386e-05,0.514909803031695
246,1.2,1.21,-1,134,30,0.000187917409482976,6.13980274993833e-05,0.753733550386904
247,1.21,1.22,-1,133,30,7.6201608606747e-05,6.42201886704034e-05,0.542662251048873
248,1.22,1.23,-1,133,30,5.52359530210465e-05,8.05047427615566e-05,0.406922571765141
249,1.23,1.24,-1,134,30,0.000117127825168596,4.18169478149483e-05,0.736908946233309
250,1.24,1.25,-1,211,30,0.00048479522245476,0.000124673106238729,0.795439565324109
